Coordinate_ECID,TEST_NUM,Test_Name,Mean,Std,EV (6-Sigma) [Units],CV (%),Cp,CPKn,P5,P95,Kurtosis (excess),Max,Min,Ext_Drift,LO_LIMIT,HI_LIMIT,UNITS,Dist,Dist_Repeat,Trend
w1_x-1_y-1,2030,Clock_MHz,103.13289603791307,2.923299182037522,17.539795092225134,2.834497327567411,1.1402641761114645,0.7830312641600826,99.43622728605045,106.59640419742628,-1.7831481750672935,107.35135201635512,98.80086177672882,0.08290749671649889,90.0,110.0,MHz,Double,Stable Non-Normal Distribution,Step Shift / Discontinuity
w1_x-1_y-1,1060,Rst_V,3304.3832593566926,83.51569325564132,501.0941595338479,2.527421509570909,1.1973797510594837,1.1798849977349977,3175.0005481333587,3449.9104450046107,-0.2606337148540798,3508.8734273142486,3127.1012830425975,0.11553506791036572,3000.0,3600.0,mV,Normal,Normal Distribution,Stable / Random Noise
w1_x-1_y-1,1020,Standby_uA,7.044677386129074,1.115623450396653,6.693740702379918,15.836402282854126,1.3445396826919374,0.8830107843347382,5.418881916226973,8.68329560265726,-1.0806196979192197,9.0716345238066,5.038387714118399,0.5725239906130604,1.0,10.0,uA,Double,Normal Distribution,Thermal / Upward-Downward Drift
w1_x-1_y-1,1080,Temp_Sensor_C,34.731241783096365,2.8029138340095234,16.81748300405714,8.070295474933744,1.783857905060028,1.751896140408469,30.674792496651353,39.678115426948786,-0.38286366382546255,41.90079674158211,30.57487659556527,0.3261017909106016,20.0,50.0,C,Double,Normal Distribution,Stable / Random Noise
w1_x-1_y-1,1010,VCC_mA,15.192946742545622,0.7670324514026557,4.602194708415935,5.048608834089398,0.8691505365223435,0.7853006541204605,13.968640582319617,16.431485173216625,0.20170048459131085,17.10613507749863,13.356654293534879,0.24679088576437122,13.0,17.0,mA,Normal,Normal Distribution,Stable / Random Noise
w1_x-1_y-1,1040,VRef_Volts,1.2502730664341943,0.02137164817069704,0.12822988902418225,1.7093584389248215,0.7798493842659536,0.7755903704545505,1.2199753972889937,1.2800789287202257,-1.4504803386328025,1.2822665334594727,1.217615401956818,0.05170960907527281,1.2,1.3,V,Double,Stable Non-Normal Distribution,Cyclic / Oscillatory
w1_x-1_y-2,2030,Clock_MHz,102.92843011723387,3.181269452073823,19.087616712442937,3.0907587422157388,1.0477997489839732,0.7409589148084972,98.73687308451369,106.84772759737486,-1.7053912764148242,108.08298357451244,98.32404581095541,0.09481284959307891,90.0,110.0,MHz,Double,Stable Non-Normal Distribution,Step Shift / Discontinuity
w1_x-1_y-2,1060,Rst_V,3282.057948650459,109.4850236283554,656.9101417701324,3.3358650377691923,0.9133669308000324,0.8587413428887426,3131.0498509947765,3486.390449071608,0.4183825415578588,3557.4440412618233,3009.169493497553,0.1670520619508604,3000.0,3600.0,mV,Normal,Normal Distribution,Stable / Random Noise
w1_x-1_y-2,1020,Standby_uA,7.015305956733939,1.1864383000600414,7.118629800360248,16.91213907671679,1.264288248216608,0.8385585785385319,5.19407587250157,8.891300677488166,-1.096355737786395,9.10479991319905,4.864788966632645,0.6043943019329686,1.0,10.0,uA,Double,Normal Distribution,Thermal / Upward-Downward Drift
w1_x-1_y-2,1080,Temp_Sensor_C,35.17306458795663,2.327900351980577,13.967402111883462,6.6184177558916994,2.1478582602326606,2.1230770465795663,31.998296894792734,39.240309714020846,-0.6478724843128196,40.284497478478926,31.0845856972237,0.2615612796049993,20.0,50.0,C,Double,Normal Distribution,Stable / Random Noise
w1_x-1_y-2,1010,VCC_mA,15.153695615187933,0.7422713689428329,4.453628213656997,4.898286119716463,0.8981441216251613,0.8291237149748587,13.82830714684068,16.217654985602753,0.5420382776180261,16.83339070183157,13.211037958784585,0.23904088052398562,13.0,17.0,mA,Normal,Normal Distribution,Stable / Random Noise
w1_x-1_y-2,1040,VRef_Volts,1.2500816493239864,0.021880814571008045,0.13128488742604827,1.7503508337107943,0.7617022946097226,0.7604584450610479,1.2198273883241286,1.2800007394392001,-1.4440033252923272,1.2824014043582899,1.21790362581989,0.05159485268284564,1.2,1.3,V,Double,Stable Non-Normal Distribution,Cyclic / Oscillatory
w1_x-1_y-3,2030,Clock_MHz,103.17047154220832,3.109444273832153,18.656665642992916,3.013889756779914,1.0720029174940815,0.7321274431861537,99.23174684376026,107.03431323823474,-1.7412686553608947,108.10812742193237,98.68200633987233,0.09136452456945195,90.0,110.0,MHz,Double,Stable Non-Normal Distribution,Step Shift / Discontinuity
w1_x-1_y-3,1060,Rst_V,3298.2893339858792,108.70664063168816,652.2398437901289,3.295849139478604,0.9199070030948031,0.9146614909403166,3099.691674570659,3444.608774917867,-0.691037217151425,3506.674752342448,3074.0959689365495,0.13115246711335068,3000.0,3600.0,mV,Double,Normal Distribution,Stable / Random Noise
w1_x-1_y-3,1020,Standby_uA,7.007718119448701,1.1385576202889474,6.831345721733684,16.247194891145504,1.3174563792558205,0.8760446337919804,5.2489201605914575,8.717790266317182,-1.2304714463539053,8.866084570175918,5.16829826829838,0.5276733793865047,1.0,10.0,uA,Double,Normal Distribution,Thermal / Upward-Downward Drift
w1_x-1_y-3,1080,Temp_Sensor_C,34.61390688209673,3.169098199314483,19.0145891958869,9.155563427466284,1.5777359000997713,1.537125701906608,29.523584133393992,39.49366701319277,-0.8118228817456696,40.80651395795493,28.872201226216227,0.3447837533159673,20.0,50.0,C,Double,Normal Distribution,Stable / Random Noise
w1_x-1_y-3,1010,VCC_mA,14.92593154314407,0.8132945499824178,4.879767299894507,5.448869624194334,0.8197112186243951,0.7893538461088938,13.814053034464425,16.370470546897913,-0.2864273024945003,16.771278462403593,13.006029793936882,0.252262222802181,13.0,17.0,mA,Normal,Normal Distribution,Stable / Random Noise
w1_x-1_y-3,1040,VRef_Volts,1.2501594559230513,0.020710188161161224,0.12426112896696734,1.6566037286715494,0.8047568924517284,0.8021904273893722,1.2211695588012075,1.2780613480784442,-1.50848616378367,1.2822891423226623,1.2201276328346649,0.0497228647061672,1.2,1.3,V,Flat,Stable Non-Normal Distribution,Cyclic / Oscillatory
w1_x-1_y-4,2030,Clock_MHz,102.92351364414088,3.134916035436657,18.809496212619944,3.0458696214702328,1.063292699279277,0.7524376278734416,98.72850991793776,106.44821562541746,-1.766739173343458,107.02972014064586,97.79550633708226,0.0897191854087978,90.0,110.0,MHz,Double,Stable Non-Normal Distribution,Step Shift / Discontinuity
w1_x-1_y-4,1060,Rst_V,3301.0548146496694,92.01950755291826,552.1170453175096,2.7875789018875774,1.0867260938393128,1.0829051118261137,3150.0519622053916,3427.7262687568723,-0.8094082162665299,3487.26056972599,3129.192056953226,0.10847093819336198,3000.0,3600.0,mV,Normal,Normal Distribution,Stable / Random Noise
w1_x-1_y-4,1020,Standby_uA,7.073943190938319,1.2117712398970872,7.270627439382523,17.130067448793753,1.2378574029594822,0.8048980183504447,5.165633827603241,8.852314673154382,-1.044630256310466,9.142461854666367,4.866519291022451,0.6044637973798509,1.0,10.0,uA,Double,Normal Distribution,Thermal / Upward-Downward Drift
w1_x-1_y-4,1080,Temp_Sensor_C,34.60018168806579,3.0401664974309894,18.240998984585936,8.786562234959582,1.6446467666244975,1.6008094403605064,29.61175157919377,38.93357009739804,-0.5759239212105234,40.09248075750115,27.201843768799293,0.37255980633038305,20.0,50.0,C,Double,Normal Distribution,Stable / Random Noise
w1_x-1_y-4,1010,VCC_mA,15.07644074379237,0.6252052440753199,3.7512314644519194,4.146902141559798,1.0663164984367146,1.0255614853074257,14.218299002870918,16.226907923599267,0.30429751432409713,16.567935734085616,13.454457632983685,0.20651280723428614,13.0,17.0,mA,Double,Normal Distribution,Stable / Random Noise
w1_x-1_y-4,1040,VRef_Volts,1.250356163666422,0.021478328578287017,0.1288699714697221,1.717776838505444,0.775975961347171,0.7704484724781961,1.2210326479623177,1.2806113785895115,-1.4423237605784451,1.2823713437037911,1.2203983084782857,0.049564305776509145,1.2,1.3,V,Flat,Stable Non-Normal Distribution,Cyclic / Oscillatory
w1_x-1_y-5,2030,Clock_MHz,103.40660374231014,3.0403823073618774,18.242293844171265,2.940220640974273,1.0963533517683333,0.7228692086655064,99.73991985367238,107.19967096989242,-1.816029462537788,107.34638019656796,99.63709122329617,0.07455315902728407,90.0,110.0,MHz,Double,Stable Non-Normal Distribution,Step Shift / Discontinuity
w1_x-1_y-5,1060,Rst_V,3313.744415168004,108.62912781709225,651.7747669025536,3.278138389909134,0.920563406974768,0.8783880547949906,3153.22535957683,3467.668319349735,-0.024345264905480057,3558.4409153716997,3014.9805062423497,0.16400190872952314,3000.0,3600.0,mV,Double,Normal Distribution,Stable / Random Noise
w1_x-1_y-5,1020,Standby_uA,7.036628883334788,1.15468255662696,6.928095339761761,16.409598627002406,1.2990583354630172,0.8554648778165096,5.26398800475851,8.730911957508347,-1.0945556950621156,9.239944619462644,4.880348345458414,0.6195575106041599,1.0,10.0,uA,Flat,Normal Distribution,Thermal / Upward-Downward Drift
w1_x-1_y-5,1080,Temp_Sensor_C,34.85446942993585,2.8750309445827935,17.250185667496762,8.248672240907744,1.7391117161438303,1.7222387881801198,29.818990226704003,39.23871115336104,-0.317088883434689,39.9036103085611,27.854979834419048,0.3456839444468407,20.0,50.0,C,Double,Normal Distribution,Stable / Random Noise
w1_x-1_y-5,1010,VCC_mA,15.240150357073652,0.7272801789850509,4.363681073910305,4.772132570512907,0.916657274500492,0.8065894886077649,14.181058508795568,16.576037996231072,-0.35357854180977677,16.981584892692446,13.78110132232113,0.21000341173706502,13.0,17.0,mA,Double,Normal Distribution,Stable / Random Noise
w1_x-1_y-5,1040,VRef_Volts,1.2499610005202015,0.021419897995762816,0.1285193879745769,1.7136453046813784,0.7780927187404721,0.7774858145151552,1.2193025159699815,1.2785688917276639,-1.4529160829712107,1.280588391220006,1.2160884544433246,0.05160155936852286,1.2,1.3,V,Double,Stable Non-Normal Distribution,Cyclic / Oscillatory
w1_x-1_y-6,2030,Clock_MHz,102.94933710917425,3.1986149681613174,19.191689808967904,3.1069796639577154,1.042117718610395,0.7347620726478301,98.82848029829091,106.9132239655411,-1.7567994624080017,107.38484952614299,98.4725040184934,0.08657020781200711,90.0,110.0,MHz,Double,Stable Non-Normal Distribution,Step Shift / Discontinuity
w1_x-1_y-6,1060,Rst_V,3273.9528872466744,126.258918352499,757.553510114994,3.8564671728883697,0.7920232590684216,0.7232568619610498,3037.9789248380644,3453.7541769779655,-0.07379603602098772,3538.149855351551,2965.3624036042334,0.17495286935207552,3000.0,3600.0,mV,Normal,Normal Distribution,Stable / Random Noise
w1_x-1_y-6,1020,Standby_uA,7.054251482140124,1.20828434259988,7.24970605559928,17.12845573565106,1.2414296429368867,0.8126532290463665,5.245411693671829,8.920581866937507,-1.1338628064683196,9.05356786358508,4.812975293946942,0.6011399764205207,1.0,10.0,uA,Double,Normal Distribution,Thermal / Upward-Downward Drift
w1_x-1_y-6,1080,Temp_Sensor_C,35.55590016826532,3.092680353312472,18.55608211987483,8.698079189885846,1.6167205882252458,1.5568049050897512,30.796013636238264,40.905718754346566,0.3689874046652095,43.99218178734549,29.47257176761875,0.4083600738840502,20.0,50.0,C,Normal,Normal Distribution,Stable / Random Noise
w1_x-1_y-6,1010,VCC_mA,15.403883698190477,0.6382444451063841,3.829466670638305,4.143399532296909,1.0445318745477605,0.8335971763626703,14.39245762631522,16.647860382080026,0.41066882285363615,17.147441643939622,14.28059890356122,0.18611168433550143,13.0,17.0,mA,Double,Normal Distribution,Stable / Random Noise
w1_x-1_y-6,1040,VRef_Volts,1.250227632369027,0.02161810122539305,0.12970860735235828,1.7291332126797916,0.7709588595639327,0.7674489557314365,1.2204619228763443,1.280530100456782,-1.431057538975512,1.283956643009448,1.2195874208765107,0.05148600180190031,1.2,1.3,V,Double,Stable Non-Normal Distribution,Cyclic / Oscillatory
w1_x-1_y-7,2030,Clock_MHz,103.0681424282319,2.967057931399663,17.80234758839798,2.878734264048346,1.123447337531723,0.7787576933151993,99.41333482790742,106.79718992407707,-1.8036192871569523,107.2414763716597,99.02915177606698,0.07967859323079486,90.0,110.0,MHz,Flat,Stable Non-Normal Distribution,Step Shift / Discontinuity
w1_x-1_y-7,1060,Rst_V,3283.192136032056,103.66350078003589,621.9810046802154,3.157399764770384,0.9646596849183253,0.9106134557201028,3122.177232817515,3454.0296305861802,-0.17180226161587964,3511.7057376844396,3026.917128527086,0.1476577029522406,3000.0,3600.0,mV,Double,Normal Distribution,Stable / Random Noise
w1_x-1_y-7,1020,Standby_uA,7.007331369743926,1.1545808329551368,6.92748499773082,16.476755158752106,1.2991727882410509,0.8639985885891801,5.195968434714428,8.70219917240445,-1.1155961013566822,9.150476645297221,5.182482944254923,0.5662631737632957,1.0,10.0,uA,Double,Normal Distribution,Thermal / Upward-Downward Drift
w1_x-1_y-7,1080,Temp_Sensor_C,34.17051261751615,2.943028547162037,17.658171282972223,8.612772597544852,1.6989301734165987,1.6049807639119211,29.571790494428875,39.11145510486356,-0.06718579788789025,41.195512408179134,27.706239060190047,0.39476356409925056,20.0,50.0,C,Double,Normal Distribution,Stable / Random Noise
w1_x-1_y-7,1010,VCC_mA,15.152235410813553,0.6210144459381406,3.7260866756288435,4.098500512306898,1.0735123329692615,0.9917990374577659,14.028743801444817,16.21997522247904,0.12462302960104576,16.643920867975048,13.809923461471236,0.18703493772815197,13.0,17.0,mA,Double,Normal Distribution,Stable / Random Noise
w1_x-1_y-7,1040,VRef_Volts,1.2501959853324387,0.021525131832982176,0.12915079099789306,1.7217405979158094,0.7742887149768325,0.7712537303526672,1.2207232949614164,1.279646334298258,-1.4727297262662657,1.2800268397559216,1.2165510039100271,0.05077270811185307,1.2,1.3,V,Double,Stable Non-Normal Distribution,Cyclic / Oscillatory
w1_x-1_y0,2030,Clock_MHz,103.01958554893721,3.0324376161355486,18.19462569681329,2.9435544707128094,1.0992256907765305,0.7673050896875966,98.8833999048992,106.56427219557803,-1.76189173462074,106.89971677085782,98.54932075788076,0.0810563930002454,90.0,110.0,MHz,Double,Stable Non-Normal Distribution,Step Shift / Discontinuity
w1_x-1_y0,1060,Rst_V,3305.3657051705654,110.29023845009232,661.7414307005539,3.336703054598948,0.9066985565114289,0.8904816327353703,3121.6956725694354,3469.425600710166,-0.5871904135684431,3512.6468941166668,3044.5192550155584,0.1416265795850725,3000.0,3600.0,mV,Double,Normal Distribution,Stable / Random Noise
w1_x-1_y0,1020,Standby_uA,7.050339205026985,1.133943958930827,6.803663753584962,16.083537627839377,1.322816694939951,0.8670801208889227,5.352804667751471,8.799258413313295,-1.2321503831596008,8.968956276386432,5.1940675759685115,0.5354194444611083,1.0,10.0,uA,Flat,Normal Distribution,Thermal / Upward-Downward Drift
w1_x-1_y0,1080,Temp_Sensor_C,35.0026962250553,2.797480865235345,16.78488519141207,7.992186793978682,1.7873223235002764,1.787001055284908,31.5808633037466,39.86830395767473,0.22773464864292858,41.29532185363994,27.195262714413765,0.40282780070905516,20.0,50.0,C,Double,Normal Distribution,Stable / Random Noise
w1_x-1_y0,1010,VCC_mA,15.12472029203857,0.757614100609588,4.545684603657528,5.009111480946758,0.8799554629860458,0.8250813118237688,14.131556648661306,16.297720780973144,1.5310332755370188,17.77905206681718,13.897728535001825,0.2566211775736723,13.0,17.0,mA,Double,Stable Non-Normal Distribution,Stable / Random Noise
w1_x-1_y0,1040,VRef_Volts,1.2501161317946083,0.02156397086190803,0.12938382517144817,1.7249574110328296,0.7728941377910941,0.7710989861258152,1.220124047799239,1.279209060809236,-1.4690886713320055,1.2818460232362325,1.2196884217512265,0.04972146179393389,1.2,1.3,V,Double,Stable Non-Normal Distribution,Cyclic / Oscillatory
w1_x-1_y1,2030,Clock_MHz,103.04427793588897,3.1770059832298276,19.062035899378966,3.0831464365313566,1.0492058721099982,0.7297984434430369,98.96264894298808,106.91379990746633,-1.7549855944489225,107.73421742389236,98.62664888275647,0.08838500034715507,90.0,110.0,MHz,Double,Stable Non-Normal Distribution,Step Shift / Discontinuity
w1_x-1_y1,1060,Rst_V,3290.329317487884,90.46435099372621,542.7861059623573,2.749401116566483,1.1054078087282702,1.0697743155128538,3134.4078381552954,3421.593424297553,-0.368155056732129,3488.7628059468143,3097.575296964634,0.11889007793324645,3000.0,3600.0,mV,Double,Normal Distribution,Stable / Random Noise
w1_x-1_y1,1020,Standby_uA,7.058099665237158,1.1918509904818597,7.151105942891158,16.886287343773468,1.258546590118247,0.8227819188407788,5.276950040267037,8.816993414134668,-1.032255912254006,9.514731195960678,4.959003439229869,0.6454609558956592,1.0,10.0,uA,Double,Normal Distribution,Thermal / Upward-Downward Drift
w1_x-1_y1,1080,Temp_Sensor_C,33.86686788801212,2.987474194649717,17.9248451678983,8.821229658817062,1.6736546240146697,1.5472231707581352,29.327333366830924,38.326967243681935,-0.5973001382198859,40.339190252733125,27.520077632106506,0.37851485596529605,20.0,50.0,C,Double,Normal Distribution,Stable / Random Noise
w1_x-1_y1,1010,VCC_mA,15.127387984882313,0.8302852952089695,4.981711771253817,5.4886229932009565,0.8029368585877188,0.7517946043861066,13.947534975241174,16.49895475533354,0.164494979795756,17.511806485952775,13.363987454522494,0.2741926785758017,13.0,17.0,mA,Double,Normal Distribution,Stable / Random Noise
w1_x-1_y1,1040,VRef_Volts,1.2503620775168478,0.021658639611235722,0.12995183766741433,1.7321894194239018,0.7695158590671879,0.7639433712386668,1.2210046326028565,1.2806702707875386,-1.4587836098456282,1.281448776561349,1.2157788749884462,0.05252070800429238,1.2,1.3,V,Flat,Stable Non-Normal Distribution,Cyclic / Oscillatory
w1_x-1_y2,2030,Clock_MHz,103.22251583047871,3.0785445824044415,18.471267494426648,2.9824351379502354,1.082762728980814,0.7338407255015135,99.23107926344355,107.04295748861144,-1.7696404275856055,107.87391813367813,99.0464361808367,0.0855189575822655,90.0,110.0,MHz,Double,Stable Non-Normal Distribution,Step Shift / Discontinuity
w1_x-1_y2,1060,Rst_V,3288.320922337952,93.33572426980375,560.0143456188225,2.838400705836318,1.0714011251568794,1.029691201997171,3144.35539073512,3438.8764464645665,0.13849756796125812,3524.5565693318113,3105.7973137330227,0.12734744128959782,3000.0,3600.0,mV,Double,Normal Distribution,Stable / Random Noise
w1_x-1_y2,1020,Standby_uA,7.034221184786374,1.1969503364938863,7.181702018963318,17.01610320532218,1.2531848266936525,0.8259264467900431,5.179657150211226,8.887448822250498,-1.0998443834354616,9.260527746515663,5.003293259716377,0.6052176033370745,1.0,10.0,uA,Double,Normal Distribution,Thermal / Upward-Downward Drift
w1_x-1_y2,1080,Temp_Sensor_C,35.505963399621834,2.6146005306951574,15.687603184170944,7.363834917722596,1.912338019250162,1.847833149553769,31.297714439228454,39.42214686755246,1.233096168527827,41.95816617202935,27.590604886267712,0.4046520615158034,20.0,50.0,C,Normal,Normal Distribution,Stable / Random Noise
w1_x-1_y2,1010,VCC_mA,15.19234142593114,0.6506776683475514,3.904066010085308,4.282932104441374,1.0245728401279248,0.9260389396076634,14.078643515425373,16.157068449496688,-0.38733979386572814,16.681612921830393,13.938575042057575,0.1805539911768206,13.0,17.0,mA,Double,Normal Distribution,Stable / Random Noise
w1_x-1_y2,1040,VRef_Volts,1.250142122907642,0.02175548833562879,0.13053293001377272,1.7402412043383357,0.7660902117913766,0.7639126324230604,1.2200994611242024,1.2804774979855926,-1.4402045011528977,1.2822271302440318,1.2187029990383549,0.05081352755151499,1.2,1.3,V,Double,Stable Non-Normal Distribution,Cyclic / Oscillatory
w1_x-1_y3,2030,Clock_MHz,103.06657038192152,2.957295556670306,17.743773340021836,2.8693062607126714,1.1271559671521023,0.7815056566846278,99.21736094174348,107.12801402423321,-1.6779016262308166,107.77653907258967,98.61983538332709,0.08884261555741768,90.0,110.0,MHz,Double,Stable Non-Normal Distribution,Step Shift / Discontinuity
w1_x-1_y3,1060,Rst_V,3310.8580873548817,96.80059021872059,580.8035413123235,2.923731179793838,1.0330515524135788,0.9956616724195695,3163.042698264188,3467.6519622283136,-0.813503903976935,3511.0282286920906,3129.611740241904,0.11520170251540701,3000.0,3600.0,mV,Double,Normal Distribution,Stable / Random Noise
w1_x-1_y3,1020,Standby_uA,7.0343754545704,1.1336142116813945,6.801685270088367,16.115349813249715,1.323201477666001,0.8720263957144465,5.2276907784480615,8.736123878562246,-1.057981341282414,8.887877496480879,4.892053463819597,0.5680424734885456,1.0,10.0,uA,Double,Normal Distribution,Thermal / Upward-Downward Drift
w1_x-1_y3,1080,Temp_Sensor_C,35.26087421993198,2.8728320582034312,17.236992349220586,8.1473648108801,1.740442844795747,1.7101737334975946,30.204699902598772,40.1365151662068,-0.12103577022182321,42.07594484825845,29.574318230213187,0.3545467006878249,20.0,50.0,C,Normal,Normal Distribution,Stable / Random Noise
w1_x-1_y3,1010,VCC_mA,15.239663675417368,0.6589751430514652,3.9538508583087912,4.324079304416919,1.011671948018532,0.890441439329147,14.181226060161578,16.12068232802639,-0.2845717720118901,16.51100227999567,13.45781038560454,0.20034509680919915,13.0,17.0,mA,Normal,Normal Distribution,Stable / Random Noise
w1_x-1_y3,1040,VRef_Volts,1.2500111180696902,0.02082314952133307,0.12493889712799841,1.665837144991869,0.8003912496326206,0.8002132735187634,1.2223233595796956,1.2793000140459911,-1.4891886906608507,1.2800101001958883,1.219393177814414,0.04849310658538864,1.2,1.3,V,Double,Stable Non-Normal Distribution,Cyclic / Oscillatory
w1_x-1_y4,2030,Clock_MHz,103.41630851502576,3.169751508275577,19.01850904965346,3.065040276326467,1.0516071447968958,0.6923457004737394,99.29355050255012,107.44024931405235,-1.7668238057593797,107.58579084608394,98.72309919291165,0.08569916853959833,90.0,110.0,MHz,Flat,Stable Non-Normal Distribution,Step Shift / Discontinuity
w1_x-1_y4,1060,Rst_V,3305.29527877107,103.60434036905805,621.6260422143483,3.134495760015087,0.9652105273174973,0.9481736646011049,3187.253029881775,3471.489664011885,1.7511305385624407,3515.6299996678113,2943.722536369505,0.1730276465680685,3000.0,3600.0,mV,Normal,Normal Distribution,Stable / Random Noise
w1_x-1_y4,1020,Standby_uA,7.061320473255621,1.1481003998690977,6.888602399214586,16.25900430687812,1.30650594684143,0.8532005061228202,5.368434738205624,8.948500215070174,-1.1610159356294312,9.013602467583606,5.115645449206966,0.5520153111786879,1.0,10.0,uA,Double,Normal Distribution,Thermal / Upward-Downward Drift
w1_x-1_y4,1080,Temp_Sensor_C,35.12997118297439,3.0902168749720365,18.54130124983222,8.79652550489338,1.618009415615933,1.6039897757618464,29.39499578637949,39.95631073090083,-0.01951545495139806,43.15941811864249,28.697928663432798,0.41165674118794615,20.0,50.0,C,Normal,Normal Distribution,Stable / Random Noise
w1_x-1_y4,1010,VCC_mA,15.304984739300158,0.6122027759453856,3.673216655672314,4.000022125950709,1.0889638088249043,0.922905137154019,14.248766823749301,16.246713941843737,-0.3563559515561101,16.614278604977642,13.913797663295053,0.17644453671020593,13.0,17.0,mA,Double,Normal Distribution,Stable / Random Noise
w1_x-1_y4,1040,VRef_Volts,1.2490913345118166,0.021485246568361798,0.12891147941017078,1.7200701001387455,0.7757261064534051,0.761628595629064,1.2201179598130505,1.2802529523580142,-1.4518530954055595,1.282379888697789,1.2172784141980861,0.05211906663746618,1.2,1.3,V,Double,Stable Non-Normal Distribution,Cyclic / Oscillatory
w1_x-1_y5,2030,Clock_MHz,103.25187649611867,3.3363758546571662,20.018255127942997,3.231298033389818,0.9990880759673447,0.6741969727882815,98.7918094187433,107.60283391630712,-1.7007117876584863,107.94257164407325,98.59962803836694,0.09048691338851861,90.0,110.0,MHz,Double,Stable Non-Normal Distribution,Step Shift / Discontinuity
w1_x-1_y5,1060,Rst_V,3305.5135432833467,104.96483768463597,629.7890261078157,3.1754472129729963,0.9526999917862715,0.9351908163170792,3124.921678587962,3471.6338840907238,-0.0636642764578883,3544.326667840859,3072.342402691728,0.1427869706079958,3000.0,3600.0,mV,Double,Normal Distribution,Stable / Random Noise
w1_x-1_y5,1020,Standby_uA,7.074428543388201,1.2064387911343124,7.238632746805875,17.053515824424526,1.2433287217080253,0.8083215598699185,5.22228161899416,8.92333954382361,-1.0828749159998994,9.172466295056413,4.956586092336774,0.595932261788102,1.0,10.0,uA,Double,Normal Distribution,Thermal / Upward-Downward Drift
w1_x-1_y5,1080,Temp_Sensor_C,34.34824751228768,3.605826305366114,21.634957832196683,10.497846517718765,1.3866447178997798,1.326394774935491,28.535103694612094,40.396252337200686,-0.20573143401633276,42.89485403933556,27.29552639231928,0.45415206820772464,20.0,50.0,C,Normal,Normal Distribution,Stable / Random Noise
w1_x-1_y5,1010,VCC_mA,15.285416090851706,0.6952292954826544,4.171375772895926,4.5483177647924675,0.9589162467669627,0.8220711834637544,14.201078826370532,16.316921208014172,-0.37993506808394617,16.90379701722197,13.779274853201843,0.2044119797229561,13.0,17.0,mA,Double,Normal Distribution,Stable / Random Noise
w1_x-1_y5,1040,VRef_Volts,1.249983075689288,0.021405631132744986,0.1284337867964699,1.7124736765688695,0.7786113178962084,0.7783477686988496,1.22080023814685,1.279258885051527,-1.4956325686605465,1.2807018272420465,1.2185392812605387,0.04973071011159815,1.2,1.3,V,Double,Stable Non-Normal Distribution,Cyclic / Oscillatory
w1_x-1_y6,2030,Clock_MHz,103.06095387675839,3.065683729376185,18.39410237625711,2.9746316272622213,1.087305028040714,0.7544859739607026,99.16869097373659,106.97015222409709,-1.7169320897875586,107.45892803469609,98.0266730028736,0.09152113071941585,90.0,110.0,MHz,Double,Stable Non-Normal Distribution,Step Shift / Discontinuity
w1_x-1_y6,1060,Rst_V,3299.6955288783565,96.3982582539383,578.3895495236297,2.9214288836735887,1.0373631413191489,1.0363103175885189,3162.527477623691,3461.088222346433,-0.724758003175237,3530.0622377485593,3135.6840880845975,0.11951955755082047,3000.0,3600.0,mV,Double,Normal Distribution,Stable / Random Noise
w1_x-1_y6,1020,Standby_uA,7.073652114939162,1.160892984980268,6.965357909881608,16.41150803173549,1.2921087640352102,0.8402577219784467,5.3564667816950156,8.844278223581314,-1.116867649017062,9.089335541135963,5.033714269566576,0.5733419181025512,1.0,10.0,uA,Double,Normal Distribution,Thermal / Upward-Downward Drift
w1_x-1_y6,1080,Temp_Sensor_C,34.90658272208819,2.7434552599608186,16.460731559764913,7.8594209058018585,1.822519241692102,1.8111689225920504,30.613761049734,38.39865092011378,0.2811560403845972,42.9884503164132,28.723684924568342,0.4086554534832308,20.0,50.0,C,Double,Normal Distribution,Stable / Random Noise
w1_x-1_y6,1010,VCC_mA,15.093778213610683,0.7974702197328182,4.784821318396909,5.28343671443182,0.835976880603798,0.7967786713623701,13.880300638768626,16.38050358546909,-0.5773362687037538,16.927664221267143,13.518612420082675,0.22585808224678863,13.0,17.0,mA,Normal,Normal Distribution,Stable / Random Noise
w1_x-1_y6,1040,VRef_Volts,1.2500488661508076,0.02114002763908323,0.12684016583449936,1.691136099677312,0.7883937973597398,0.7876232819557892,1.2207203527569963,1.2792481061591967,-1.4905060455522436,1.281377794343447,1.2171213464698,0.05140314879970056,1.2,1.3,V,Double,Stable Non-Normal Distribution,Cyclic / Oscillatory
w1_x-1_y7,2030,Clock_MHz,103.15071578253844,3.337396135642013,20.02437681385208,3.2354561093670804,0.9987826430715578,0.6840946193864562,98.94561788106004,107.44936061478671,-1.760568738397314,107.61187465014899,98.381455207817,0.08948478323496556,90.0,110.0,MHz,Double,Stable Non-Normal Distribution,Step Shift / Discontinuity
w1_x-1_y7,1060,Rst_V,3313.473319145713,112.72763946245516,676.365836774731,3.4020989036217393,0.887093888214574,0.8472535579874858,3166.4661445693305,3541.151049852479,-0.10798811107167072,3579.47953272642,3084.611792303534,0.14935015096197424,3000.0,3600.0,mV,Normal,Normal Distribution,Stable / Random Noise
w1_x-1_y7,1020,Standby_uA,7.020636953521091,1.2143482641654562,7.286089584992737,17.296838907991372,1.235230488867091,0.8178222383143753,5.069903957718207,8.90580414548903,-1.0950039298212855,8.938479370216948,4.788247533286004,0.5911474791257308,1.0,10.0,uA,Double,Normal Distribution,Thermal / Upward-Downward Drift
w1_x-1_y7,1080,Temp_Sensor_C,34.953082734263646,3.1091938878947025,18.655163327368214,8.895335245628667,1.608133870154235,1.6031039205458577,31.549117387420363,40.04803391497899,2.148347918181055,45.75641472611358,28.131847187007764,0.5042349961832948,20.0,50.0,C,Heavy Tail,Stable Non-Normal Distribution,Stable / Random Noise
w1_x-1_y7,1010,VCC_mA,15.271857275691074,0.7276303202715891,4.365781921629535,4.764517551049878,0.9162161719949113,0.7916761557635906,14.100223090185708,16.339923347970558,0.019258698951897024,17.377211200652603,14.064727563697968,0.21690116514035718,13.0,17.0,mA,Normal,Normal Distribution,Stable / Random Noise
w1_x-1_y7,1040,VRef_Volts,1.2503952911917768,0.022307055763052308,0.13384233457831385,1.7840003013599808,0.747147756463319,0.7412409379216035,1.2198619550953862,1.2799956515088502,-1.510839992777914,1.2829990950877053,1.2173813663274995,0.05247758786556546,1.2,1.3,V,Double,Stable Non-Normal Distribution,Cyclic / Oscillatory
w1_x-2_y-1,2030,Clock_MHz,103.02631062465038,3.075961659355774,18.455769956134645,2.985607890553552,1.0836719382358826,0.7557191482040105,98.9080941584685,106.89997154428569,-1.7317372881250908,107.59082616127529,98.39139547673011,0.0892920519891362,90.0,110.0,MHz,Double,Stable Non-Normal Distribution,Step Shift / Discontinuity
w1_x-2_y-1,1060,Rst_V,3315.0695948384273,101.41405311175495,608.4843186705298,3.059183230109465,0.9860566354625752,0.9365250555153625,3155.6320093257277,3487.514520141771,-0.04782707103333195,3586.2451785598187,3102.9685791696274,0.14578173566632033,3000.0,3600.0,mV,Normal,Normal Distribution,Stable / Random Noise
w1_x-2_y-1,1020,Standby_uA,7.014663840043235,1.1693512099043584,7.01610725942615,16.67009619518918,1.2827626014280906,0.8509950174852193,5.14910649591129,8.580223228047423,-1.1768948707992888,9.076710849123181,5.0462904516394715,0.574570712066919,1.0,10.0,uA,Double,Normal Distribution,Thermal / Upward-Downward Drift
w1_x-2_y-1,1080,Temp_Sensor_C,35.09249784264824,2.9270253411330382,17.56215204679823,8.340886289307674,1.7082188970952068,1.6976851262450559,30.56292811730271,40.1763251372934,-0.1793483999191925,41.84795407226497,28.807164257533056,0.37161190044680487,20.0,50.0,C,Normal,Normal Distribution,Stable / Random Noise
w1_x-2_y-1,1010,VCC_mA,15.129848174378276,0.6406841543044911,3.8441049258269464,4.234570941626904,1.040554323355135,0.9729972837405917,14.179707444086949,16.19047588751751,-0.8073562727128767,16.34026685192189,13.860620823086254,0.16389100539916884,13.0,17.0,mA,Double,Normal Distribution,Stable / Random Noise
w1_x-2_y-1,1040,VRef_Volts,1.2494028351233235,0.021347322314105303,0.12808393388463182,1.7086020388290695,0.7807380439304153,0.7714134571760083,1.2202402578488343,1.2796693058627595,-1.4285558564006333,1.2833107751007695,1.2184889634882354,0.05188223508884209,1.2,1.3,V,Double,Stable Non-Normal Distribution,Cyclic / Oscillatory
w1_x-2_y-2,2030,Clock_MHz,102.96311075711718,3.132325820774547,18.79395492464728,3.042182581452386,1.0641719680710235,0.7488460274696427,99.12232970048856,106.96963190679362,-1.779589340240638,107.38834272273559,98.38435442373368,0.08744868169573554,90.0,110.0,MHz,Double,Stable Non-Normal Distribution,Step Shift / Discontinuity
w1_x-2_y-2,1060,Rst_V,3298.8585458541343,93.61270230980976,561.6762138588585,2.837730112055221,1.0682311004018619,1.064166644340874,3148.2103998821394,3461.5457622299573,-0.27995438181870913,3511.201237716432,3093.6125752092426,0.1265858043631477,3000.0,3600.0,mV,Double,Normal Distribution,Stable / Random Noise
w1_x-2_y-2,1020,Standby_uA,7.041808615815729,1.1832932684792916,7.09975961087575,16.803826020230712,1.267648553369803,0.8333215619449349,5.2825805380155115,8.789604657338518,-1.2195594328168773,8.904999673548208,4.993470996037362,0.5554721650238617,1.0,10.0,uA,Double,Stable Non-Normal Distribution,Thermal / Upward-Downward Drift
w1_x-2_y-2,1080,Temp_Sensor_C,35.25913006569815,2.97399167707548,17.84395006245288,8.434671166117987,1.6812420957804517,1.6521980707981792,30.842206287613276,39.40906291234771,-0.21885954724235468,40.906188131735384,26.824899468317966,0.39936574263686675,20.0,50.0,C,Double,Normal Distribution,Stable / Random Noise
w1_x-2_y-2,1010,VCC_mA,15.342894913690383,0.796619626414451,4.779717758486706,5.192107688254005,0.8368694977643261,0.6933903506613196,14.31847983881319,16.948145007081735,-0.25525859311756793,17.10940701213541,13.784628416698139,0.21669825767173762,13.0,17.0,mA,Double,Normal Distribution,Stable / Random Noise
w1_x-2_y-2,1040,VRef_Volts,1.2502115148274708,0.02149215029293789,0.12895290175762736,1.7190811345153707,0.7754769271338654,0.7721964297648587,1.2207422135334316,1.279802456843564,-1.437467142936566,1.2821419139911459,1.2177105741528338,0.051536351308685224,1.2,1.3,V,Double,Stable Non-Normal Distribution,Cyclic / Oscillatory
w1_x-2_y-3,2030,Clock_MHz,103.22305396252672,2.9137710682658855,17.482626409595312,2.8227909913648532,1.1439928722050041,0.7752777962187379,99.06782103249618,106.81948571864693,-1.628021891470815,107.3173210081363,98.51458975863687,0.08527873291459778,90.0,110.0,MHz,Double,Stable Non-Normal Distribution,Step Shift / Discontinuity
w1_x-2_y-3,1060,Rst_V,3304.2657548931875,99.57832847333606,597.4699708400163,3.0136295280085603,1.004234571247868,0.9899551761271725,3146.4101614226774,3455.569712307984,-0.15631269288853922,3515.1191333690554,3045.942957849398,0.14199105348135763,3000.0,3600.0,mV,Normal,Normal Distribution,Stable / Random Noise
w1_x-2_y-3,1020,Standby_uA,7.027635151450896,1.2193236371043819,7.315941822626291,17.35041177902705,1.2301902090261787,0.8125720298530418,5.16587805713752,8.753632998342887,-1.1631345289826112,8.888316321859698,4.77839740512538,0.5848224656178687,1.0,10.0,uA,Flat,Normal Distribution,Thermal / Upward-Downward Drift
w1_x-2_y-3,1080,Temp_Sensor_C,35.36533807602063,2.8313824359024062,16.98829461541444,8.006094639378599,1.765921811408857,1.722911246276659,30.402125290680047,39.19014828734486,-0.5049217723544461,39.80327575642844,28.673268176630827,0.31471514724029415,20.0,50.0,C,Normal,Normal Distribution,Stable / Random Noise
w1_x-2_y-3,1010,VCC_mA,15.278306200854153,0.7363635333462745,4.418181200077647,4.819667335277697,0.9053499208972468,0.7793676724329862,14.213891308643108,16.337357384594693,-1.0786296666752841,16.62552111913905,13.848811028675122,0.18174201079362406,13.0,17.0,mA,Double,Normal Distribution,Stable / Random Noise
w1_x-2_y-3,1040,VRef_Volts,1.2495237067123037,0.0213124323606869,0.1278745941641214,1.7056444984756078,0.7820161671180321,0.7745667860926664,1.2200495631060644,1.2788199251767727,-1.4763757140106983,1.281228014805356,1.2178794542576017,0.050698166195209345,1.2,1.3,V,Double,Stable Non-Normal Distribution,Cyclic / Oscillatory
w1_x-2_y-4,2030,Clock_MHz,103.32084386987249,3.255646481198332,19.533878887189992,3.151006475807203,1.0238621891484994,0.6838535417056972,99.13247404130989,107.3493398327421,-1.7976176768301475,107.81028994016282,98.91909726179533,0.08605420112098104,90.0,110.0,MHz,Double,Stable Non-Normal Distribution,Step Shift / Discontinuity
w1_x-2_y-4,1060,Rst_V,3283.4692445726605,112.61730167291655,675.7038100374994,3.4298266036468865,0.8879630262358621,0.8390340275184445,3099.947460537816,3434.417265758546,-0.39064361860436003,3472.4692360073095,2985.3742201656723,0.14834767118552133,3000.0,3600.0,mV,Double,Normal Distribution,Stable / Random Noise
w1_x-2_y-4,1020,Standby_uA,7.007357694755597,1.1164703526328703,6.698822115797222,15.93282948105321,1.3435197777197456,0.8934831388303706,5.338159056858992,8.582727925691273,-1.2159825284202683,8.943335089666208,5.019384899391501,0.5599757228336503,1.0,10.0,uA,Double,Stable Non-Normal Distribution,Thermal / Upward-Downward Drift
w1_x-2_y-4,1080,Temp_Sensor_C,34.59954843899085,3.06721495072213,18.403289704332778,8.864898789446714,1.630143332087901,1.5866237692876841,31.138777676506315,41.33691610587016,0.30587302461316757,41.98278937688289,28.492993464159213,0.38988358291756736,20.0,50.0,C,Double,Stable Non-Normal Distribution,Stable / Random Noise
w1_x-2_y-4,1010,VCC_mA,15.287432063779917,0.6710269272285183,4.02616156337111,4.389402513312642,0.9935021079111379,0.8507199272878396,14.176101061577379,16.39410676659715,-0.7453028141053646,16.637202080915518,14.144761503667684,0.16303853824823222,13.0,17.0,mA,Normal,Normal Distribution,Stable / Random Noise
w1_x-2_y-4,1040,VRef_Volts,1.2494834970018664,0.021407084346271383,0.1284425060776283,1.71327467690751,0.7785584620994698,0.7705159065015373,1.2213319750040272,1.2792394853395712,-1.4917149246722996,1.2818888013705982,1.219570882239906,0.049874943750937026,1.2,1.3,V,Double,Stable Non-Normal Distribution,Cyclic / Oscillatory
w1_x-2_y-5,2030,Clock_MHz,102.92690650918809,3.135147833248066,18.810886999488396,3.045994424177314,1.0632140845109508,0.7520212620493953,98.86640539905144,106.5482459085369,-1.7977457322493304,106.94060967949359,98.23602448609671,0.08457055097269284,90.0,110.0,MHz,Double,Stable Non-Normal Distribution,Step Shift / Discontinuity
w1_x-2_y-5,1060,Rst_V,3302.455512107836,99.2624657223191,595.5747943339146,3.005716969036883,1.007430142625553,0.9991842862488328,3148.148474577814,3465.410010493649,-0.40053941674474114,3527.0378800420294,3098.604045627416,0.12973190186630554,3000.0,3600.0,mV,Double,Normal Distribution,Stable / Random Noise
w1_x-2_y-5,1020,Standby_uA,7.06495840052835,1.20143956947335,7.2086374168401,17.0056142069216,1.2485022452336274,0.8143124503987671,5.288421979266012,8.815626266830554,-1.2596164221402537,8.991187589020267,5.126472775901745,0.5470258413452939,1.0,10.0,uA,Double,Stable Non-Normal Distribution,Thermal / Upward-Downward Drift
w1_x-2_y-5,1080,Temp_Sensor_C,34.202048291633425,2.5031298399247794,15.018779039548676,7.318654773483553,1.9974992588280012,1.8912387290918165,29.85633790592958,38.06601240834801,-0.19614981241356144,38.981926951842155,28.177983001555837,0.31588587496758785,20.0,50.0,C,Normal,Normal Distribution,Stable / Random Noise
w1_x-2_y-5,1010,VCC_mA,15.235623013247423,0.7245760705975773,4.347456423585464,4.755802043457994,0.9200782274204126,0.8116824252363399,14.164962891570733,16.44197231420348,-0.6580788074988737,16.815382033940793,13.781109978676515,0.1991564147147753,13.0,17.0,mA,Normal,Normal Distribution,Stable / Random Noise
w1_x-2_y-5,1040,VRef_Volts,1.2499948653734652,0.021315757000053673,0.12789454200032205,1.7052675647339632,0.7818941952952791,0.7818139006016271,1.22042007722183,1.2793019838376976,-1.4729843336845327,1.2801073098113214,1.2183887421213302,0.04937505696997509,1.2,1.3,V,Double,Stable Non-Normal Distribution,Cyclic / Oscillatory
w1_x-2_y-6,2030,Clock_MHz,103.14850582972207,3.0893294715086506,18.535976829051904,2.9950307536286824,1.0789827903028826,0.7392644297590415,99.16108993446173,107.13635781449854,-1.7163617825897226,107.91454047039592,99.04658638327103,0.08597268584543664,90.0,110.0,MHz,Double,Stable Non-Normal Distribution,Step Shift / Discontinuity
w1_x-2_y-6,1060,Rst_V,3295.295666574987,118.63870177839328,711.8322106703597,3.6002445237850877,0.8428952652127908,0.829677730646372,3122.209385803483,3486.550015519119,0.37511845166609703,3558.164618438334,2961.2122069959455,0.1811529136815937,3000.0,3600.0,mV,Normal,Normal Distribution,Stable / Random Noise
w1_x-2_y-6,1020,Standby_uA,7.04888512159759,1.215659526206867,7.293957157241202,17.246124815995646,1.2338981167534133,0.8091944646186027,5.15895760250863,8.973678719712543,-1.0383069032071075,9.397805295670576,5.049907032660139,0.6168207011472774,1.0,10.0,uA,Double,Normal Distribution,Thermal / Upward-Downward Drift
w1_x-2_y-6,1080,Temp_Sensor_C,35.255215786046456,2.6431147334258633,15.858688400555181,7.497088514409186,1.8917075134000212,1.8595212720665295,31.168605437342514,39.89944812427868,0.02321902253624053,41.44209112139689,29.213247508098934,0.346866225057626,20.0,50.0,C,Normal,Normal Distribution,Stable / Random Noise
w1_x-2_y-6,1010,VCC_mA,15.028521078986872,0.6924298861440644,4.154579316864386,4.607438632882056,0.9627930278676078,0.9490630798696971,13.847450006196578,16.07984969950784,-0.419663839540767,16.584236451926415,13.704926476582834,0.1915897086752921,13.0,17.0,mA,Double,Normal Distribution,Stable / Random Noise
w1_x-2_y-6,1040,VRef_Volts,1.250442104091537,0.02143620271286308,0.12861721627717848,1.714289901365467,0.777500889029456,0.7706261625451845,1.2212038023045177,1.279255442930526,-1.4550409022997568,1.2842965776728588,1.2200028640090292,0.05141678567400749,1.2,1.3,V,Double,Stable Non-Normal Distribution,Cyclic / Oscillatory
w1_x-2_y-7,2030,Clock_MHz,103.0441017139609,2.966779443619534,17.800676661717205,2.879135626661085,1.1235527940919652,0.7815318954698743,99.13968428715353,106.91263111268077,-1.711560782236263,107.19288783893809,98.49266252692406,0.08443205547237333,90.0,110.0,MHz,Double,Stable Non-Normal Distribution,Step Shift / Discontinuity
w1_x-2_y-7,1060,Rst_V,3282.5615276344615,110.33056696403686,661.9834017842212,3.3611119254037334,0.9063671360684279,0.8536816085505562,3098.913416386854,3467.8013815492786,-0.4783650509625983,3519.091194884031,3061.321303841742,0.13945508322952152,3000.0,3600.0,mV,Normal,Normal Distribution,Stable / Random Noise
w1_x-2_y-7,1020,Standby_uA,7.02076977514514,1.1901905507831616,7.14114330469897,16.95242243944051,1.26030239360662,0.8343846629977265,5.317291754929212,8.722230005490243,-1.2385224044780752,9.063656522861969,5.13166833459962,0.5600508653883417,1.0,10.0,uA,Double,Stable Non-Normal Distribution,Thermal / Upward-Downward Drift
w1_x-2_y-7,1080,Temp_Sensor_C,35.01434618229382,2.495680457589529,14.974082745537174,7.1275940570084195,2.0034616149654374,2.001545479928973,31.436790241628707,39.50886081830706,-0.4345931990350196,39.96761826290311,29.229430216376144,0.30667966754601544,20.0,50.0,C,Double,Normal Distribution,Stable / Random Noise
w1_x-2_y-7,1010,VCC_mA,15.255504297820234,0.7438893890572418,4.463336334343451,4.876203202037258,0.896190584881924,0.7817003118302435,14.223406012899325,16.30604041537015,0.4513129054570948,17.3197631501332,13.848503811246253,0.22754143495491866,13.0,17.0,mA,Normal,Normal Distribution,Stable / Random Noise
w1_x-2_y-7,1040,VRef_Volts,1.2500559586722992,0.02178573282547121,0.13071439695282727,1.7427806070865919,0.7650266713626693,0.7641704738266101,1.2191864184664716,1.2798424706661244,-1.443511399413298,1.2821601342164832,1.2173502655243549,0.05184557398611479,1.2,1.3,V,Double,Stable Non-Normal Distribution,Cyclic / Oscillatory
w1_x-2_y0,2030,Clock_MHz,103.067205645004,3.048811658900018,18.292869953400107,2.9580812245954236,1.0933221550772894,0.75797776649119,98.89544560153985,107.14947155694787,-1.6269628192777685,107.52536443363171,98.58779007899017,0.08671598593082429,90.0,110.0,MHz,Double,Stable Non-Normal Distribution,Step Shift / Discontinuity
w1_x-2_y0,1060,Rst_V,3305.031919838992,109.85689440935467,659.141366456128,3.3239283938506246,0.9102751405603604,0.8950070354312706,3099.315476952492,3467.674965475159,0.057995348643328004,3501.227808890277,3023.0234181384485,0.14468979494005155,3000.0,3600.0,mV,Double,Normal Distribution,Stable / Random Noise
w1_x-2_y0,1020,Standby_uA,7.025820802367124,1.208373624069592,7.2502417444175515,17.199038490456083,1.2413379191017604,0.8204358702722971,5.2134055391613305,8.76796501303837,-1.1501883340704124,9.02380117942009,4.816269703011409,0.598866893244856,1.0,10.0,uA,Double,Normal Distribution,Thermal / Upward-Downward Drift
w1_x-2_y0,1080,Temp_Sensor_C,35.165189639259886,3.0176467301079515,18.105880380647708,8.58134638562826,1.6569202584628364,1.6386731878109784,30.425585142915125,39.84710815893211,-0.554437491004097,41.32453278397457,28.412510351121483,0.3671819366057837,20.0,50.0,C,Double,Normal Distribution,Stable / Random Noise
w1_x-2_y0,1010,VCC_mA,15.423690597728621,0.5369148518867878,3.221489111320727,3.4811049176897835,1.2416618097337302,0.9786215925622875,14.532432009733721,16.22588018124917,-0.9363261896057593,16.440746974374953,14.340998257378361,0.13613789149179462,13.0,17.0,mA,Double,Normal Distribution,Stable / Random Noise
w1_x-2_y0,1040,VRef_Volts,1.2501216551513754,0.021230008741657005,0.12738005244994202,1.6982354200628813,0.7850522752712652,0.7831421622035505,1.2204439192057244,1.2789310706991217,-1.4964180642797338,1.280456355520497,1.2191591680778378,0.049032977862652045,1.2,1.3,V,Double,Stable Non-Normal Distribution,Cyclic / Oscillatory
w1_x-2_y1,2030,Clock_MHz,103.09563955430059,3.180160339303846,19.080962035823074,3.0846700724222695,1.0481651796409166,0.723691020687216,99.37978182819181,107.32282831219757,-1.7812143848289517,107.67870885818658,98.40538437915866,0.0899487555353265,90.0,110.0,MHz,Double,Stable Non-Normal Distribution,Step Shift / Discontinuity
w1_x-2_y1,1060,Rst_V,3337.326709413356,102.61165943877177,615.6699566326306,3.0746662935139817,0.9745481219867598,0.8532925401243205,3180.262158720499,3507.556434310547,0.21834576260214789,3565.5771420903516,3080.3030151814955,0.1454080373791629,3000.0,3600.0,mV,Normal,Normal Distribution,Stable / Random Noise
w1_x-2_y1,1020,Standby_uA,7.0092181310418615,1.211290356814697,7.267742140888183,17.281390508453885,1.2383488331769734,0.823029163935813,5.160387615605467,8.836449566997834,-1.0709301920449983,9.22807515954885,4.78691407686002,0.6336171880598453,1.0,10.0,uA,Double,Normal Distribution,Thermal / Upward-Downward Drift
w1_x-2_y1,1080,Temp_Sensor_C,35.12588640513571,2.522585524964421,15.135513149786526,7.181556917509126,1.9820933524426376,1.965458778657145,30.926773901306493,38.93121600220631,-0.7425726998675799,39.8961849223326,29.84217616305865,0.2862279016481693,20.0,50.0,C,Double,Normal Distribution,Stable / Random Noise
w1_x-2_y1,1010,VCC_mA,15.046047895952627,0.7211918500014806,4.327151100008884,4.793231119485406,0.9243957300201021,0.9031124908225928,13.7746729123228,16.14086112446076,-0.218708160686925,16.3858883591271,13.23727740608333,0.20926498272617788,13.0,17.0,mA,Double,Normal Distribution,Stable / Random Noise
w1_x-2_y1,1040,VRef_Volts,1.2500029168867963,0.02190051352376251,0.13140308114257504,1.7520369935061422,0.7610171628433738,0.7609727668250923,1.219905827972414,1.280742684929203,-1.4794354601980062,1.2819631819117365,1.2161441479028992,0.05265510433588702,1.2,1.3,V,Double,Stable Non-Normal Distribution,Cyclic / Oscillatory
w1_x-2_y2,2030,Clock_MHz,103.06337142120046,3.10290645925256,18.61743875551536,3.0106782035797854,1.0742616244178627,0.7451753885044566,98.5346427264147,106.72527137936824,-1.6066459978326424,107.85363415910697,97.75364963070888,0.09799780842721877,90.0,110.0,MHz,Double,Stable Non-Normal Distribution,Step Shift / Discontinuity
w1_x-2_y2,1060,Rst_V,3279.037606731434,100.87196430093698,605.2317858056219,3.07626738082723,0.9913557319223445,0.9220851028503342,3130.2955124995415,3448.3623419169085,0.19829940511720157,3552.527758971237,3091.1238646110655,0.14071320603733536,3000.0,3600.0,mV,Double,Normal Distribution,Stable / Random Noise
w1_x-2_y2,1020,Standby_uA,7.031047327750692,1.1473092977606638,6.8838557865639824,16.31775814155557,1.3074068195278497,0.8625842156787061,5.314637610291084,8.77168321279821,-1.1477617809773673,8.949497467842809,5.057464121815895,0.5535495872237313,1.0,10.0,uA,Double,Normal Distribution,Thermal / Upward-Downward Drift
w1_x-2_y2,1080,Temp_Sensor_C,34.52039918428665,2.879907589583253,17.27944553749952,8.342625397258322,1.7361668194094872,1.6806556845559382,29.726119475857455,38.82821708526363,-0.32588845588750326,40.80337031425573,28.224262742573575,0.3643963531397412,20.0,50.0,C,Normal,Normal Distribution,Stable / Random Noise
w1_x-2_y2,1010,VCC_mA,15.269369046862852,0.7383665788648873,4.430199473189324,4.835606347575884,0.9028938819137141,0.7812880497190151,14.266931767169792,16.502325932379275,-0.7596654030060717,16.80269692744748,13.92936012136029,0.18817652499384244,13.0,17.0,mA,Double,Normal Distribution,Stable / Random Noise
w1_x-2_y2,1040,VRef_Volts,1.2503140871968625,0.02195748889186082,0.1317449333511649,1.7561578419937935,0.759042472877883,0.7542743624257664,1.2198084486466558,1.280340276685391,-1.4818871345413276,1.2818494166929322,1.218699123925106,0.05050754319613068,1.2,1.3,V,Double,Stable Non-Normal Distribution,Cyclic / Oscillatory
w1_x-2_y3,2030,Clock_MHz,103.26640071254172,3.168655598893145,19.01193359335887,3.068428430766747,1.0519708530323437,0.7083550186405464,99.05269225466397,107.25318039551304,-1.6522602182626835,108.52381903758538,98.82100226323762,0.09395908744178161,90.0,110.0,MHz,Flat,Stable Non-Normal Distribution,Step Shift / Discontinuity
w1_x-2_y3,1060,Rst_V,3285.921721671887,102.25588082660924,613.5352849596554,3.1119390383585013,0.9779388646562593,0.9320465462412275,3144.201320982905,3440.525676295943,-1.1390455418798244,3445.8436010933297,3076.5133392529124,0.11239776632673432,3000.0,3600.0,mV,Double,Normal Distribution,Stable / Random Noise
w1_x-2_y3,1020,Standby_uA,7.046618676506009,1.1907871831360322,7.144723098816193,16.89870330441197,1.2596709313326933,0.8267308005213906,5.343359555504279,8.83975508706987,-1.156603339306958,9.037222095914425,4.772805702912634,0.6051720106864441,1.0,10.0,uA,Flat,Normal Distribution,Thermal / Upward-Downward Drift
w1_x-2_y3,1080,Temp_Sensor_C,35.17823443815919,2.871295521700443,17.22777313020266,8.162136524355635,1.7413742201774103,1.720682696460196,31.24961964032734,40.48264520892198,-0.08206656507951804,41.77065237351821,28.48532768954965,0.377657517386872,20.0,50.0,C,Normal,Normal Distribution,Stable / Random Noise
w1_x-2_y3,1010,VCC_mA,15.273057659303953,0.6865682658441069,4.119409595064641,4.495290210771039,0.9710129346672147,0.8384416751201687,14.207092506988463,16.36428326797332,-0.785103021622708,16.66037265267597,14.019092069354734,0.17293724951743614,13.0,17.0,mA,Double,Normal Distribution,Stable / Random Noise
w1_x-2_y3,1040,VRef_Volts,1.2502121550221397,0.021733673744334468,0.1304020424660068,1.7383988515092936,0.7668591542656863,0.7636052938486614,1.2212759589815598,1.2800424610635843,-1.5021335906095354,1.2835528390401258,1.219764658344951,0.05102188491684051,1.2,1.3,V,Flat,Stable Non-Normal Distribution,Cyclic / Oscillatory
w1_x-2_y4,2030,Clock_MHz,103.01304420834906,3.1034061554660233,18.62043693279614,3.0126341564950048,1.0740886517423252,0.750460992603759,98.92877036160114,106.93153328576695,-1.7028693195820876,107.43697487908702,98.18054502664982,0.08985687126880358,90.0,110.0,MHz,Double,Stable Non-Normal Distribution,Step Shift / Discontinuity
w1_x-2_y4,1060,Rst_V,3320.9384008082266,109.86893354132197,659.2136012479318,3.308370113537271,0.9101753951437943,0.8466500043794385,3173.497518774659,3541.764920048192,0.01516904309720779,3585.7386148992173,3112.770738706446,0.14241994855359666,3000.0,3600.0,mV,Double,Normal Distribution,Stable / Random Noise
w1_x-2_y4,1020,Standby_uA,7.075195458864492,1.1704873696025708,7.022924217615425,16.543534046625815,1.2815174592693916,0.8329306854256789,5.298991167883839,8.855153805967237,-1.1359862038357207,9.104043679345597,5.055209889677549,0.572257517577875,1.0,10.0,uA,Double,Normal Distribution,Thermal / Upward-Downward Drift
w1_x-2_y4,1080,Temp_Sensor_C,34.234733233279385,3.0574182393178018,18.34450943590681,8.93074941897226,1.6353667076689005,1.5519339214835461,28.72107933558796,38.177203992212455,-0.5654895310208676,39.94572958127763,26.907894579053426,0.380836471351563,20.0,50.0,C,Double,Normal Distribution,Stable / Random Noise
w1_x-2_y4,1010,VCC_mA,15.148190843449788,0.5823098327150541,3.4938589962903244,3.844088305547392,1.1448658930560967,1.060036571891658,14.166702961566335,16.06077902547004,-0.2682964846502802,16.48649932069692,13.84785800543204,0.17418854452879132,13.0,17.0,mA,Double,Normal Distribution,Stable / Random Noise
w1_x-2_y4,1040,VRef_Volts,1.2496867476752462,0.021478258996624217,0.1288695539797453,1.7186914269979707,0.7759784752240028,0.7711169339975468,1.2207002975682757,1.279986971236236,-1.4663194555460144,1.2807440998892732,1.2191594394385878,0.049280078039756266,1.2,1.3,V,Double,Stable Non-Normal Distribution,Cyclic / Oscillatory
w1_x-2_y5,2030,Clock_MHz,103.09180824396654,3.1517081770314217,18.91024906218853,3.0571858528011373,1.0576275296125237,0.7306293781023271,99.09745223511142,107.38390912041032,-1.7375015405794219,107.73574354143484,98.38894522245832,0.0906648013861329,90.0,110.0,MHz,Double,Stable Non-Normal Distribution,Step Shift / Discontinuity
w1_x-2_y5,1060,Rst_V,3307.776907388853,94.3475534367607,566.0853206205643,2.852294942443332,1.0599108970751214,1.032434800785157,3151.237378383011,3443.4737350452806,0.6608928847376321,3497.4069323103367,3044.559114615901,0.13690397822261607,3000.0,3600.0,mV,Normal,Normal Distribution,Stable / Random Noise
w1_x-2_y5,1020,Standby_uA,7.0378080918194765,1.2051757846991604,7.2310547081949625,17.12430587728043,1.2446317118580628,0.8192973301179614,5.1967677401929375,9.003170749290334,-1.0213486273698882,9.191296192650036,4.898307835037251,0.6099894031783586,1.0,10.0,uA,Double,Normal Distribution,Thermal / Upward-Downward Drift
w1_x-2_y5,1080,Temp_Sensor_C,34.67187708371448,3.3393246213917775,20.035947728350664,9.631219600049494,1.497308757576279,1.4645553365018935,29.580446636862447,40.76981745833297,0.038355780851404564,43.65371347729141,28.651940402335814,0.4326784223056095,20.0,50.0,C,Double,Normal Distribution,Stable / Random Noise
w1_x-2_y5,1010,VCC_mA,15.033820039533728,0.6907237113300122,4.144342267980074,4.594465741332866,0.9651712482592744,0.9488501833728014,13.975361297739674,15.995666567786179,-0.8407029936018402,16.620960496770575,13.939864198861683,0.17833766074481003,13.0,17.0,mA,Double,Normal Distribution,Stable / Random Noise
w1_x-2_y5,1040,VRef_Volts,1.2501379135314727,0.02145806911105877,0.12874841466635262,1.7164561508611949,0.7767085929496443,0.7745662204500661,1.2195310458104525,1.2792953200861266,-1.4481329513901802,1.2816697432166908,1.2169178004479608,0.05179583953726704,1.2,1.3,V,Double,Stable Non-Normal Distribution,Cyclic / Oscillatory
w1_x-2_y6,2030,Clock_MHz,103.0977192363596,3.3374100031684435,20.02446001901066,3.2371327201886686,0.9987784929537457,0.6893849579052392,99.08756118280306,107.1248308039973,-1.771281634352283,107.35081143736107,97.50561541531381,0.0954938294946795,90.0,110.0,MHz,Double,Stable Non-Normal Distribution,Step Shift / Discontinuity
w1_x-2_y6,1060,Rst_V,3317.673638803055,107.71298316798303,646.2778990078982,3.2466419212603306,0.9283931895567844,0.8736995698919754,3118.886479984303,3445.9632335433785,0.7096581590651261,3626.1957859966733,3060.1439612115423,0.17061709089304825,3000.0,3600.0,mV,Double,Normal Distribution,Stable / Random Noise
w1_x-2_y6,1020,Standby_uA,6.988098364674523,1.1982176041560262,7.189305624936157,17.146547481545564,1.2518594241957717,0.8378838770961898,5.209255242624685,8.771323244054823,-0.9477895923859161,9.411638382500925,4.878899363756906,0.6486369799339731,1.0,10.0,uA,Double,Normal Distribution,Thermal / Upward-Downward Drift
w1_x-2_y6,1080,Temp_Sensor_C,35.07619757066039,2.948158351507722,17.68895010904633,8.405011248920891,1.6959740298355896,1.6873587564371506,30.519251603397148,38.859013694708466,0.065014326442288,42.024428308507005,27.299842593827982,0.41978853851009934,20.0,50.0,C,Normal,Normal Distribution,Stable / Random Noise
w1_x-2_y6,1010,VCC_mA,15.160835133680724,0.6747706509187656,4.048623905512594,4.450748556850416,0.9879900166952066,0.9085382634900094,14.105525617815108,16.135141583712592,-0.4788077207023669,16.803747807012694,13.666500011849605,0.20693106728622762,13.0,17.0,mA,Double,Normal Distribution,Stable / Random Noise
w1_x-2_y6,1040,VRef_Volts,1.2503644900237922,0.021681505647084764,0.1300890338825086,1.734014826882376,0.7687043020883393,0.7631006011011918,1.2204374539501586,1.2796333259388883,-1.4843036473144202,1.281836894997,1.2189790789390915,0.05027159405071752,1.2,1.3,V,Double,Stable Non-Normal Distribution,Cyclic / Oscillatory
w1_x-2_y7,2030,Clock_MHz,103.12498919925385,3.2580753190848304,19.54845191450898,3.1593460948536074,1.0230989178818748,0.7033816110669591,98.94185794597355,107.14601051408825,-1.7194517909975815,108.17802408816387,98.26615265303073,0.09611512701331612,90.0,110.0,MHz,Double,Stable Non-Normal Distribution,Step Shift / Discontinuity
w1_x-2_y7,1060,Rst_V,3308.5726384139703,97.28440944456945,583.7064566674167,2.9403739943640668,1.0279139337015541,0.9985408187872034,3122.6825605079653,3472.3597624431377,0.5486878534487531,3515.361180741404,3049.941734124081,0.14067076575971174,3000.0,3600.0,mV,Normal,Normal Distribution,Stable / Random Noise
w1_x-2_y7,1020,Standby_uA,7.086569092115804,1.1842027735165994,7.105216641099597,16.710523218267777,1.2666749593446833,0.8200822170661686,5.221936613979335,8.760757067414836,-1.1393665982596661,9.12060811740335,5.012282354560148,0.5797341011483171,1.0,10.0,uA,Double,Normal Distribution,Thermal / Upward-Downward Drift
w1_x-2_y7,1080,Temp_Sensor_C,35.298736440241456,3.331763641060516,19.990581846363096,9.438761771829943,1.5007066943105474,1.4708189759302237,29.077293257175707,39.65379352212836,-0.03711194549480812,40.470595031351635,26.324342305507777,0.40075804837356077,20.0,50.0,C,Double,Stable Non-Normal Distribution,Stable / Random Noise
w1_x-2_y7,1010,VCC_mA,15.181826512449058,0.6081790005309241,3.649074003185545,4.0059672664038075,1.0961685064507067,0.9965122581584941,14.210777373189561,16.169240199646573,-0.5368921237478141,16.590431595612912,13.946966505452856,0.17412035949642962,13.0,17.0,mA,Double,Normal Distribution,Stable / Random Noise
w1_x-2_y7,1040,VRef_Volts,1.2499662332334363,0.021478133669682535,0.1288688020180952,1.7182971106445406,0.7759830031318093,0.7754589543933257,1.2191784450246086,1.279395090003448,-1.4435268471201756,1.2829250342581389,1.2184293449725945,0.05159794526505386,1.2,1.3,V,Double,Stable Non-Normal Distribution,Cyclic / Oscillatory
w1_x-3_y-1,2030,Clock_MHz,103.15956170105132,3.126900560497296,18.761403362983778,3.031130133684379,1.0660183363180589,0.7292032655131607,98.93105011822678,107.00689064428984,-1.7257679811066124,107.9036853804022,98.75470125798314,0.08868769866366942,90.0,110.0,MHz,Flat,Stable Non-Normal Distribution,Step Shift / Discontinuity
w1_x-3_y-1,1060,Rst_V,3292.1669273513694,78.48973206633701,470.9383923980221,2.3841358533263675,1.274051998489219,1.2407861922815553,3166.995753139483,3383.8831503025513,0.02123600893641564,3492.2876385768172,3091.820943479924,0.12164228118866334,3000.0,3600.0,mV,Double,Normal Distribution,Stable / Random Noise
w1_x-3_y-1,1020,Standby_uA,7.04609008254731,1.1611869870231522,6.967121922138913,16.479877115101523,1.2917816137824945,0.847957004474478,5.3225243421090225,8.806287664640376,-1.247095679517683,8.906968274647088,5.090740639953297,0.541609259885327,1.0,10.0,uA,Double,Normal Distribution,Thermal / Upward-Downward Drift
w1_x-3_y-1,1080,Temp_Sensor_C,34.510508831277185,2.9155248162288454,17.49314889737307,8.448223207843517,1.7149571055503374,1.6589933483566488,29.333431192847264,38.78540564599205,-0.37737495625830464,40.98238819381005,28.285771834368493,0.3679057999844529,20.0,50.0,C,Double,Normal Distribution,Stable / Random Noise
w1_x-3_y-1,1010,VCC_mA,15.058998857040688,0.6734220274183981,4.040532164510388,4.471891085266575,0.9899686073863244,0.960765099215347,13.90535825503071,15.99533753756874,-0.5233439426160427,16.236049654567342,13.506711077143747,0.18124302972156212,13.0,17.0,mA,Double,Normal Distribution,Stable / Random Noise
w1_x-3_y-1,1040,VRef_Volts,1.2502304729059404,0.02187572230440815,0.1312543338264489,1.7497351711130422,0.7618796049220373,0.7583677527915758,1.2201086153635607,1.279557594147581,-1.5090977630159126,1.282284085614944,1.2185825203980585,0.05095185775533247,1.2,1.3,V,Double,Stable Non-Normal Distribution,Cyclic / Oscillatory
w1_x-3_y-2,2030,Clock_MHz,103.11504008787318,3.0502371701348383,18.30142302080903,2.9580914360654558,1.0928111970997916,0.7523961283555384,99.36728710301118,107.3652628154795,-1.632380102567689,107.71292455042236,98.22595503795728,0.09200374168870437,90.0,110.0,MHz,Double,Stable Non-Normal Distribution,Step Shift / Discontinuity
w1_x-3_y-2,1060,Rst_V,3304.7992292158515,102.55768223197617,615.346093391857,3.103295393115624,0.9750610371030917,0.9594625657147463,3121.1095706973656,3424.902486524729,-0.5127447179244475,3520.1884848023137,3074.3715055117136,0.13489986784957633,3000.0,3600.0,mV,Normal,Normal Distribution,Stable / Random Noise
w1_x-3_y-2,1020,Standby_uA,7.064732401681781,1.1847251616819912,7.108350970091947,16.769568814806966,1.266116436550063,0.8258645670896722,5.251624146899136,8.916527912103023,-1.073021969558164,9.10326550797196,4.963901929191976,0.5859193729396737,1.0,10.0,uA,Double,Normal Distribution,Thermal / Upward-Downward Drift
w1_x-3_y-2,1080,Temp_Sensor_C,34.80473965420811,2.915669483749327,17.494016902495964,8.377219633639191,1.7148720140838403,1.6925489139199177,29.20353527926989,39.1489976647606,-0.020860035297275203,41.41434067486088,28.453010818795242,0.3724012874349581,20.0,50.0,C,Normal,Normal Distribution,Stable / Random Noise
w1_x-3_y-2,1010,VCC_mA,15.072954936995512,0.6468906213326525,3.8813437279959153,4.291730613118897,1.0305709260296179,0.9929783075406695,14.141078679126215,16.0806600372586,-0.35266652187494163,16.43894028193503,13.443755177240503,0.19871253627535596,13.0,17.0,mA,Double,Normal Distribution,Stable / Random Noise
w1_x-3_y-2,1040,VRef_Volts,1.2500466252200813,0.021176808231055035,0.12706084938633022,1.6940814689473425,0.7870244885263497,0.7862905847266121,1.2211168114295174,1.2797088559295016,-1.473895995600696,1.2821582599060135,1.2193394892547336,0.05025314206997693,1.2,1.3,V,Double,Stable Non-Normal Distribution,Cyclic / Oscillatory
w1_x-3_y-3,2030,Clock_MHz,103.16176197629505,3.178058570989961,19.068351425939767,3.0806555744174173,1.048858370251812,0.7172343188937141,98.9961292628216,107.1996428207026,-1.7470919296210021,107.76804584453463,98.72872751052194,0.08762276022476026,90.0,110.0,MHz,Double,Stable Non-Normal Distribution,Step Shift / Discontinuity
w1_x-3_y-3,1060,Rst_V,3316.4513482802486,100.35399845886337,602.1239907531802,3.025945141963325,0.9964725026974537,0.9418281153855645,3167.770154469119,3479.822205394583,-0.670546394007784,3541.390825444662,3115.245812261158,0.12849427548650225,3000.0,3600.0,mV,Normal,Normal Distribution,Stable / Random Noise
w1_x-3_y-3,1020,Standby_uA,7.090296176805696,1.2379170263839938,7.427502158303962,17.459313341994935,1.2117128757664488,0.7834945749403114,5.181086750171408,8.959716056843,-1.1986769503165933,9.073742615443361,4.753895336161652,0.6092618942228556,1.0,10.0,uA,Double,Normal Distribution,Thermal / Upward-Downward Drift
w1_x-3_y-3,1080,Temp_Sensor_C,35.07646197712154,2.502707007186223,15.01624204311734,7.13500411990982,1.9978367366388072,1.9876528335155108,31.29679240902608,39.393613576918064,-0.4230109982103545,40.81747220698671,29.861152639464564,0.31235532177299846,20.0,50.0,C,Double,Normal Distribution,Stable / Random Noise
w1_x-3_y-3,1010,VCC_mA,15.183740270641911,0.5778284199781315,3.466970519868789,3.805573657601186,1.153745028138106,1.0477503162771786,14.365728109056805,16.110261312763797,0.6130445402225462,16.496004895586363,13.454653701911395,0.20030316242668392,13.0,17.0,mA,Double,Normal Distribution,Stable / Random Noise
w1_x-3_y-3,1040,VRef_Volts,1.2503143748341774,0.021346559388048688,0.12807935632829212,1.7072953664857105,0.7807659475089864,0.7758568842033964,1.2199751436562787,1.280669810926228,-1.428808072860417,1.2830533691497177,1.2180073674616028,0.052023717392469096,1.2,1.3,V,Double,Stable Non-Normal Distribution,Cyclic / Oscillatory
w1_x-3_y-4,2030,Clock_MHz,103.1239260973202,3.1520954371165453,18.912572622699273,3.056609223878702,1.0574975916283105,0.7271431591942172,99.09798922130166,107.07503211322586,-1.7344345043410427,107.58935827261138,98.27872525189258,0.09028586646257201,90.0,110.0,MHz,Double,Stable Non-Normal Distribution,Step Shift / Discontinuity
w1_x-3_y-4,1060,Rst_V,3289.87450805022,88.74963922427347,532.4978353456409,2.6976603213011887,1.1267651437691646,1.0887349724607398,3157.719043584475,3435.3113893486275,-0.39803671531425566,3496.643541689274,3108.829170754245,0.1178812048867091,3000.0,3600.0,mV,Double,Normal Distribution,Stable / Random Noise
w1_x-3_y-4,1020,Standby_uA,7.0125605514338325,1.1781804037384283,7.0690824224305695,16.801001504329687,1.2731496766033634,0.8452127928475881,5.237164914204254,8.76651811864089,-1.1410326228949397,8.965212029852179,4.8227724015152225,0.5907171279241171,1.0,10.0,uA,Double,Normal Distribution,Thermal / Upward-Downward Drift
w1_x-3_y-4,1080,Temp_Sensor_C,34.732542430857315,3.0451231884525893,18.270739130715537,8.767348933682497,1.6419696973050213,1.6126925490485446,29.732891854851353,39.23668413224307,-0.04105121769796316,40.91914427823705,26.683561367771794,0.40986296752690304,20.0,50.0,C,Double,Normal Distribution,Stable / Random Noise
w1_x-3_y-4,1010,VCC_mA,15.250139453550391,0.7958354540922382,4.775012724553429,5.21854542062538,0.837694102767881,0.7329239302135097,14.12799891376902,16.58362983699724,-0.830002650497415,16.903005834979012,13.760965659797654,0.2060335372506944,13.0,17.0,mA,Double,Normal Distribution,Cyclic / Oscillatory
w1_x-3_y-4,1040,VRef_Volts,1.2497174238171433,0.02141889493279662,0.12851336959677973,1.7138990402626089,0.7781291574079611,0.7737315420665649,1.2202613092961954,1.279009749490353,-1.4976926173236498,1.2793772439526871,1.2188502737031641,0.04843252490202876,1.2,1.3,V,Double,Stable Non-Normal Distribution,Cyclic / Oscillatory
w1_x-3_y-5,2030,Clock_MHz,103.11562904904676,3.1631485791795795,18.978891475077475,3.067574341882775,1.0538023269832917,0.7254766127930701,99.0361886323804,107.11607954233475,-1.730991786008811,108.15908428766757,98.83000343618771,0.09047203549563275,90.0,110.0,MHz,Double,Stable Non-Normal Distribution,Step Shift / Discontinuity
w1_x-3_y-5,1060,Rst_V,3289.3926904163077,92.11286867541993,552.6772120525196,2.8003001570409056,1.0856246411386026,1.0472394522711292,3135.089566038184,3463.351284154103,0.27255486895866987,3528.907673857872,3118.9506512589787,0.12463000352414864,3000.0,3600.0,mV,Normal,Normal Distribution,Stable / Random Noise
w1_x-3_y-5,1020,Standby_uA,7.02429337544506,1.1777427346143983,7.06645640768639,16.766707648223424,1.2736228005610335,0.8422061788474849,5.242532806762424,8.76401308078478,-1.2065720966982794,9.108622075339863,5.149705218150555,0.5636035748490459,1.0,10.0,uA,Double,Normal Distribution,Thermal / Upward-Downward Drift
w1_x-3_y-5,1080,Temp_Sensor_C,34.94790405042736,2.8935438482635742,17.361263089581445,8.279591943735436,1.7279848732897265,1.721983472434981,30.424551744474382,39.46331389301625,1.5798590283584915,41.48034957941375,25.322255896440698,0.462348004036467,20.0,50.0,C,Normal,Normal Distribution,Stable / Random Noise
w1_x-3_y-5,1010,VCC_mA,15.400015378900768,0.619897765763753,3.719386594582518,4.025306147505941,1.0754461517461535,0.8603486518070982,14.300451580443722,16.179484521471167,-0.18589362154511235,16.662509554284366,13.957657571673405,0.1756395637316584,13.0,17.0,mA,Double,Normal Distribution,Stable / Random Noise
w1_x-3_y-5,1040,VRef_Volts,1.249760559475587,0.021186130393763616,0.1271167823625817,1.6952151540654752,0.7866781878946949,0.7829109351376187,1.219846834115649,1.2790252817088295,-1.453664869741319,1.2810466826623719,1.2194951957793603,0.049250623582519894,1.2,1.3,V,Double,Stable Non-Normal Distribution,Cyclic / Oscillatory
w1_x-3_y-6,2030,Clock_MHz,103.35450325950458,3.375670534001255,20.25402320400753,3.266108807591628,0.9874581360232041,0.6562149824317883,99.24309476978954,107.27041067625456,-1.8091391333280091,108.28468681296204,98.88021948456158,0.09099233252360113,90.0,110.0,MHz,Double,Stable Non-Normal Distribution,Step Shift / Discontinuity
w1_x-3_y-6,1060,Rst_V,3312.1559560192713,114.58416560478992,687.5049936287395,3.459503934183805,0.8727209337536925,0.8373584094610016,3133.4438114497734,3482.3106517539854,-0.24990137843185423,3528.8322359840377,3000.3335470094944,0.15956334665162375,3000.0,3600.0,mV,Double,Normal Distribution,Stable / Random Noise
w1_x-3_y-6,1020,Standby_uA,7.026040300910913,1.2114246586105477,7.268547951663287,17.24192584624783,1.2382115464947163,0.8183091640493465,5.258914972641028,8.896216257910485,-1.130735051559227,9.336934815899458,5.034447946091786,0.612362964848047,1.0,10.0,uA,Double,Normal Distribution,Thermal / Upward-Downward Drift
w1_x-3_y-6,1080,Temp_Sensor_C,34.75054808257865,2.241616665891632,13.449699995349793,6.450593701615349,2.2305330238126087,2.1934389745018295,30.688577016168246,38.30219246176424,-0.40497186392980744,38.68128618769775,29.785967271149836,0.25597636317590533,20.0,50.0,C,Double,Normal Distribution,Stable / Random Noise
w1_x-3_y-6,1010,VCC_mA,15.117746691487788,0.7919980161549091,4.751988096929455,5.2388628564655875,0.8417529502198544,0.792196137750618,13.76360676911414,16.368452680944337,-0.21909354664411262,16.626814273918253,13.064862939277887,0.23561390512290836,13.0,17.0,mA,Normal,Normal Distribution,Stable / Random Noise
w1_x-3_y-6,1040,VRef_Volts,1.250591344393491,0.021217101221946675,0.12730260733168006,1.6965654941612038,0.7855298653817474,0.7762394917454817,1.221445227787555,1.2795194363943965,-1.473686703102144,1.2807460102436952,1.2197960673907549,0.04873689804921821,1.2,1.3,V,Double,Stable Non-Normal Distribution,Cyclic / Oscillatory
w1_x-3_y-7,2030,Clock_MHz,103.05507574125008,3.183471490546175,19.10082894327705,3.0890972304355118,1.0470749756145756,0.7271856398875649,98.91864764191823,107.09368476644177,-1.7222627912565938,107.93005736497086,98.78836778184055,0.08870683483929702,90.0,110.0,MHz,Double,Stable Non-Normal Distribution,Step Shift / Discontinuity
w1_x-3_y-7,1060,Rst_V,3283.9389270340675,93.68135020264289,562.0881012158574,2.8527129244529656,1.0674483211833432,1.0103004366037172,3116.6369899224374,3432.717140249025,-0.2635221518901796,3470.7478729609516,3077.081440814709,0.11987629517269605,3000.0,3600.0,mV,Normal,Normal Distribution,Stable / Random Noise
w1_x-3_y-7,1020,Standby_uA,7.04593445480335,1.2110379761360943,7.266227856816566,17.187755348909135,1.2386069054464008,0.8130946629826351,5.23292022939089,8.954911890845562,-0.9580042418363188,9.215115594292687,4.7556235707328565,0.6329170463003255,1.0,10.0,uA,Double,Normal Distribution,Thermal / Upward-Downward Drift
w1_x-3_y-7,1080,Temp_Sensor_C,35.5568144586941,3.1488755159949258,18.893253095969555,8.855898831018552,1.5878684230615538,1.5289252166305891,30.518828451564595,39.696795926858286,0.04533405788784517,43.031784596651235,27.105627553779748,0.4479073079331306,20.0,50.0,C,Double,Normal Distribution,Stable / Random Noise
w1_x-3_y-7,1010,VCC_mA,15.219680310032215,0.7333277678829933,4.3999666072979595,4.818286277666505,0.9090978084618736,0.8092423642556176,13.981347624409885,16.34890766863677,-0.17773103748799457,16.817385921176722,13.615209605944056,0.21039708127915915,13.0,17.0,mA,Normal,Normal Distribution,Stable / Random Noise
w1_x-3_y-7,1040,VRef_Volts,1.2496682003140853,0.021126097037303147,0.1267565822238189,1.6905364985676532,0.7889136662222899,0.7836784400889627,1.2206320798698205,1.2784636544683878,-1.480418129140998,1.2805409014917715,1.218808925662519,0.049398693040070225,1.2,1.3,V,Double,Stable Non-Normal Distribution,Cyclic / Oscillatory
w1_x-3_y0,2030,Clock_MHz,103.0428506487335,3.2027184408955933,19.21631064537356,3.1081423123797842,1.040782508624522,0.7240879354686607,98.78828340795391,106.80526185953215,-1.778133328880729,107.66862906365236,98.69508002880946,0.08708560543839339,90.0,110.0,MHz,Double,Stable Non-Normal Distribution,Step Shift / Discontinuity
w1_x-3_y0,1060,Rst_V,3318.009253984404,99.90536914560322,599.4322148736193,3.0110033305552926,1.00094720489205,0.9408594967657826,3151.0456367156103,3441.589800078271,0.03263176703437365,3540.7279570303263,3080.3851648598984,0.13874065951372166,3000.0,3600.0,mV,Double,Stable Non-Normal Distribution,Stable / Random Noise
w1_x-3_y0,1020,Standby_uA,7.033689471027522,1.1346014926352392,6.807608955811435,16.130957974598928,1.3220500851943018,0.8714691305646265,5.3789088565210745,8.783691144545575,-1.2135063133645025,9.053605166958441,5.3030825951650495,0.5332226546597164,1.0,10.0,uA,Double,Normal Distribution,Thermal / Upward-Downward Drift
w1_x-3_y0,1080,Temp_Sensor_C,34.40062087035631,3.0238466612573367,18.14307996754402,8.790093273761359,1.6535229990534523,1.5874505206522207,29.730976582905004,38.793610083097406,-0.40806126520658337,40.99291206647602,27.80922010818969,0.3832399423246159,20.0,50.0,C,Normal,Normal Distribution,Stable / Random Noise
w1_x-3_y0,1010,VCC_mA,15.183691430104323,0.6285355990220267,3.7712135941321603,4.139544075400828,1.0606665202479704,0.9632488452639074,14.301750575852543,16.045487490251,-0.20981473327675815,16.67845175767028,13.606714316229393,0.20230504917602787,13.0,17.0,mA,Normal,Normal Distribution,Stable / Random Noise
w1_x-3_y0,1040,VRef_Volts,1.250289043874024,0.021132530907840553,0.12679518544704332,1.6902116363718065,0.7886734787872968,0.7841142540343242,1.2215337487961706,1.2792150767158201,-1.4563305761138796,1.2807274346617685,1.2160466766417486,0.051732644012944744,1.2,1.3,V,Double,Stable Non-Normal Distribution,Cyclic / Oscillatory
w1_x-3_y1,2030,Clock_MHz,103.18093003707372,3.224064056114814,19.344384336688883,3.12467047443397,1.0338917823333187,0.7050180397825446,99.12754144156807,107.20294567653771,-1.8036765882181922,107.56263035375162,98.76380875665862,0.08527565698362585,90.0,110.0,MHz,Double,Stable Non-Normal Distribution,Step Shift / Discontinuity
w1_x-3_y1,1060,Rst_V,3308.8883976737984,77.5178645237464,465.1071871424784,2.342716199743778,1.2900252169532682,1.2518043598282391,3198.6104134003886,3443.598720324689,-0.3923202841480613,3472.844091463647,3144.70070824001,0.09917027828872294,3000.0,3600.0,mV,Double,Normal Distribution,Stable / Random Noise
w1_x-3_y1,1020,Standby_uA,7.102767340465859,1.178087888266945,7.06852732960167,16.58632236980574,1.273249657295613,0.8197556646350005,5.34219095687705,8.728029269624784,-1.1587262208285982,9.270329529096273,4.931877468285255,0.6108115123092946,1.0,10.0,uA,Double,Normal Distribution,Thermal / Upward-Downward Drift
w1_x-3_y1,1080,Temp_Sensor_C,35.47167689438464,2.7133579190460004,16.280147514276003,7.649364666702689,1.8427351455933128,1.7847901062168536,31.32324445438509,39.684402540715624,0.5702951179152507,41.44033810696367,27.48013120968083,0.39355925965521005,20.0,50.0,C,Normal,Normal Distribution,Stable / Random Noise
w1_x-3_y1,1010,VCC_mA,15.165164382986125,0.6678769107180464,4.007261464308279,4.404020252278577,0.9981879235051282,0.9157553772601651,14.111139883029427,16.141770377792156,-0.16133567054108333,16.84306678485934,13.615402142808392,0.21283413489880001,13.0,17.0,mA,Normal,Normal Distribution,Stable / Random Noise
w1_x-3_y1,1040,VRef_Volts,1.250011262933503,0.021976825740685765,0.13186095444411458,1.758130217891874,0.758374610752436,0.7582037802962113,1.2196853070588751,1.279162019406316,-1.502788167532032,1.2822625091318571,1.218381012295694,0.05110473699752695,1.2,1.3,V,Double,Stable Non-Normal Distribution,Cyclic / Oscillatory
w1_x-3_y2,2030,Clock_MHz,103.22655285498875,3.0534865201419907,18.320919120851944,2.9580436774164944,1.0916482883894734,0.7394221982348093,98.96174984126793,106.96558473861421,-1.6650174152294557,107.77671057609118,98.65729102618047,0.08834373809538654,90.0,110.0,MHz,Double,Stable Non-Normal Distribution,Step Shift / Discontinuity
w1_x-3_y2,1060,Rst_V,3271.7209665475425,98.22931308417527,589.3758785050517,3.0023744105485553,1.0180260541403499,0.9220634113386557,3118.598529452557,3433.478688920393,-0.9374217101163267,3450.4070982395265,3085.7599042742677,0.11145424615781029,3000.0,3600.0,mV,Normal,Normal Distribution,Stable / Random Noise
w1_x-3_y2,1020,Standby_uA,7.081345162649816,1.1276083074157555,6.765649844494533,15.923645600037496,1.3302491566754142,0.8627862524470445,5.455144097491374,8.783549670077157,-1.1057232362630278,8.991868683591173,4.883019455598412,0.5802356944362309,1.0,10.0,uA,Double,Normal Distribution,Thermal / Upward-Downward Drift
w1_x-3_y2,1080,Temp_Sensor_C,34.72105803526744,3.018849802238742,18.11309881343245,8.694578947370747,1.6562599425423754,1.6254599157103349,29.49681638673066,38.2188364891178,-0.6076676241361247,40.4088829107814,27.22462945930907,0.37971923085064413,20.0,50.0,C,Normal,Stable Non-Normal Distribution,Stable / Random Noise
w1_x-3_y2,1010,VCC_mA,15.068846780254994,0.5669643123137934,3.40178587388276,3.7624930466258233,1.1758529632067773,1.1353761179217372,14.13712408779865,16.00530202139212,-0.18135205569413282,16.112585271191282,13.660817308628491,0.162704419144761,13.0,17.0,mA,Double,Normal Distribution,Stable / Random Noise
w1_x-3_y2,1040,VRef_Volts,1.249991761306334,0.020977848212659175,0.12586708927595505,1.6782389182098103,0.7944888578519272,0.7943579468455102,1.22161947398932,1.2785653096069185,-1.4949841268003865,1.2797673565484127,1.2189088450581562,0.04868713008688537,1.2,1.3,V,Double,Stable Non-Normal Distribution,Cyclic / Oscillatory
w1_x-3_y3,2030,Clock_MHz,103.11993884810624,3.0588237347808875,18.352942408685326,2.966277684945564,1.089743516578313,0.749750203393854,99.25161467437384,107.12674849532237,-1.7088998078568904,107.5453009299234,98.25734898632572,0.09006940895570795,90.0,110.0,MHz,Double,Stable Non-Normal Distribution,Step Shift / Discontinuity
w1_x-3_y3,1060,Rst_V,3331.819743612382,83.93720119615304,503.62320717691824,2.5192599736847634,1.1913668620700106,1.0650035684054917,3197.14350769476,3445.4796444265053,-0.63763160418734,3470.1226951002536,3130.427014024608,0.10195499973457302,3000.0,3600.0,mV,Double,Normal Distribution,Stable / Random Noise
w1_x-3_y3,1020,Standby_uA,7.024540393336568,1.1617291598583128,6.970374959149877,16.538151890482705,1.291178746157102,0.8537444898161766,5.23389039352247,8.79171632447931,-1.0854320633552441,9.08851196584586,4.913236333660241,0.5943841729697018,1.0,10.0,uA,Double,Normal Distribution,Thermal / Upward-Downward Drift
w1_x-3_y3,1080,Temp_Sensor_C,35.456494058904006,3.2071657990175177,19.24299479410511,9.045355115171402,1.5590088923783416,1.5115636725683932,29.89093641096369,39.692564515903996,-0.9261421034060078,41.438229357777,29.426285751160233,0.3387797898647643,20.0,50.0,C,Double,Normal Distribution,Stable / Random Noise
w1_x-3_y3,1010,VCC_mA,15.201532765223709,0.7572391242371836,4.543434745423102,4.981334026852259,0.8803912071213217,0.7916773698964223,13.837255717819046,16.551217902316914,0.023386996180532638,16.985640258120377,13.573244572162501,0.22447707995369756,13.0,17.0,mA,Double,Stable Non-Normal Distribution,Stable / Random Noise
w1_x-3_y3,1040,VRef_Volts,1.2499839791390435,0.021160868559897315,0.12696521135938388,1.692891182051179,0.7876173239057045,0.7873649577530395,1.2206574142125135,1.2782428969296,-1.5132548289749648,1.2810174468068498,1.2194796794276703,0.04923084487976006,1.2,1.3,V,Double,Stable Non-Normal Distribution,Cyclic / Oscillatory
w1_x-3_y4,2030,Clock_MHz,102.86179292167876,2.9946040210688856,17.967624126413313,2.911288959690838,1.113113222944095,0.7945632686992511,99.1621099746049,106.38344860465224,-1.7419942890917486,106.9786929555299,97.60846056523961,0.09109536324556373,90.0,110.0,MHz,Double,Stable Non-Normal Distribution,Step Shift / Discontinuity
w1_x-3_y4,1060,Rst_V,3288.6752794614204,116.23991667832118,697.4395000699271,3.534551355807848,0.8602896737850988,0.8278145399922918,3098.7018959426396,3438.2279491096583,-0.2466622583364937,3589.7695503850705,3049.072813446511,0.16441171322548698,3000.0,3600.0,mV,Double,Normal Distribution,Stable / Random Noise
w1_x-3_y4,1020,Standby_uA,7.05414161412474,1.159861253560928,6.959167521365568,16.442273447395777,1.2932581335869275,0.8466122928729862,5.294555804138407,8.7566697284779,-1.2613233092821592,9.097709493917693,5.149832020053575,0.5596538444818222,1.0,10.0,uA,Double,Stable Non-Normal Distribution,Thermal / Upward-Downward Drift
w1_x-3_y4,1080,Temp_Sensor_C,34.98531802934337,2.7217694325904156,16.330616595542494,7.779747579563449,1.837040250408464,1.8352421590050274,30.808504550423336,39.35401365281248,0.4483116853005966,41.59104866594258,27.184249200302013,0.41179558389485266,20.0,50.0,C,Normal,Normal Distribution,Stable / Random Noise
w1_x-3_y4,1010,VCC_mA,15.148261230012784,0.6690089010169328,4.014053406101596,4.416407209108898,0.9964989488978312,0.9226278689628119,13.987754410127433,16.14257346732857,-0.45179968441664053,16.637168607069714,13.61581275921134,0.19945232010339614,13.0,17.0,mA,Double,Normal Distribution,Stable / Random Noise
w1_x-3_y4,1040,VRef_Volts,1.2494240713729214,0.020892960630787095,0.12535776378472258,1.6722073081102882,0.7977168464151173,0.7885282870520514,1.221115546824567,1.2774035406251016,-1.5067464824697516,1.2787378053236143,1.217602701003633,0.04893062789546175,1.2,1.3,V,Double,Stable Non-Normal Distribution,Cyclic / Oscillatory
w1_x-3_y5,2030,Clock_MHz,103.10697854687417,3.078923147385466,18.473538884312795,2.9861442850696434,1.0826295993012705,0.7462589053772674,99.11724143464316,106.71561961675907,-1.7506861681173147,107.52464193023509,98.16712589763767,0.09075540923103795,90.0,110.0,MHz,Double,Stable Non-Normal Distribution,Step Shift / Discontinuity
w1_x-3_y5,1060,Rst_V,3319.9839802420797,99.26256483512658,595.5753890107595,2.9898507169269157,1.0074291367153194,0.9403209901706048,3149.6495809634193,3473.660722414633,-0.16824377777903754,3554.1840567313693,3113.2515174924442,0.13281164664137146,3000.0,3600.0,mV,Double,Normal Distribution,Stable / Random Noise
w1_x-3_y5,1020,Standby_uA,7.062562976962474,1.2301847911598724,7.381108746959235,17.418390394147828,1.219329007136996,0.7959338152950665,5.186513804315693,8.94598167309359,-1.0836747953374677,9.226516250597715,4.950501727850396,0.6054479849164308,1.0,10.0,uA,Double,Normal Distribution,Thermal / Upward-Downward Drift
w1_x-3_y5,1080,Temp_Sensor_C,35.57129871386771,2.4735309013611486,14.841185408166892,6.953726714500941,2.0214018742391984,1.9444135881750229,32.347453658448835,39.971232008132894,-0.7563069688931789,40.65410070009435,30.585025846891718,0.2830673947048532,20.0,50.0,C,Double,Normal Distribution,Stable / Random Noise
w1_x-3_y5,1010,VCC_mA,15.06899511704754,0.760408683931606,4.562452103589636,5.046180438875823,0.8767215324524479,0.84647678007762,14.046160675175988,16.398582434331768,-0.7980211278059777,16.645703808205493,13.766779285819476,0.19104953582001577,13.0,17.0,mA,Double,Normal Distribution,Stable / Random Noise
w1_x-3_y5,1040,VRef_Volts,1.2503927439849365,0.02175675131523977,0.13054050789143862,1.7399934076634305,0.7660457402476408,0.760028543114271,1.2204536455674082,1.281281510535547,-1.4400298040974573,1.2841201727869216,1.2194324447808162,0.05173392785369893,1.2,1.3,V,Double,Stable Non-Normal Distribution,Cyclic / Oscillatory
w1_x-3_y6,2030,Clock_MHz,103.24766844640459,3.2118011368171966,19.27080682090318,3.1107735265561263,1.037839265676508,0.7007834821187777,99.16448062077535,106.95172430906929,-1.7796616402848011,107.070489038216,97.58816575578365,0.09184055606402947,90.0,110.0,MHz,Double,Stable Non-Normal Distribution,Step Shift / Discontinuity
w1_x-3_y6,1060,Rst_V,3319.081036675318,105.03780143818325,630.2268086290995,3.1646651671812838,0.9520382055868896,0.8914852858631982,3163.729388809223,3457.586915064229,0.15952322114375006,3607.95514004281,3053.2640505475756,0.16712188806660216,3000.0,3600.0,mV,Double,Normal Distribution,Stable / Random Noise
w1_x-3_y6,1020,Standby_uA,7.013350370004556,1.1572953650191473,6.943772190114884,16.501319682655403,1.2961254709381669,0.8602383684900327,5.24597088285299,8.701224587701153,-1.1802919612326488,9.102972687525126,5.091870524725015,0.5719238240192904,1.0,10.0,uA,Double,Normal Distribution,Thermal / Upward-Downward Drift
w1_x-3_y6,1080,Temp_Sensor_C,34.63367676216151,3.13180189468676,18.79081136812056,9.042649200065187,1.5965249936411112,1.557535379977065,29.812234902183025,39.85284651516024,-0.28015054430101616,41.83994020612144,28.67917342090839,0.3799991226918085,20.0,50.0,C,Normal,Normal Distribution,Stable / Random Noise
w1_x-3_y6,1010,VCC_mA,15.094704120509128,0.8228838827583409,4.937303296550045,5.451474081166594,0.8101588579326313,0.7717961668760365,13.706546677932394,16.255601679974262,0.9370901093408581,17.225198107789133,12.620189404566752,0.30507445965539465,13.0,17.0,mA,Normal,Normal Distribution,Stable / Random Noise
w1_x-3_y6,1040,VRef_Volts,1.2499406930138712,0.021759072924629887,0.13055443754777932,1.7408084276514084,0.7659640061135635,0.7650554657798493,1.2195533142282633,1.280299586816498,-1.440057729618209,1.2812934931220061,1.2163512709485622,0.05195624283329355,1.2,1.3,V,Double,Stable Non-Normal Distribution,Cyclic / Oscillatory
w1_x-3_y7,2030,Clock_MHz,102.99876886134433,3.2414490893248487,19.44869453594909,3.147075567173475,1.028346656534292,0.7199692633060331,98.78223769477223,107.21124851357885,-1.597857506488804,108.4563644112962,97.60367780779424,0.10536714878710558,90.0,110.0,MHz,Flat,Stable Non-Normal Distribution,Step Shift / Discontinuity
w1_x-3_y7,1060,Rst_V,3305.161345314401,115.40349545978492,692.4209727587095,3.4916145810366563,0.866524879524532,0.8516167657687128,3119.943261977784,3490.889309123758,-0.5672992291899637,3534.773725711204,3062.7644752425836,0.14280974547211428,3000.0,3600.0,mV,Double,Normal Distribution,Stable / Random Noise
w1_x-3_y7,1020,Standby_uA,7.0271931037347475,1.1900872907243096,7.140523744345858,16.93545734628828,1.2604117460048427,0.8326579401459832,5.299606034090737,8.766161730678618,-1.0983907965461317,9.330443619547992,4.978816663026958,0.6192553544897282,1.0,10.0,uA,Double,Normal Distribution,Thermal / Upward-Downward Drift
w1_x-3_y7,1080,Temp_Sensor_C,34.96983223898921,3.201245390434787,19.20747234260872,9.154305827254142,1.5618921357731061,1.558750883194664,29.517610972278515,39.69268888614762,0.46945280262248756,43.033409071619346,27.3017517154396,0.44986367817458145,20.0,50.0,C,Normal,Normal Distribution,Stable / Random Noise
w1_x-3_y7,1010,VCC_mA,15.110214456003,0.7465945450111002,4.479567270066601,4.940992380915497,0.8929433936016166,0.8437357584179791,14.035185339286864,16.178790653016474,1.4440214605700703,17.37731560440894,12.93536039138258,0.29397036196674586,13.0,17.0,mA,Normal,Normal Distribution,Stable / Random Noise
w1_x-3_y7,1040,VRef_Volts,1.2497391497179238,0.021598441925358373,0.12959065155215024,1.7282360027077104,0.7716606005314959,0.7676348428251808,1.2204375269983878,1.2797255087983068,-1.4953429090203953,1.281329045238322,1.2197172906579852,0.04929969153502394,1.2,1.3,V,Double,Stable Non-Normal Distribution,Cyclic / Oscillatory
w1_x-4_y-1,2030,Clock_MHz,103.25521854365432,2.9731895142785096,17.83913708567106,2.8794568993348286,1.1211304618576317,0.756177994928162,99.6100337579436,107.0180240219974,-1.792368283588271,107.71225919133757,99.17876385323221,0.08264468816651195,90.0,110.0,MHz,Flat,Stable Non-Normal Distribution,Step Shift / Discontinuity
w1_x-4_y-1,1060,Rst_V,3307.918050010476,94.89411068898742,569.3646641339245,2.8686959366688938,1.0538061769475555,1.025992543579492,3156.4012684149857,3455.2130710070965,0.2812684559625751,3564.5434937926348,3086.7678114689293,0.1444339536531724,3000.0,3600.0,mV,Normal,Normal Distribution,Stable / Random Noise
w1_x-4_y-1,1020,Standby_uA,7.005676349497404,1.223262296257066,7.339573777542396,17.461016399149308,1.226229243384428,0.8159393832008659,5.1876016771857705,8.813917017009496,-1.2049334508365492,9.04957912859171,4.865760407079333,0.5972041117503992,1.0,10.0,uA,Double,Normal Distribution,Thermal / Upward-Downward Drift
w1_x-4_y-1,1080,Temp_Sensor_C,34.985044917773855,2.444327445482882,14.665964672897292,6.986778068251278,2.0455524521642965,2.043513025156296,31.64338989526538,39.13132770144154,0.13962664536658487,41.90108932827713,30.82158953144116,0.316692455958721,20.0,50.0,C,Double,Normal Distribution,Stable / Random Noise
w1_x-4_y-1,1010,VCC_mA,15.219710126976393,0.7226039109104275,4.335623465462565,4.747816514781302,0.9225893419628962,0.8212382312280289,13.976439887412154,16.48037115065784,-0.12000203652463881,16.7901006883098,13.585555255723676,0.21055233022514538,13.0,17.0,mA,Double,Normal Distribution,Stable / Random Noise
w1_x-4_y-1,1040,VRef_Volts,1.2498113738773766,0.022355977832110893,0.13413586699266536,1.78874815027122,0.7455127568934874,0.7427002932795057,1.2194081705852207,1.2808159599559872,-1.4534140207030577,1.283194545861254,1.2172382223724065,0.052773022287536483,1.2,1.3,V,Double,Stable Non-Normal Distribution,Cyclic / Oscillatory
w1_x-4_y-2,2030,Clock_MHz,103.1547083421567,3.249801482303548,19.498808893821288,3.1504150751162916,1.02570367805069,0.7021240830779583,98.61019836082595,107.03859185096418,-1.6774914242877832,108.24349029784166,98.13384859195436,0.09800465600032865,90.0,110.0,MHz,Double,Stable Non-Normal Distribution,Step Shift / Discontinuity
w1_x-4_y-2,1060,Rst_V,3280.866859739542,113.87474171244367,683.248450274662,3.470873600810605,0.8781578644763899,0.8221514725035536,3101.4088253354143,3455.2444353692686,-0.3139927570514063,3503.496193067854,2990.8975944315293,0.15623876876156395,3000.0,3600.0,mV,Normal,Normal Distribution,Stable / Random Noise
w1_x-4_y-2,1020,Standby_uA,7.009816436626014,1.2254630348590818,7.352778209154491,17.482098795855563,1.2240271287925772,0.8133479559198705,5.2424466000702745,8.929522432805193,-1.101124424635817,9.107909182536414,4.837175557117603,0.6092504224653297,1.0,10.0,uA,Double,Normal Distribution,Thermal / Upward-Downward Drift
w1_x-4_y-2,1080,Temp_Sensor_C,35.20043366312418,2.9591208900738786,17.754725340443272,8.406489869963849,1.689691021672037,1.6671129576039194,30.74197776130288,40.49281815211003,-0.7600631135093123,40.87716236168908,29.54836784580787,0.32183678827085604,20.0,50.0,C,Normal,Normal Distribution,Stable / Random Noise
w1_x-4_y-2,1010,VCC_mA,15.206157173258724,0.7363161672539092,4.417897003523455,4.8422238364652825,0.9054081606723369,0.812079967147542,13.886069775417141,16.18647185820542,-0.20231902811494917,16.526915142605247,13.283839622682812,0.2132738392067688,13.0,17.0,mA,Double,Normal Distribution,Stable / Random Noise
w1_x-4_y-2,1040,VRef_Volts,1.2501624283372863,0.021685735092563902,0.13011441055538342,1.7346334045093554,0.7685543789743021,0.7660576787764841,1.2205180932660422,1.2804325096264924,-1.4468145485081707,1.2826031958754396,1.2190594161272361,0.050828419018092375,1.2,1.3,V,Double,Stable Non-Normal Distribution,Cyclic / Oscillatory
w1_x-4_y-3,2030,Clock_MHz,103.36239675209826,3.0467366619671945,18.280419971803166,2.947625788200723,1.0940667682060488,0.7261981134065826,99.47717533715512,107.18341967181803,-1.7474090783011067,108.13369527502098,99.37480103073914,0.08473965890408827,90.0,110.0,MHz,Double,Stable Non-Normal Distribution,Step Shift / Discontinuity
w1_x-4_y-3,1060,Rst_V,3276.1775349228064,105.78212630854017,634.692757851241,3.228827656039483,0.9453392883058982,0.870271581033344,3119.2628539783536,3433.822842064103,1.2464959927067678,3521.604088677144,2922.2760236290746,0.182935161070931,3000.0,3600.0,mV,Normal,Normal Distribution,Stable / Random Noise
w1_x-4_y-3,1020,Standby_uA,7.065031683990087,1.174929312162204,7.049575872973223,16.630205846418004,1.2766725491251671,0.832665218133772,5.292651096350377,8.810782926386006,-1.2087413344886704,9.05041963392059,5.110088167416983,0.5577231133205964,1.0,10.0,uA,Double,Normal Distribution,Thermal / Upward-Downward Drift
w1_x-4_y-3,1080,Temp_Sensor_C,35.0474862407826,3.152509758969605,18.91505855381763,8.994966821047564,1.5860379133716767,1.5810169148220306,30.547437671668472,40.637942870128526,0.32699922933827974,43.357576170224505,27.749436569697146,0.4453426272371321,20.0,50.0,C,Double,Normal Distribution,Stable / Random Noise
w1_x-4_y-3,1010,VCC_mA,15.051188951692017,0.6763776865349784,4.05826611920987,4.493848882675422,0.9856426075820739,0.9604156016695174,14.170458728950653,16.27719303865327,-0.118364966901503,16.887708524820585,13.899880259649569,0.198511112627759,13.0,17.0,mA,Double,Normal Distribution,Stable / Random Noise
w1_x-4_y-3,1040,VRef_Volts,1.2502081987392843,0.021330183578103214,0.1279811014686193,1.7061305148704564,0.7813653645145403,0.7781117788382926,1.2210084967188644,1.2797990941389792,-1.501843376462318,1.2801446887116468,1.2194605762683128,0.04853920531358543,1.2,1.3,V,Flat,Stable Non-Normal Distribution,Cyclic / Oscillatory
w1_x-4_y-4,2030,Clock_MHz,103.00575779812267,3.1747341215839313,19.048404729503588,3.082093845478017,1.0499566910725342,0.7343651398842995,99.02309141937008,107.10913011624568,-1.7553697315400254,108.01133857567561,98.58953867401976,0.09146867226705226,90.0,110.0,MHz,Double,Stable Non-Normal Distribution,Step Shift / Discontinuity
w1_x-4_y-4,1060,Rst_V,3280.1884018841147,95.79820471282913,574.7892282769748,2.92050922007417,1.0438608980175197,0.9749257226828189,3155.790426106501,3440.8449129217884,-0.702037868189072,3488.897337212179,3080.8638263779576,0.1243933155180508,3000.0,3600.0,mV,Normal,Normal Distribution,Stable / Random Noise
w1_x-4_y-4,1020,Standby_uA,7.076516506794725,1.2085001943141853,7.251001165885112,17.07761429163358,1.2412079096530377,0.8063668523347733,5.26462989500441,8.952063787316703,-0.958347328477088,9.202127570758861,4.691795018905562,0.6373662164883769,1.0,10.0,uA,Double,Normal Distribution,Thermal / Upward-Downward Drift
w1_x-4_y-4,1080,Temp_Sensor_C,34.44245624459747,3.355731813750156,20.134390882500938,9.743009586537617,1.4899879601559436,1.434605727968617,29.504009180367515,39.09152817220049,-0.26004251297186265,40.768168536291704,25.650258717710916,0.4389323952745714,20.0,50.0,C,Double,Normal Distribution,Stable / Random Noise
w1_x-4_y-4,1010,VCC_mA,15.102343497056829,0.6902086573174963,4.141251943904978,4.570208970892533,0.9658914874491348,0.9164651311476515,13.828521737984257,16.166794096117457,-0.43176485369567397,16.576696570407805,13.769343494356225,0.18588857263104114,13.0,17.0,mA,Double,Normal Distribution,Stable / Random Noise
w1_x-4_y-4,1040,VRef_Volts,1.2499623571706686,0.021416729576021754,0.12850037745613052,1.7133899635585215,0.7782078308224399,0.77762195193124,1.2192287706689124,1.2791057701962303,-1.474609201755286,1.2801301804562535,1.2168922081323743,0.05059190139695121,1.2,1.3,V,Double,Stable Non-Normal Distribution,Cyclic / Oscillatory
w1_x-4_y-5,2030,Clock_MHz,102.99595225344869,3.216389975569613,19.29833985341768,3.1228314367683474,1.0363585754998537,0.7258704945348873,98.92832108925765,106.83825559955525,-1.7771892057330982,107.4400172493066,98.3151523582754,0.0885944029001943,90.0,110.0,MHz,Double,Stable Non-Normal Distribution,Step Shift / Discontinuity
w1_x-4_y-5,1060,Rst_V,3297.668727136463,113.57608046205709,681.4564827723425,3.4441325026811014,0.8804670806843655,0.8736250506429087,3129.738296753572,3496.74272505778,0.19403005270945206,3533.4235194676785,2975.2987005815216,0.1692482978333623,3000.0,3600.0,mV,Normal,Normal Distribution,Stable / Random Noise
w1_x-4_y-5,1020,Standby_uA,6.984884038282866,1.159499329036307,6.9569959742178415,16.60012281780634,1.2936618094006944,0.8667867490195339,5.2030296254116655,8.670692646601992,-1.1503394638951707,9.007893895687683,4.98680956615753,0.5756837633225304,1.0,10.0,uA,Double,Normal Distribution,Thermal / Upward-Downward Drift
w1_x-4_y-5,1080,Temp_Sensor_C,34.487894736495,3.0127694785221224,18.076616871132735,8.73573032375913,1.6596025801657714,1.6029431657238133,30.104171587304094,39.77141865282653,-0.28349697369509563,41.00688152060812,27.664873973337414,0.3868605970068746,20.0,50.0,C,Normal,Normal Distribution,Stable / Random Noise
w1_x-4_y-5,1010,VCC_mA,15.246798854164288,0.8646162653369991,5.187697592021994,5.670805220210867,0.7710549678438237,0.6759072265630549,13.642017706862404,16.6047397558444,-0.03581723415568483,17.369225743409242,13.466111982704765,0.2559956222967051,13.0,17.0,mA,Double,Normal Distribution,Stable / Random Noise
w1_x-4_y-5,1040,VRef_Volts,1.2499867756294334,0.021607994091632738,0.12964796454979644,1.7286578156598489,0.7713194753751119,0.7711154710837598,1.2182932882916389,1.2788567484678486,-1.4556355268588552,1.2807416500942401,1.2161075276053617,0.051707845034065905,1.2,1.3,V,Double,Stable Non-Normal Distribution,Cyclic / Oscillatory
w1_x-4_y-6,2030,Clock_MHz,103.1961035337515,3.1926664838055414,19.155998902833247,3.093785883845258,1.0440593623672594,0.7103671806164261,99.17408002089061,107.13132209359101,-1.7340432096098275,108.30500923763513,98.49216963904013,0.0950892452580402,90.0,110.0,MHz,Flat,Stable Non-Normal Distribution,Step Shift / Discontinuity
w1_x-4_y-6,1060,Rst_V,3299.5148915225077,82.51987006612201,495.1192203967321,2.5009697721971653,1.2118293438885859,1.2098697815952717,3174.349290564359,3405.5921225182287,0.1982390316983964,3471.0753194943018,3057.432703625907,0.12536467616229674,3000.0,3600.0,mV,Double,Normal Distribution,Stable / Random Noise
w1_x-4_y-6,1020,Standby_uA,7.037336051443042,1.213402688742358,7.280416132454148,17.242358186000562,1.2361930741678908,0.8138721453984463,5.223179632101848,8.792986139242005,-1.2084349170872635,9.192471477488896,4.9278718245454405,0.6059963062399126,1.0,10.0,uA,Double,Normal Distribution,Thermal / Upward-Downward Drift
w1_x-4_y-6,1080,Temp_Sensor_C,34.000727880562835,3.41330270172948,20.47981621037688,10.03891067779393,1.4648568957762107,1.3672708521152481,28.4016531402938,38.61657934926584,0.4881072959405284,44.15389783220885,26.520689332143604,0.5186126768228866,20.0,50.0,C,Double,Normal Distribution,Stable / Random Noise
w1_x-4_y-6,1010,VCC_mA,15.108570519460912,0.7075815193962475,4.245489116377485,4.683312153752945,0.94217648199109,0.8910301869542765,14.141200483214527,16.291096717395646,-0.15787836660321108,16.55882368067021,13.246617154475693,0.2192269958251946,13.0,17.0,mA,Double,Normal Distribution,Stable / Random Noise
w1_x-4_y-6,1040,VRef_Volts,1.2499741444972416,0.02162610677325472,0.12975664063952833,1.730124328447855,0.7706734661681481,0.7702749431695421,1.2198456957817947,1.2807788566475204,-1.417505676176298,1.2838313112257118,1.2183319303315627,0.052400588590169536,1.2,1.3,V,Double,Stable Non-Normal Distribution,Cyclic / Oscillatory
w1_x-4_y0,2030,Clock_MHz,103.00407016977636,3.3009736221555235,19.80584173293314,3.204702121687713,1.0098030808124663,0.706451149570767,98.79140085809829,107.05180068899163,-1.7926078297642414,107.45191529392953,98.32924416543635,0.08856612280909626,90.0,110.0,MHz,Double,Stable Non-Normal Distribution,Step Shift / Discontinuity
w1_x-4_y0,1060,Rst_V,3309.476897127225,100.18078215753569,601.0846929452141,3.0270881251504465,0.9981954407457969,0.9666627890630867,3150.7139626971616,3463.099301444443,-0.03778396187788102,3563.9325617836002,3081.6535630852013,0.14572665520555192,3000.0,3600.0,mV,Normal,Normal Distribution,Stable / Random Noise
w1_x-4_y0,1020,Standby_uA,7.046973746702775,1.1605053531643268,6.963032118985961,16.46813788269494,1.2925403540017975,0.8482012441807549,5.378418098776673,8.831826538509485,-1.2606575721300066,8.946955597504612,5.19826500299614,0.5319575081803668,1.0,10.0,uA,Double,Stable Non-Normal Distribution,Thermal / Upward-Downward Drift
w1_x-4_y0,1080,Temp_Sensor_C,35.32193688498059,3.177503350068641,19.065020100411846,8.995835535337708,1.5735624637160457,1.5397899438566376,30.628605820324758,40.630980379069946,-0.8814679638081042,41.65650295967228,30.113982628131396,0.32678050383043794,20.0,50.0,C,Double,Normal Distribution,Stable / Random Noise
w1_x-4_y0,1010,VCC_mA,15.190727337337202,0.6306413586096914,3.783848151658148,4.151488895858472,1.0571248738528607,0.9563135676414196,14.077944851142366,16.053156232544872,0.33907675912410484,16.776171221025127,13.549694344876853,0.212397787446157,13.0,17.0,mA,Normal,Normal Distribution,Stable / Random Noise
w1_x-4_y0,1040,VRef_Volts,1.2499259745345557,0.02159710077770031,0.12958260466620186,1.7278703873437453,0.7717085195007073,0.7705659978538395,1.2206512437602666,1.2797397614309407,-1.4703825503495074,1.2807654599043417,1.2171072147060262,0.05092961222925247,1.2,1.3,V,Double,Stable Non-Normal Distribution,Cyclic / Oscillatory
w1_x-4_y1,2030,Clock_MHz,103.12677834553631,3.0513650744394596,18.308190446636758,2.958848442075407,1.0924072511859866,0.750835717434468,98.9299677797813,106.84041011880906,-1.7036037445649137,107.16325920459474,98.1364750956073,0.08753094253310545,90.0,110.0,MHz,Flat,Stable Non-Normal Distribution,Step Shift / Discontinuity
w1_x-4_y1,1060,Rst_V,3267.738351452545,92.39944753327437,554.3966851996462,2.8276268659087047,1.0822575531524532,0.9658728437603431,3114.331867475412,3421.1396279523383,-0.36299180572429623,3464.8206711347284,3078.0661750286376,0.11835540502628498,3000.0,3600.0,mV,Double,Normal Distribution,Stable / Random Noise
w1_x-4_y1,1020,Standby_uA,7.062146949000107,1.180731070260368,7.084386421562208,16.719151821494478,1.2703993633954502,0.8293881434976988,5.3911083891124845,8.820491357382291,-1.1607373693432195,9.124238661254607,4.808111461253247,0.6111636066440754,1.0,10.0,uA,Double,Normal Distribution,Thermal / Upward-Downward Drift
w1_x-4_y1,1080,Temp_Sensor_C,35.02300307657826,2.5602212677170635,15.361327606302382,7.310113476331842,1.9529562007187273,1.9499612673161189,31.349142620146853,39.24294877318371,-0.32850426202479,39.56705500452517,28.133128971874328,0.3264690354408048,20.0,50.0,C,Normal,Normal Distribution,Stable / Random Noise
w1_x-4_y1,1010,VCC_mA,15.364700616158716,0.6566268620775952,3.9397611724655714,4.273606616109625,1.0152899693401287,0.8301515306410744,14.445527555954248,16.534995388076517,-0.41791347388301237,16.907643348407685,14.151154022783514,0.17940403750693537,13.0,17.0,mA,Normal,Normal Distribution,Stable / Random Noise
w1_x-4_y1,1040,VRef_Volts,1.2498622459701254,0.021835355525837614,0.1310121331550257,1.7470209694100582,0.7632880832622642,0.7611851630737716,1.2207730695833978,1.2807919346774526,-1.4616937675493942,1.281094039894159,1.2171758431440927,0.051140193214216166,1.2,1.3,V,Double,Stable Non-Normal Distribution,Cyclic / Oscillatory
w1_x-4_y2,2030,Clock_MHz,103.01802062283109,3.184673979306056,19.108043875836337,3.0913756254022426,1.0466796146146395,0.7307895483742518,98.86143320538874,107.06825704451518,-1.7201913601959307,107.87195451703089,97.9473743262615,0.0963382923760999,90.0,110.0,MHz,Double,Stable Non-Normal Distribution,Step Shift / Discontinuity
w1_x-4_y2,1060,Rst_V,3311.06824687621,106.9425007903019,641.6550047418115,3.2298488830967345,0.9350819296444628,0.9005828708218364,3187.509724697481,3508.6627429663936,0.1412286060681769,3618.937146142803,3148.1045985194232,0.14219959013758823,3000.0,3600.0,mV,Normal,Stable Non-Normal Distribution,Stable / Random Noise
w1_x-4_y2,1020,Standby_uA,7.0408172565178795,1.18640661897047,7.11843971382282,16.850410623456824,1.2643220090104161,0.8314133047262822,5.243105790246846,8.73853519371046,-1.1590172631737377,8.95282602914337,4.680973054904611,0.6067268640276363,1.0,10.0,uA,Flat,Normal Distribution,Thermal / Upward-Downward Drift
w1_x-4_y2,1080,Temp_Sensor_C,35.058917011587965,2.7002302303226804,16.20138138193608,7.7019784422610025,1.8516939570010278,1.844420872046228,30.462990166587865,39.10473461401114,-0.7033248667932721,39.74227334024529,29.378930638907974,0.29559791301915966,20.0,50.0,C,Double,Normal Distribution,Stable / Random Noise
w1_x-4_y2,1010,VCC_mA,15.091329223113673,0.6467194991163472,3.880316994698083,4.2853713516887595,1.0308436154740572,0.9837705421975893,13.827656515173837,16.256521126611858,0.25840374264805677,16.44753061096202,13.634905304315943,0.1863735967232295,13.0,17.0,mA,Normal,Stable Non-Normal Distribution,Stable / Random Noise
w1_x-4_y2,1040,VRef_Volts,1.249912126299381,0.02153819861548047,0.12922919169288283,1.7231770267921702,0.773818969924792,0.7724590031948639,1.2198608440710288,1.2787702172219706,-1.4973160328666968,1.27962069421533,1.219157452768896,0.04837399379862633,1.2,1.3,V,Double,Stable Non-Normal Distribution,Cyclic / Oscillatory
w1_x-4_y3,2030,Clock_MHz,103.22528761090936,3.0148581581349823,18.089148948809893,2.920658520709568,1.1056352101802902,0.7490360556223243,99.50790279876873,106.98487388727152,-1.8027792167082788,107.22139731091019,98.63284248301167,0.0832020430911431,90.0,110.0,MHz,Double,Stable Non-Normal Distribution,Step Shift / Discontinuity
w1_x-4_y3,1060,Rst_V,3301.700180869593,84.02179985744947,504.13079914469677,2.544804048056236,1.1901673157401889,1.183422316734067,3172.061623719369,3420.13967324983,-0.040818695735239885,3529.0519325774844,3119.7895247177166,0.12395504904748114,3000.0,3600.0,mV,Double,Normal Distribution,Stable / Random Noise
w1_x-4_y3,1020,Standby_uA,6.986350207344966,1.2020749819251613,7.212449891550968,17.206051031644286,1.2478422914997385,0.835679925120971,5.1593221901871456,8.70360204042952,-1.168194329004819,9.136541324999023,4.929219912229134,0.6022202277158396,1.0,10.0,uA,Double,Normal Distribution,Thermal / Upward-Downward Drift
w1_x-4_y3,1080,Temp_Sensor_C,34.85811247939482,2.872744441518559,17.236466649111353,8.241250708043022,1.7404959270783427,1.724032283630572,30.718648009927556,39.46796686082247,-0.938979457082167,40.34585893326707,29.210561510380995,0.31944636788547637,20.0,50.0,C,Double,Normal Distribution,Stable / Random Noise
w1_x-4_y3,1010,VCC_mA,15.051217839007837,0.6695971235306518,4.017582741183911,4.448790328416315,0.9956235521913036,0.9701267087870312,14.048693814359737,15.970640230327266,-1.0496741172312227,16.170151217572997,13.609248703804766,0.1701458673417913,13.0,17.0,mA,Double,Normal Distribution,Stable / Random Noise
w1_x-4_y3,1040,VRef_Volts,1.250287792490628,0.020782189337892994,0.12469313602735796,1.6621924538264876,0.8019687625633207,0.7973527508116427,1.2224139419534643,1.2791783400920664,-1.5112792471220136,1.2799373981388849,1.2217112994376398,0.046570156927835095,1.2,1.3,V,Double,Stable Non-Normal Distribution,Cyclic / Oscillatory
w1_x-4_y4,2030,Clock_MHz,103.22755605477407,3.1804019870830067,19.08241192249804,3.0809622048936607,1.0480855397749866,0.709810056792796,99.16412435775568,106.99335581940574,-1.8011364225720485,107.63403279885728,98.77652629443001,0.08580563991776904,90.0,110.0,MHz,Double,Stable Non-Normal Distribution,Step Shift / Discontinuity
w1_x-4_y4,1060,Rst_V,3284.6314465832074,105.84488269900783,635.069296194047,3.2224279776993403,0.9447787880720793,0.8963791771669516,3123.3966124959156,3465.777457386688,-0.5415088119498921,3485.7044129916108,3031.422600668042,0.13830526185704312,3000.0,3600.0,mV,Double,Normal Distribution,Cyclic / Oscillatory
w1_x-4_y4,1020,Standby_uA,7.029099651356997,1.2001318723625205,7.200791234175123,17.073763808866047,1.249862648049813,0.8251594170771236,5.335431777420953,8.817835466889608,-1.1728173324902418,9.11531613574736,4.898679336531334,0.5998829164986993,1.0,10.0,uA,Double,Normal Distribution,Thermal / Upward-Downward Drift
w1_x-4_y4,1080,Temp_Sensor_C,34.62345729038332,2.9533353427382663,17.720012056429596,8.529868400977266,1.6930011054430794,1.6505019572012414,30.31981612181541,38.596698472350695,-0.615624612791744,40.80569839029148,28.097504327641218,0.3670400086296399,20.0,50.0,C,Double,Normal Distribution,Stable / Random Noise
w1_x-4_y4,1010,VCC_mA,15.300960200479777,0.5622536402079027,3.373521841247416,3.6746297803602723,1.1857044916955195,1.0072795609302918,14.426814712572138,16.095986114823063,-0.7529095648238209,16.46766098290905,14.125367962710166,0.15308143995599946,13.0,17.0,mA,Normal,Normal Distribution,Stable / Random Noise
w1_x-4_y4,1040,VRef_Volts,1.2501874512375932,0.021709167800149372,0.13025500680089624,1.736473020798513,0.7677248073301088,0.7648465880248079,1.221160699432091,1.2803477893004414,-1.5094058951860965,1.2807559248012492,1.2194690822907102,0.049022122602390236,1.2,1.3,V,Flat,Stable Non-Normal Distribution,Cyclic / Oscillatory
w1_x-4_y5,2030,Clock_MHz,103.02527266825064,3.072575006381345,18.435450038288067,2.9823507638511906,1.0848663828907112,0.7566647212043914,99.1740480457355,106.88282868311573,-1.7915222389071255,107.49162483706371,98.87283834623558,0.08365701218361526,90.0,110.0,MHz,Double,Stable Non-Normal Distribution,Step Shift / Discontinuity
w1_x-4_y5,1060,Rst_V,3274.8153585283117,94.55028797778864,567.3017278667319,2.8871944713328554,1.057638238219767,0.9688507720987238,3147.0989918959813,3449.4089456521597,-0.6080704276471662,3487.1288161558286,3131.240439316283,0.10867433362700502,3000.0,3600.0,mV,Double,Normal Distribution,Stable / Random Noise
w1_x-4_y5,1020,Standby_uA,7.047219073027663,1.1590425357000234,6.95425521420014,16.446807225507033,1.2941716578969638,0.8492011972591827,5.299019161462292,8.770455397639841,-1.1041102697253276,9.323641959001009,5.081224558450343,0.6019987964881042,1.0,10.0,uA,Flat,Normal Distribution,Thermal / Upward-Downward Drift
w1_x-4_y5,1080,Temp_Sensor_C,34.046212527957785,3.1349949205807177,18.809969523484305,9.208057777370533,1.5948989158406082,1.4934859421671094,29.225862533536123,38.75011091666168,-0.3127085136433436,41.6690409986402,27.028881741609162,0.43000845527263726,20.0,50.0,C,Normal,Normal Distribution,Stable / Random Noise
w1_x-4_y5,1010,VCC_mA,15.22349798825679,0.6682735098359357,4.009641059015614,4.3897500453012395,0.9975955306538135,0.8861152335562672,13.997153982622748,16.12692872222486,0.8736914080034888,16.838315205405628,13.332330621251277,0.2303008537761047,13.0,17.0,mA,Normal,Normal Distribution,Stable / Random Noise
w1_x-4_y5,1040,VRef_Volts,1.249712316006397,0.021000573689024696,0.12600344213414819,1.6804326419807163,0.793629112874045,0.7890628250214206,1.2207197535696295,1.2786139073421081,-1.477186235056393,1.2812480229152508,1.219313459698575,0.0495590564511638,1.2,1.3,V,Double,Stable Non-Normal Distribution,Cyclic / Oscillatory
w1_x-4_y6,2030,Clock_MHz,103.14303658564,3.1803100218108358,19.081860130865014,3.083397703896582,1.0481158473460295,0.718689201926265,99.06815115263747,107.54728314706534,-1.6967554702163468,107.95537253317802,98.3392397176469,0.09323104238400826,90.0,110.0,MHz,Double,Stable Non-Normal Distribution,Step Shift / Discontinuity
w1_x-4_y6,1060,Rst_V,3314.8810574189697,92.300553335631,553.803320013786,2.784430323044471,1.0834171235829066,1.029675815500466,3144.8010165871106,3440.250572579448,0.8562980884983693,3476.350784592043,3034.8461565555554,0.1331886786852774,3000.0,3600.0,mV,Double,Normal Distribution,Stable / Random Noise
w1_x-4_y6,1020,Standby_uA,7.055099839953942,1.1434861568145072,6.8609169408870425,16.207937275937574,1.3117780141551163,0.858456729740067,5.387122123379976,8.758232858218616,-1.1502211398339803,9.11994291138275,5.206123412152501,0.5547504058079779,1.0,10.0,uA,Double,Normal Distribution,Thermal / Upward-Downward Drift
w1_x-4_y6,1080,Temp_Sensor_C,34.530269709894554,3.088713492437507,18.532280954625044,8.94494459031823,1.618796956157358,1.5681037585681843,29.279219480416398,40.17420710524022,-0.2595588508303881,41.50403458779767,28.685001215450864,0.37124046467188604,20.0,50.0,C,Normal,Normal Distribution,Stable / Random Noise
w1_x-4_y6,1010,VCC_mA,15.245189880496845,0.8225477792889518,4.935286675733711,5.395457752489107,0.8104898991314085,0.7111279383754434,14.26248918816266,16.684865707617007,1.612866543530573,16.96290253561026,12.620942917521692,0.2848084971144396,13.0,17.0,mA,Normal,Normal Distribution,Stable / Random Noise
w1_x-4_y6,1040,VRef_Volts,1.2501284023118477,0.021443198916064596,0.12865919349638757,1.715279716580308,0.7772472163274351,0.7752512095383618,1.220564869656825,1.2800344760513713,-1.4715800332390632,1.281128510598398,1.219916851296446,0.04896429773833955,1.2,1.3,V,Double,Stable Non-Normal Distribution,Cyclic / Oscillatory
w1_x-5_y-1,2030,Clock_MHz,103.01461684919956,3.23817745298587,19.42906471791522,3.1434155191065307,1.0293856287152272,0.7190653026503471,98.96237900496298,107.38586662107782,-1.7065716951519068,107.67052469499433,98.29094743052376,0.09105093579293792,90.0,110.0,MHz,Double,Stable Non-Normal Distribution,Step Shift / Discontinuity
w1_x-5_y-1,1060,Rst_V,3272.88918416159,99.26868701068737,595.6121220641243,3.0330598265005677,1.0073670057631958,0.916331867846741,3127.1113456541925,3393.5024051452137,-0.5406775788199365,3499.847127332401,3035.272101704852,0.14194645754453142,3000.0,3600.0,mV,Double,Normal Distribution,Stable / Random Noise
w1_x-5_y-1,1020,Standby_uA,7.0878193364025375,1.1876562485983129,7.125937491589877,16.75629967737178,1.2629917131074917,0.8173466767101046,5.2155883535589735,8.90725422755003,-1.087256434898543,9.259430692621038,5.150083633735625,0.579775931615539,1.0,10.0,uA,Double,Normal Distribution,Thermal / Upward-Downward Drift
w1_x-5_y-1,1080,Temp_Sensor_C,34.874897040817395,3.256835513228098,19.54101307936859,9.338624023509846,1.5352325838046756,1.5224284411868407,30.18666552667289,40.09920760928406,-0.6199493805742953,42.92319979648726,29.419762014772907,0.3871964916745131,20.0,50.0,C,Normal,Normal Distribution,Stable / Random Noise
w1_x-5_y-1,1010,VCC_mA,15.186741894038768,0.5909100028740513,3.5454600172443076,3.8909596738850247,1.1282033870202777,1.022861968343718,14.36295613873483,16.212558046696447,0.10040163171434058,16.75278015314145,13.832178975219877,0.19231255777567363,13.0,17.0,mA,Normal,Normal Distribution,Stable / Random Noise
w1_x-5_y-1,1040,VRef_Volts,1.249911395777733,0.021843437030336633,0.1310606221820198,1.7475988381356407,0.7630056864915378,0.7616535759828006,1.2205211335948478,1.2802737031711282,-1.474266282450767,1.2812572159123616,1.2157133554627582,0.05243880539933799,1.2,1.3,V,Double,Stable Non-Normal Distribution,Cyclic / Oscillatory
w1_x-5_y-2,2030,Clock_MHz,102.94342028225874,3.1304255313099048,18.782553187859428,3.040918518858851,1.064817961645784,0.7513972831236229,98.62240333697059,106.49407166790714,-1.7502370402620249,106.92417113755425,97.79420441154883,0.08868917217799958,90.0,110.0,MHz,Double,Stable Non-Normal Distribution,Step Shift / Discontinuity
w1_x-5_y-2,1060,Rst_V,3311.910529646963,113.83160742284382,682.9896445370629,3.4370375166800726,0.8784906254423315,0.8436129966459652,3124.7996513480157,3482.0882406917726,-0.1988690761875529,3551.5605362344277,3033.5313846595436,0.1564139933544956,3000.0,3600.0,mV,Normal,Normal Distribution,Stable / Random Noise
w1_x-5_y-2,1020,Standby_uA,7.025103301060918,1.2223062756641336,7.333837653984801,17.399121739313685,1.2271883323064696,0.8112796708344608,5.200044217573382,8.783879701454886,-1.2371577648537118,8.99748962523065,4.876993527828699,0.5865388622512755,1.0,10.0,uA,Double,Normal Distribution,Thermal / Upward-Downward Drift
w1_x-5_y-2,1080,Temp_Sensor_C,34.67223896608428,2.914837829412592,17.48902697647555,8.406834736758219,1.7153612971352226,1.6778793909826857,30.201312693514684,39.70490154308649,-0.5515143390882713,41.31527536866431,29.07880150215812,0.35291847978077423,20.0,50.0,C,Normal,Normal Distribution,Stable / Random Noise
w1_x-5_y-2,1010,VCC_mA,15.250733983825652,0.621832099304694,3.730992595828164,4.077391291226936,1.0721007606588737,0.9376947132676179,14.301245079475098,16.124870462929067,-0.4086319619317069,16.760536170536007,13.970192853284356,0.18296452618024697,13.0,17.0,mA,Double,Normal Distribution,Stable / Random Noise
w1_x-5_y-2,1040,VRef_Volts,1.2503219522476878,0.021592424279131835,0.12955454567479102,1.7269491462031366,0.7718756565363671,0.7669055144852192,1.2202153510517513,1.2806559965622024,-1.4629038201989835,1.2812588452624312,1.2199217900902866,0.049057008926284756,1.2,1.3,V,Double,Stable Non-Normal Distribution,Cyclic / Oscillatory
w1_x-5_y-3,2030,Clock_MHz,103.06491965543547,3.1790478566074674,19.074287139644802,3.084510100270388,1.0485319767694572,0.727165350274125,98.6966315236905,106.97956412944787,-1.682292752713339,107.57147020877855,97.82863574886434,0.09453104404957818,90.0,110.0,MHz,Double,Stable Non-Normal Distribution,Step Shift / Discontinuity
w1_x-5_y-3,1060,Rst_V,3296.307716533579,99.91298035984485,599.4778821590692,3.0310574422012415,1.0008709543028516,0.9885526233808735,3169.8363496189795,3472.466087735457,1.2630682337266164,3629.1797406668866,3119.6789547525423,0.1545671186457492,3000.0,3600.0,mV,Double,Normal Distribution,Stable / Random Noise
w1_x-5_y-3,1020,Standby_uA,7.0538602487181405,1.208437641251849,7.250625847511094,17.131579002737567,1.2412721590218878,0.8126580555230758,5.179149421742648,8.816603386350135,-1.0801129288250024,9.24316609223937,4.777294442755661,0.6331103101022263,1.0,10.0,uA,Flat,Normal Distribution,Thermal / Upward-Downward Drift
w1_x-5_y-3,1080,Temp_Sensor_C,34.6386857742436,3.2088298239407322,19.252978943644393,9.263717003740172,1.5582004264282079,1.5206670943849943,29.928665124062604,39.148334304068904,0.24517745826769355,41.10544178204206,25.63097562516858,0.4467394132019834,20.0,50.0,C,Normal,Normal Distribution,Stable / Random Noise
w1_x-5_y-3,1010,VCC_mA,15.147176140021958,0.5991877707359969,3.5951266244159816,3.9557721201433678,1.1126172782995616,1.0307419201286283,14.142887897510633,16.07205805160607,-0.8123537452528287,16.25503919235388,13.95970798791248,0.15153525536529955,13.0,17.0,mA,Double,Normal Distribution,Stable / Random Noise
w1_x-5_y-3,1040,VRef_Volts,1.2497953481407762,0.021568337012791608,0.12941002207674965,1.7257495032988523,0.77273767823556,0.7695748341846962,1.220565458948499,1.2801473199218312,-1.4934142530382815,1.2810574228131004,1.218467781863293,0.05007991191751291,1.2,1.3,V,Double,Stable Non-Normal Distribution,Cyclic / Oscillatory
w1_x-5_y-4,2030,Clock_MHz,103.21984029190133,3.122308945923053,18.73385367553832,3.0249116227009223,1.0675860048012944,0.7238403614683765,99.19518789686494,107.14696178926984,-1.751278821782789,107.70142175240613,98.69253471890882,0.08727863759545225,90.0,110.0,MHz,Flat,Stable Non-Normal Distribution,Step Shift / Discontinuity
w1_x-5_y-4,1060,Rst_V,3308.142465407258,115.85931901693576,695.1559141016146,3.502246962712731,0.8631157238666531,0.8396894241198376,3144.0920521022113,3492.7705502050817,0.20381077031964923,3655.062763148273,3113.930754590765,0.1635757873840208,3000.0,3600.0,mV,Normal,Normal Distribution,Stable / Random Noise
w1_x-5_y-4,1020,Standby_uA,6.985492523560591,1.1938454012800626,7.163072407680375,17.09035400515388,1.256444090995093,0.8416800235628499,5.195874195765747,8.840045517180592,-1.1490638625669505,8.996212885987067,4.994363910824881,0.5728800026146752,1.0,10.0,uA,Double,Normal Distribution,Thermal / Upward-Downward Drift
w1_x-5_y-4,1080,Temp_Sensor_C,34.21336771237132,3.049510092439973,18.297060554639838,8.913212280290345,1.6396076249740827,1.5536230718509638,29.559733302720044,38.380190735001875,-0.08274212655406421,39.57800032697588,25.683206503201696,0.40612178083684886,20.0,50.0,C,Normal,Normal Distribution,Stable / Random Noise
w1_x-5_y-4,1010,VCC_mA,15.180155179744002,0.7794343668156086,4.6766062008936515,5.1345612583438225,0.8553211085499653,0.7782758445251363,13.997638060397614,16.45373516539756,0.4762339967537632,17.25263195571844,13.103170985769982,0.273347730692858,13.0,17.0,mA,Normal,Normal Distribution,Stable / Random Noise
w1_x-5_y-4,1040,VRef_Volts,1.250318668711929,0.021244455429623492,0.12746673257774094,1.6991232684311919,0.7845184227893415,0.7795183932838448,1.2213003958494775,1.2799582596564554,-1.4570571458965795,1.2833946094235265,1.2194844608796753,0.051115087811726426,1.2,1.3,V,Double,Stable Non-Normal Distribution,Cyclic / Oscillatory
w1_x-5_y-5,2030,Clock_MHz,103.26339214897475,3.0756586801002648,18.45395208060159,2.9784598550308243,1.0837786893910701,0.7300992027725743,99.34458836132377,106.89950749527655,-1.7912263254903225,107.40842796025933,99.05123707825862,0.08093081883213811,90.0,110.0,MHz,Double,Stable Non-Normal Distribution,Step Shift / Discontinuity
w1_x-5_y-5,1060,Rst_V,3304.3693520003108,95.43185148219689,572.5911088931814,2.888050375616361,1.0478681744810883,1.0326064914669852,3157.5774346018297,3460.0198221118535,-0.23188411167919876,3507.234764994937,3067.3083819141493,0.13313474863652175,3000.0,3600.0,mV,Double,Normal Distribution,Stable / Random Noise
w1_x-5_y-5,1020,Standby_uA,7.001533628693944,1.2067758612851505,7.240655167710903,17.23587895571189,1.2429814418085738,0.8282306785378942,5.284193495757619,8.807550004925378,-1.136631912149921,9.276390827022349,4.732705442647404,0.6489557324632199,1.0,10.0,uA,Double,Normal Distribution,Thermal / Upward-Downward Drift
w1_x-5_y-5,1080,Temp_Sensor_C,35.17472317374881,2.5888637820491165,15.533182692294698,7.3600118166138335,1.9313492021748788,1.908852438026797,30.68352313794741,38.704849447993965,-0.02234635232255444,41.75646880070107,29.379187353162493,0.35187999593912506,20.0,50.0,C,Double,Normal Distribution,Stable / Random Noise
w1_x-5_y-5,1010,VCC_mA,15.19907559324613,0.6251526559412764,3.750915935647659,4.113096563708583,1.0664061974796917,0.960258474277382,14.292060930891475,16.067637560165586,-0.7247436673658711,16.34716769392925,13.710815569892496,0.17345476755232703,13.0,17.0,mA,Double,Normal Distribution,Stable / Random Noise
w1_x-5_y-5,1040,VRef_Volts,1.2501932260859885,0.02127911910290947,0.12767471461745683,1.7020664213266095,0.7832404427111771,0.7802135930085178,1.2216854230944068,1.2798357794424853,-1.4762929561115636,1.2817134649926503,1.2161679831654542,0.05242828105252258,1.2,1.3,V,Flat,Stable Non-Normal Distribution,Cyclic / Oscillatory
w1_x-5_y-6,2030,Clock_MHz,102.91622762173887,3.0815752018378118,18.48945121102687,2.994255884663707,1.081697870409061,0.7662501496027594,98.72439409170731,106.6513058614381,-1.7471067929855026,106.88424188770652,98.3537395643532,0.08288782556922471,90.0,110.0,MHz,Double,Stable Non-Normal Distribution,Step Shift / Discontinuity
w1_x-5_y-6,1060,Rst_V,3294.9641310329544,104.03589862717115,624.2153917630269,3.1574212795620458,0.9612066730770076,0.9450716368907885,3139.3855979326663,3453.7438108355846,1.2767444876642786,3613.431805668227,3092.314443474822,0.15815570108498792,3000.0,3600.0,mV,Normal,Normal Distribution,Stable / Random Noise
w1_x-5_y-6,1020,Standby_uA,7.025413546805553,1.1863240221737485,7.117944133042491,16.886180639332878,1.2644100363503477,0.8357993256468538,5.156295692797702,8.728856528322472,-1.198944145512001,8.971533054679686,4.981327114933418,0.5679674104822783,1.0,10.0,uA,Double,Normal Distribution,Thermal / Upward-Downward Drift
w1_x-5_y-6,1080,Temp_Sensor_C,34.79461195691942,3.1867911509838596,19.120746905903157,9.15886389228755,1.5689763662285643,1.5474931005286066,28.87662645878274,40.091208345163345,1.6361014164749719,44.96058980519973,27.86570035134998,0.4913085242915084,20.0,50.0,C,Double,Stable Non-Normal Distribution,Stable / Random Noise
w1_x-5_y-6,1010,VCC_mA,15.285255419652804,0.7317729446798928,4.390637668079357,4.787443353671578,0.9110293999162454,0.7810913630216699,14.227572564232398,16.360686341912032,-0.14694894473430198,17.053827510553177,13.612269809987048,0.22515539361816578,13.0,17.0,mA,Normal,Normal Distribution,Stable / Random Noise
w1_x-5_y-6,1040,VRef_Volts,1.2505151171730633,0.021495926684349874,0.12897556010609923,1.7189657597217973,0.7753406918158529,0.7673528657092704,1.2218825875338941,1.279627913991195,-1.4780114943374394,1.2833782785029668,1.2179587255970368,0.05231408401828732,1.2,1.3,V,Double,Stable Non-Normal Distribution,Cyclic / Oscillatory
w1_x-5_y0,2030,Clock_MHz,103.07980359916546,3.155883972421285,18.93530383452771,3.0615929233753754,1.0562281004190102,0.7309305898979939,98.96913368101708,107.42891669731355,-1.6351752436022706,107.7203019821831,97.8766950515647,0.09549501053471256,90.0,110.0,MHz,Flat,Stable Non-Normal Distribution,Step Shift / Discontinuity
w1_x-5_y0,1060,Rst_V,3314.3827784307687,111.294727624345,667.76836574607,3.3579322324695013,0.8985151600130755,0.8554380118025597,3166.1088265467274,3508.3403618796483,-0.993839042239034,3532.670225872287,3131.341477852948,0.12108702429637669,3000.0,3600.0,mV,Double,Normal Distribution,Stable / Random Noise
w1_x-5_y0,1020,Standby_uA,6.981809715706891,1.168241514981114,7.009449089886685,16.732646155522335,1.2839810781970449,0.8611776034290024,5.185891359507769,8.81565487224235,-1.1090930027149237,9.089261754242024,4.886262056922062,0.6019928741203767,1.0,10.0,uA,Double,Normal Distribution,Thermal / Upward-Downward Drift
w1_x-5_y0,1080,Temp_Sensor_C,35.03216616577017,2.9318807436850283,17.59128446211017,8.369110633386297,1.7053899653897893,1.701732908301155,30.62705184458789,40.367449380850324,-0.5148267853930752,40.94988587936391,29.18812343108754,0.33574179777009494,20.0,50.0,C,Double,Normal Distribution,Stable / Random Noise
w1_x-5_y0,1010,VCC_mA,15.091211197202142,0.6767758886762121,4.060655332057273,4.484569726263482,0.9850626741012902,0.9401383011893292,14.033644340988252,16.285782690095314,-0.38383288414538796,16.66379417467522,13.863057972296287,0.18558723788175335,13.0,17.0,mA,Double,Normal Distribution,Stable / Random Noise
w1_x-5_y0,1040,VRef_Volts,1.2498519526470746,0.021751690831835445,0.13051014499101266,1.7403413888954857,0.7662239591174035,0.7639552105394966,1.220547284577576,1.2793898560027537,-1.5042749362882692,1.2820397706090498,1.218598685350363,0.05075887998120442,1.2,1.3,V,Double,Stable Non-Normal Distribution,Cyclic / Oscillatory
w1_x-5_y1,2030,Clock_MHz,103.1822089781238,3.0955925707541003,18.573555424524603,3.0001224061896306,1.0767997587361176,0.7341395727469564,99.17833763850614,106.97876623777886,-1.786493075667309,107.73361540556064,98.88445224620932,0.08576248993881763,90.0,110.0,MHz,Flat,Stable Non-Normal Distribution,Step Shift / Discontinuity
w1_x-5_y1,1060,Rst_V,3303.9477681315884,110.75238015188826,664.5142809113296,3.352122609811102,0.9029151325042205,0.8910334672187903,3143.640179834494,3488.9514309947094,-0.8151431019986246,3542.122508325744,3102.8145492480385,0.132964559341729,3000.0,3600.0,mV,Double,Normal Distribution,Stable / Random Noise
w1_x-5_y1,1020,Standby_uA,6.988022011764724,1.1646107385323763,6.987664431194258,16.66581382502358,1.287984002182803,0.8620843252830618,5.2365081676229925,8.739513145016582,-1.2522564358944142,8.857638573875752,4.964233931120926,0.5571540324572621,1.0,10.0,uA,Double,Normal Distribution,Thermal / Upward-Downward Drift
w1_x-5_y1,1080,Temp_Sensor_C,35.33376822484239,3.1097649321956795,18.658589593174078,8.801113179910637,1.6078385694798165,1.572062207801923,30.527662466609797,39.64918318560286,-0.11984137613516177,43.57221182544025,30.076784187880264,0.38194136418406827,20.0,50.0,C,Double,Normal Distribution,Stable / Random Noise
w1_x-5_y1,1010,VCC_mA,15.107593086863092,0.6812264177088178,4.087358506252906,4.509165780359696,0.9786271485314382,0.9259803906321764,14.041834172043703,16.13355380305524,0.967531141543482,17.04415209467331,13.16269234209605,0.2569211210720528,13.0,17.0,mA,Normal,Normal Distribution,Stable / Random Noise
w1_x-5_y1,1040,VRef_Volts,1.2500245063354405,0.021305325276591784,0.1278319516595507,1.7043926073937756,0.7822770340417375,0.7818936191736653,1.2196855157131965,1.2792444486475207,-1.4149769058851878,1.283335478489906,1.218583889734866,0.05180025545648315,1.2,1.3,V,Double,Stable Non-Normal Distribution,Cyclic / Oscillatory
w1_x-5_y2,2030,Clock_MHz,103.15218084646558,3.051456793775766,18.308740762654594,2.958208705560607,1.0923744160928406,0.7480382449351528,98.91120764361665,107.01845363591423,-1.633459427114005,107.92735928856008,98.20263953423625,0.09427546441115343,90.0,110.0,MHz,Double,Stable Non-Normal Distribution,Step Shift / Discontinuity
w1_x-5_y2,1060,Rst_V,3286.6277133765507,97.15560196634249,582.9336117980549,2.95608783346285,1.0292767269832046,0.9833974489563206,3154.1433392695676,3469.5050864692334,-0.06185410585620499,3514.3073177272768,3081.7359708548356,0.13161555995888397,3000.0,3600.0,mV,Double,Normal Distribution,Stable / Random Noise
w1_x-5_y2,1020,Standby_uA,7.007703786385407,1.1654008472649553,6.992405083589732,16.63028122748425,1.2871107855467117,0.8558703844653177,5.2303023932523045,8.759381843899261,-1.198397755075418,8.852523951639812,4.976277402822723,0.5531407529450482,1.0,10.0,uA,Double,Normal Distribution,Thermal / Upward-Downward Drift
w1_x-5_y2,1080,Temp_Sensor_C,35.19002515729387,3.0545541297380985,18.32732477842859,8.680170349650854,1.636900112956488,1.6161632995272277,31.187857613963846,39.68987718904438,-1.0541635589746274,40.31361869647562,28.311100187650254,0.34107729264687936,20.0,50.0,C,Double,Stable Non-Normal Distribution,Stable / Random Noise
w1_x-5_y2,1010,VCC_mA,15.41842470964505,0.6400941724646283,3.84056503478777,4.151488783832859,1.0415134137211768,0.8236159398573225,14.502133008156033,16.457761810742344,-0.6595579868786965,16.786950072351498,13.996892855555414,0.18095604896982465,13.0,17.0,mA,Double,Normal Distribution,Stable / Random Noise
w1_x-5_y2,1040,VRef_Volts,1.2496523966912176,0.021583976253537737,0.12950385752122642,1.7271984041871944,0.7721777707170577,0.766809539755669,1.2192799758519082,1.2793200176645632,-1.4686379188944858,1.282667275820339,1.2182545304793204,0.05154452991213255,1.2,1.3,V,Double,Stable Non-Normal Distribution,Cyclic / Oscillatory
w1_x-5_y3,2030,Clock_MHz,103.13193697929533,3.1685629151241734,19.01137749074504,3.072339187966857,1.0520016242766328,0.7225213453415588,99.09894219657646,106.9063178426638,-1.7932023828430426,107.53805869581493,98.24760792779074,0.09008315988372571,90.0,110.0,MHz,Double,Stable Non-Normal Distribution,Step Shift / Discontinuity
w1_x-5_y3,1060,Rst_V,3315.223176154362,115.06597217645452,690.3958330587271,3.47083638302536,0.869066658965426,0.8249668095010472,3160.245565650016,3508.418793815545,0.09502572764544626,3598.1433964380935,3043.71920129394,0.16723585885016712,3000.0,3600.0,mV,Double,Normal Distribution,Cyclic / Oscillatory
w1_x-5_y3,1020,Standby_uA,7.029988525834447,1.156687542179334,6.940125253076003,16.45361920476303,1.2968065664248667,0.855895640456686,5.287000069417367,8.727912538431712,-1.2073603825072574,8.85369561119436,4.980263824599128,0.550986928692812,1.0,10.0,uA,Double,Normal Distribution,Thermal / Upward-Downward Drift
w1_x-5_y3,1080,Temp_Sensor_C,34.6433405315161,3.1497590029876044,18.898554017925626,9.091960979115662,1.5874230362568718,1.5496784058321738,29.81109191669283,39.90081603297451,-0.45908764403416713,41.933886985129156,29.007584210703758,0.3731251829674435,20.0,50.0,C,Normal,Normal Distribution,Stable / Random Noise
w1_x-5_y3,1010,VCC_mA,15.231066837476517,0.7969840739142297,4.781904443485378,5.2326214730620535,0.8364868113266871,0.7398446302846504,14.003018675466079,16.483622927718724,-0.5579422730744037,17.1677999046261,13.885241625737438,0.21551729198717884,13.0,17.0,mA,Double,Normal Distribution,Stable / Random Noise
w1_x-5_y3,1040,VRef_Volts,1.2499478989947186,0.02142364154826469,0.12854184928958814,1.7139627632075576,0.7779567553498709,0.7771461087694869,1.2208228639514174,1.2790697284770796,-1.5149516631882656,1.281128714383596,1.2185261600360113,0.050084131024927855,1.2,1.3,V,Double,Stable Non-Normal Distribution,Cyclic / Oscillatory
w1_x-5_y4,2030,Clock_MHz,103.00253367185735,2.9437729371587342,17.662637622952406,2.8579616755223958,1.1323337106803468,0.7923467012706549,99.07934208774203,106.43967973399396,-1.740234032090926,107.40338286660194,98.4852998799541,0.08658120017764641,90.0,110.0,MHz,Double,Stable Non-Normal Distribution,Step Shift / Discontinuity
w1_x-5_y4,1060,Rst_V,3288.943781276581,110.7969842948811,664.7819057692866,3.3687709995418653,0.9025516410614082,0.8692889465522223,3084.406476738262,3476.3046806082734,-0.5769056336374563,3478.8672674177765,3076.5090553981972,0.12233660371762471,3000.0,3600.0,mV,Double,Normal Distribution,Stable / Random Noise
w1_x-5_y4,1020,Standby_uA,6.982393725731794,1.2126479893652469,7.275887936191481,17.367224436175068,1.2369624269819355,0.8294812401543814,5.055022389384888,8.830320562717297,-1.1579796051971145,9.010044368913046,4.921456510334808,0.5855567616461977,1.0,10.0,uA,Double,Normal Distribution,Thermal / Upward-Downward Drift
w1_x-5_y4,1080,Temp_Sensor_C,35.084607451877794,2.6589599273414968,15.95375956404898,7.578707930503535,1.8804345069612016,1.8698279221573975,31.3013713864578,39.48228946921439,-0.4146236072741827,40.848823073207214,28.94541240319051,0.3392772937916856,20.0,50.0,C,Normal,Normal Distribution,Stable / Random Noise
w1_x-5_y4,1010,VCC_mA,15.35488076570193,0.6278292127764299,3.766975276658579,4.088792497684559,1.0618599025019673,0.8734430748679298,14.37207330127782,16.29967108447414,-1.0744365170439325,16.48277128969445,14.234756020019658,0.1464039548060944,13.0,17.0,mA,Double,Normal Distribution,Stable / Random Noise
w1_x-5_y4,1040,VRef_Volts,1.2497928224228192,0.021154036975125,0.12692422185075,1.692603493602746,0.7878716807701995,0.7846070938511728,1.221493870499011,1.2798636562998311,-1.4599510560415208,1.2811808697779625,1.2203998294137823,0.04863289280726664,1.2,1.3,V,Double,Stable Non-Normal Distribution,Cyclic / Oscillatory
w1_x-5_y5,2030,Clock_MHz,102.95250312751837,3.2348602268942637,19.409161361365584,3.142089923629658,1.0304412245142387,0.7262031307040239,98.96413987152292,107.12651061000142,-1.7223935173954001,108.0669020452694,98.64210263269193,0.09154512154895143,90.0,110.0,MHz,Double,Stable Non-Normal Distribution,Step Shift / Discontinuity
w1_x-5_y5,1060,Rst_V,3289.911005578306,101.06810299432892,606.4086179659736,3.0720619136189375,0.9894318487961641,0.9561572741189938,3141.5270325103224,3439.4565719834645,1.4535044200875893,3499.1680643766235,2944.6877350487484,0.16853961349948665,3000.0,3600.0,mV,Normal,Normal Distribution,Stable / Random Noise
w1_x-5_y5,1020,Standby_uA,7.012662691833149,1.1797248159916935,7.078348895950161,16.82277998862807,1.27148295913321,0.8440774401148946,5.246697002444307,8.718288740091673,-1.160448771102535,9.226718936275407,5.157696776808079,0.5802392526601994,1.0,10.0,uA,Double,Normal Distribution,Thermal / Upward-Downward Drift
w1_x-5_y5,1080,Temp_Sensor_C,35.006359551635754,3.036247419220575,18.21748451532345,8.67341665374256,1.6467696171096404,1.6460714360154938,29.314209342344004,38.68271902448484,-0.23375709793291932,39.25853704722288,27.628951822889647,0.33221349986933485,20.0,50.0,C,Normal,Stable Non-Normal Distribution,Stable / Random Noise
w1_x-5_y5,1010,VCC_mA,15.248515271202782,0.6285644842702853,3.771386905621712,4.122135651182681,1.060617778048047,0.9288279206709957,14.225825639790653,16.23229229280498,-0.3781255496516205,16.78333715350459,13.903887786174735,0.18883473676730808,13.0,17.0,mA,Normal,Normal Distribution,Stable / Random Noise
w1_x-5_y5,1040,VRef_Volts,1.2502040987974712,0.02122999351600979,0.12737996109605873,1.6981222135193923,0.7850528382921149,0.7818482714871797,1.2211687229909651,1.280782343095993,-1.4575449786562187,1.2830980562246876,1.2189112403493356,0.05134106977979926,1.2,1.3,V,Double,Stable Non-Normal Distribution,Cyclic / Oscillatory
w1_x-5_y6,2030,Clock_MHz,103.13252588785355,3.2095960470920124,19.257576282552073,3.112108444412708,1.0385522926953474,0.7132230984195644,99.03421374504424,106.9688003480177,-1.809773599136426,107.56882883367126,98.56507555901432,0.08730275145638959,90.0,110.0,MHz,Double,Stable Non-Normal Distribution,Step Shift / Discontinuity
w1_x-5_y6,1060,Rst_V,3290.821605571039,90.60588834923378,543.6353300954027,2.753290795096485,1.1036810280426512,1.0699142953788627,3125.1495212164346,3432.5859127853505,0.01691719415063231,3476.5379316991794,3079.517525893079,0.12064476698888316,3000.0,3600.0,mV,Double,Normal Distribution,Stable / Random Noise
w1_x-5_y6,1020,Standby_uA,7.105608715483118,1.1596408230275235,6.957844938165141,16.320077131473152,1.2935039627907254,0.8319792436421166,5.408542185946432,8.804861347882529,-1.1469963040063098,9.124173211878873,4.999110553252948,0.5805361403643595,1.0,10.0,uA,Double,Normal Distribution,Thermal / Upward-Downward Drift
w1_x-5_y6,1080,Temp_Sensor_C,34.956606188773556,3.0109280446796336,18.0655682680778,8.613330563098556,1.6606175656821471,1.6558135306711785,30.795615917439125,39.9140420142951,-0.5470591568988805,41.177034500876765,27.937598465224692,0.37873917062074425,20.0,50.0,C,Double,Normal Distribution,Stable / Random Noise
w1_x-5_y6,1010,VCC_mA,15.499450799723666,0.7652621790738652,4.5915730744431915,4.937350290421314,0.8711611326114134,0.6536100704259407,14.41917817999301,16.802202419459903,-0.318110548507772,17.258669367230702,13.9350883519114,0.21443217945364598,13.0,17.0,mA,Double,Normal Distribution,Stable / Random Noise
w1_x-5_y6,1040,VRef_Volts,1.249588301462173,0.021653792981783174,0.12992275789069904,1.7328741759542368,0.7696880948611615,0.7633505055964166,1.2197030940505567,1.27903940111181,-1.4805118217955187,1.2817032246768691,1.2163951146998577,0.05226370149319808,1.2,1.3,V,Double,Stable Non-Normal Distribution,Cyclic / Oscillatory
w1_x-6_y-1,2030,Clock_MHz,103.04084656442015,2.8714745241271724,17.228847144763034,2.786734212564873,1.160843777413122,0.8078489961756018,99.50043646133304,106.78515455857202,-1.7178660127156336,107.31891219471477,98.38812474238568,0.08667230278184528,90.0,110.0,MHz,Double,Stable Non-Normal Distribution,Step Shift / Discontinuity
w1_x-6_y-1,1060,Rst_V,3315.252619397502,85.7904740011335,514.7428440068011,2.5877507342630395,1.1656305803681506,1.1063675150333356,3169.601391323191,3451.2963738726926,0.019092707336781256,3491.079994744177,3090.889089981573,0.12071203938459835,3000.0,3600.0,mV,Double,Normal Distribution,Stable / Random Noise
w1_x-6_y-1,1020,Standby_uA,7.069657254165328,1.1337836297620316,6.80270177857219,16.037321032699634,1.3230037554121619,0.8615232127520127,5.3350001038360375,8.867971350807977,-1.0778956261970276,9.032355397988756,4.972699503985545,0.574236592815207,1.0,10.0,uA,Double,Normal Distribution,Thermal / Upward-Downward Drift
w1_x-6_y-1,1080,Temp_Sensor_C,34.857893282446454,2.8562745976498394,17.137647585899035,8.194053996625742,1.7505319706004567,1.7339478137794855,29.805782044526502,38.79750186301611,-0.8438915759707983,40.04982914047812,29.252441580351217,0.3097544499501979,20.0,50.0,C,Normal,Normal Distribution,Stable / Random Noise
w1_x-6_y-1,1010,VCC_mA,15.138472727709031,0.6908272305411883,4.14496338324713,4.563387885732475,0.9650266190931784,0.8982116849643502,14.113166492532072,16.23057484101641,1.639933884790925,16.566299545824872,12.766045904710426,0.2510328293658428,13.0,17.0,mA,Normal,Normal Distribution,Stable / Random Noise
w1_x-6_y-1,1040,VRef_Volts,1.2500735136550292,0.021492525775798948,0.12895515465479368,1.719300948386467,0.775463379247576,0.7743232363005809,1.218722953598029,1.2781868328461181,-1.4559149152958255,1.2814734305170998,1.2164988983090748,0.05197656897637099,1.2,1.3,V,Double,Stable Non-Normal Distribution,Cyclic / Oscillatory
w1_x-6_y-2,2030,Clock_MHz,103.44159279647249,3.1535955225632324,18.921573135379393,3.0486726251094374,1.056994566831453,0.693220078119684,99.44416400041868,107.46157028829751,-1.7313745125226756,107.88428363781595,98.99437409277448,0.08594134433460343,90.0,110.0,MHz,Double,Stable Non-Normal Distribution,Step Shift / Discontinuity
w1_x-6_y-2,1060,Rst_V,3291.303677929438,119.78025016037185,718.6815009622311,3.6392949992303874,0.8348621735729522,0.8106614057532194,3098.2327430483747,3477.550077852002,0.10139153718781246,3640.56586890246,3079.3303744570435,0.17052072654641523,3000.0,3600.0,mV,Normal,Normal Distribution,Stable / Random Noise
w1_x-6_y-2,1020,Standby_uA,7.0063583333825115,1.206237334981585,7.2374240098895095,17.216323767431987,1.2435363725687532,0.8272671775280418,5.131783955532753,8.89132337882653,-1.10730461527401,9.229819093887794,5.099054876096893,0.5895736445721671,1.0,10.0,uA,Double,Normal Distribution,Thermal / Upward-Downward Drift
w1_x-6_y-2,1080,Temp_Sensor_C,34.57210403074582,2.7567928580586862,16.540757148352117,7.974038420129139,1.8137017387374414,1.7619633611751049,30.550731424839583,38.94877165270402,-0.19905333584488494,41.35672653846274,28.555032202755335,0.3702897088451007,20.0,50.0,C,Normal,Normal Distribution,Stable / Random Noise
w1_x-6_y-2,1010,VCC_mA,15.22763127765045,0.6883528768992333,4.1301172613954,4.520419915272882,0.9684955043258412,0.8582655698016368,14.232314498295075,16.361191382576898,-0.1674528853294519,16.927666142519694,13.68059062838125,0.21323575905756054,13.0,17.0,mA,Normal,Normal Distribution,Stable / Random Noise
w1_x-6_y-2,1040,VRef_Volts,1.2502949004741921,0.021030996986814886,0.1261859819208893,1.6820829213042927,0.7924810543749131,0.7878069936004445,1.222376995082544,1.278780853164754,-1.491108339146551,1.280433838217514,1.2179959024325242,0.04993856710229668,1.2,1.3,V,Double,Stable Non-Normal Distribution,Cyclic / Oscillatory
w1_x-6_y-3,2030,Clock_MHz,103.06475872018004,3.2797562678092342,19.678537606855407,3.1822286381261953,1.016335685078174,0.7048533197308253,99.04475770000586,107.03634301448167,-1.7693087403542425,108.13215737434398,98.49582486822192,0.0934978418014311,90.0,110.0,MHz,Double,Stable Non-Normal Distribution,Step Shift / Discontinuity
w1_x-6_y-3,1060,Rst_V,3294.224442904651,99.76190942734829,598.5714565640897,3.028388355329674,1.0023865879674758,0.9830887847327481,3162.929627881625,3444.0199652919787,0.6784650576704103,3604.5557325921914,3080.032443434588,0.159225122103432,3000.0,3600.0,mV,Normal,Normal Distribution,Stable / Random Noise
w1_x-6_y-3,1020,Standby_uA,6.995420553005989,1.1210551695051991,6.726331017031194,16.02555787762428,1.3380251398885714,0.8933784077489973,5.193383433651615,8.646000570401027,-1.1606347884285428,8.859777538858236,5.005571609427404,0.5509612896360674,1.0,10.0,uA,Flat,Normal Distribution,Thermal / Upward-Downward Drift
w1_x-6_y-3,1080,Temp_Sensor_C,34.411213473310895,3.255715355317878,19.534292131907268,9.461204725729852,1.535760794269994,1.4754784433444252,28.443706153412766,39.47705372637194,0.6319251459606567,43.556441719486855,27.377177094740595,0.4701741958996822,20.0,50.0,C,Normal,Normal Distribution,Stable / Random Noise
w1_x-6_y-3,1010,VCC_mA,15.191853902776677,0.7587423879355131,4.552454327613079,4.99440287400891,0.8786469258434627,0.794361004900564,14.013703506364498,16.32860561324113,-0.3865069085917683,17.0546122767979,13.809727184036566,0.21359375317374885,13.0,17.0,mA,Normal,Normal Distribution,Stable / Random Noise
w1_x-6_y-3,1040,VRef_Volts,1.2504865055436614,0.02161424722599362,0.12968548335596172,1.728467051037597,0.7710963279175921,0.7635934751530155,1.2204717808908212,1.2809660880903249,-1.4320929726856615,1.2821426269747516,1.2192208584394084,0.05031783090533015,1.2,1.3,V,Double,Stable Non-Normal Distribution,Cyclic / Oscillatory
w1_x-6_y-4,2030,Clock_MHz,103.17999949524865,3.2137489972858915,19.282493983715348,3.114701505143816,1.0372102289719685,0.7073774285122086,99.06014283586555,107.07492946563406,-1.695425314285324,108.08654652297912,97.76027678668154,0.10008014912592718,90.0,110.0,MHz,Double,Stable Non-Normal Distribution,Step Shift / Discontinuity
w1_x-6_y-4,1060,Rst_V,3260.603850267565,104.3011490888078,625.8068945328469,3.1988292315930638,0.9587622080256702,0.8328570763417397,3095.814413046031,3441.783073145885,0.343569804629293,3556.229924853856,3054.74167532707,0.15380226257342916,3000.0,3600.0,mV,Double,Normal Distribution,Stable / Random Noise
w1_x-6_y-4,1020,Standby_uA,7.052508649525896,1.1810037816229852,7.086022689737911,16.745867893439282,1.2701060092615764,0.8319169947741509,5.289678488867559,8.80279829972073,-1.2126841458116486,9.250463395126458,5.1042008941184935,0.5879131394311294,1.0,10.0,uA,Flat,Normal Distribution,Thermal / Upward-Downward Drift
w1_x-6_y-4,1080,Temp_Sensor_C,35.09102117319527,2.5432019506343226,15.259211703805935,7.247443549967078,1.96602554459071,1.9540955478173418,31.310760299208265,38.75730464621173,0.545870831643636,41.50889549418617,27.832250115623683,0.38974771668969177,20.0,50.0,C,Double,Normal Distribution,Stable / Random Noise
w1_x-6_y-4,1010,VCC_mA,15.086730070056795,0.585677783058659,3.514066698351954,3.882072393016933,1.1382823216975198,1.088920668944901,14.17053712075506,16.065046811957046,-0.4355246578078753,16.510920167701585,14.098065352168975,0.15993225863578578,13.0,17.0,mA,Normal,Normal Distribution,Stable / Random Noise
w1_x-6_y-4,1040,VRef_Volts,1.2499126734910522,0.02177442571482631,0.13064655428895786,1.7420757607017086,0.7654239374643194,0.7640871014578422,1.2196907274747049,1.2792942737072173,-1.4528063002186384,1.2811943510733457,1.2162945258323876,0.05192348763029216,1.2,1.3,V,Double,Stable Non-Normal Distribution,Cyclic / Oscillatory
w1_x-6_y-5,2030,Clock_MHz,103.1800551544141,3.1812864923138164,19.0877189538829,3.0832378288157165,1.0477941365503771,0.7145898220801867,99.04294418829001,107.46429290061612,-1.7051880609009675,108.28822836139814,98.74922750350673,0.09245004612195465,90.0,110.0,MHz,Flat,Stable Non-Normal Distribution,Step Shift / Discontinuity
w1_x-6_y-5,1060,Rst_V,3293.1644975836216,92.05012012447841,552.3007207468704,2.7951874311781486,1.0863646876807012,1.061611859521669,3157.5841762196014,3447.4916989822145,-0.25068607872444604,3514.0113606949217,3109.266905072511,0.12290441486278456,3000.0,3600.0,mV,Double,Normal Distribution,Stable / Random Noise
w1_x-6_y-5,1020,Standby_uA,6.969910577166295,1.2235917313615237,7.341550388169142,17.555343326355707,1.2258990981664362,0.825463086847888,5.1576776956411114,8.785242090428484,-1.158293625453419,9.116147763548291,4.769332999753571,0.6236543088565668,1.0,10.0,uA,Double,Normal Distribution,Thermal / Upward-Downward Drift
w1_x-6_y-5,1080,Temp_Sensor_C,35.273590205655935,2.907324298211075,17.44394578926645,8.242212605126031,1.7197943838176508,1.6884264572073446,30.815163368129802,40.84411040200335,-0.1773606141769628,42.21299901192832,30.17943900470703,0.34114928299223046,20.0,50.0,C,Double,Normal Distribution,Stable / Random Noise
w1_x-6_y-5,1010,VCC_mA,15.119415766808158,0.7416606397459351,4.449963838475611,4.905352502932765,0.8988837089899249,0.8452132652997282,14.075636099730174,16.016114659256324,1.8320601928724711,17.124232187524264,12.595700248893273,0.29951765388795865,13.0,17.0,mA,Double,Normal Distribution,Stable / Random Noise
w1_x-6_y-5,1040,VRef_Volts,1.249706676084485,0.021496570039230223,0.12897942023538134,1.7201292471751963,0.7753174872200915,0.7707691039977194,1.2201463081089474,1.2783983396446157,-1.481289340141565,1.2808990356176215,1.2181981989320299,0.050172442770364825,1.2,1.3,V,Double,Stable Non-Normal Distribution,Cyclic / Oscillatory
w1_x-6_y0,2030,Clock_MHz,103.28540910951493,3.3162089883186687,19.89725392991201,3.210723583233763,1.0051638316749594,0.674926390760975,98.83701753011222,107.29996075760121,-1.6772347433812538,108.25613003678251,97.56771634417781,0.10348425576038167,90.0,110.0,MHz,Double,Stable Non-Normal Distribution,Step Shift / Discontinuity
w1_x-6_y0,1060,Rst_V,3284.8006975080802,108.44906748478036,650.6944049086821,3.301541782034208,0.9220918383095724,0.8753746623902473,3130.7924728003063,3445.5609152438906,-0.07843273241221915,3545.928985368538,3032.148070358544,0.15641159459073403,3000.0,3600.0,mV,Normal,Normal Distribution,Stable / Random Noise
w1_x-6_y0,1020,Standby_uA,7.042586551976812,1.2137360561974906,7.2824163371849435,17.234236984376174,1.2358535386180622,0.8122066388658004,5.275006414804333,8.877234110129411,-1.0221844495301113,9.346426897470607,4.771750416732261,0.6495733416942191,1.0,10.0,uA,Double,Normal Distribution,Thermal / Upward-Downward Drift
w1_x-6_y0,1080,Temp_Sensor_C,34.442673418089555,3.292719755061746,19.756318530370475,9.560000511842917,1.5185015342753452,1.4620814496271155,29.04495094587494,40.04520598679867,-0.21715359161014813,42.09732595958469,28.13345022237383,0.4054236896104854,20.0,50.0,C,Double,Normal Distribution,Stable / Random Noise
w1_x-6_y0,1010,VCC_mA,15.228191116220449,0.8313001225128311,4.987800735076987,5.458955145548207,0.8019566563414967,0.7104569640560041,13.641373205294846,16.399981565825136,-0.13977497578190246,16.754415937331103,13.278877864280686,0.22823052629989757,13.0,17.0,mA,Double,Normal Distribution,Stable / Random Noise
w1_x-6_y0,1040,VRef_Volts,1.2502466105433574,0.02114835871141766,0.12689015226850597,1.6915349766256578,0.7880832216860694,0.7841962290558524,1.2215640585599588,1.2801592466651024,-1.5129341828121252,1.2814340460789362,1.2212286710810718,0.04815479961325319,1.2,1.3,V,Flat,Stable Non-Normal Distribution,Cyclic / Oscillatory
w1_x-6_y1,2030,Clock_MHz,103.3242728381205,3.232284748575024,19.393708491450145,3.1282917941644626,1.031262278115459,0.6884425601037094,98.99790740183107,107.33396800137228,-1.7342750755446488,107.68542021247644,98.44229438759821,0.08945744858383432,90.0,110.0,MHz,Flat,Stable Non-Normal Distribution,Step Shift / Discontinuity
w1_x-6_y1,1060,Rst_V,3297.9482263455166,97.36540430807611,584.1924258484567,2.9523023900216745,1.02705884816734,1.020034540546427,3153.526563621185,3459.0500235010268,-0.8999361243218873,3488.398580859026,3124.957198859987,0.1102022703375703,3000.0,3600.0,mV,Double,Normal Distribution,Stable / Random Noise
w1_x-6_y1,1020,Standby_uA,7.0592508675940655,1.1755071400238273,7.053042840142964,16.652009711399643,1.2760449927761353,0.8338951567594125,5.217572639958315,8.86862037452454,-1.1911655014193105,9.019555910194741,5.1336795001959095,0.5504658331151244,1.0,10.0,uA,Flat,Normal Distribution,Thermal / Upward-Downward Drift
w1_x-6_y1,1080,Temp_Sensor_C,35.43267925519577,3.2195549618331785,19.31732977099907,9.086399983035632,1.5530096734714716,1.5082126688828403,30.45914189788166,41.048287600260636,-0.5612464062820739,42.4613076381215,29.479342750182617,0.3663839472719307,20.0,50.0,C,Double,Normal Distribution,Stable / Random Noise
w1_x-6_y1,1010,VCC_mA,15.335232067345592,0.6359506896015592,3.8157041376093552,4.146990973522563,1.0482993061684576,0.8725875343665569,14.369828958864543,16.501687036553403,0.6926290309993406,17.125870057642285,14.06092551429159,0.19986293848640874,13.0,17.0,mA,Normal,Normal Distribution,Stable / Random Noise
w1_x-6_y1,1040,VRef_Volts,1.249543592715875,0.020917592067259003,0.12550555240355402,1.6740185928043338,0.7967774977672488,0.7895043966910898,1.2208472822338272,1.278888942080644,-1.4570107298579469,1.2815815909894017,1.2199560166994519,0.04931846687797988,1.2,1.3,V,Flat,Stable Non-Normal Distribution,Cyclic / Oscillatory
w1_x-6_y2,2030,Clock_MHz,103.0318050117075,3.2649350099138372,19.58961005948302,3.1688613137883417,1.0209493675101673,0.7114174265984741,98.94789593457557,106.95016622773689,-1.8162198252055932,107.492972138698,98.48274569565842,0.08745092296515371,90.0,110.0,MHz,Double,Stable Non-Normal Distribution,Step Shift / Discontinuity
w1_x-6_y2,1060,Rst_V,3293.6316867099104,80.8186931171801,484.91215870308065,2.4537866041090917,1.2373375037753784,1.2110716608766483,3183.161169802221,3425.5335937381587,-0.1928791638580325,3522.2550521659896,3161.4076944340436,0.10955911044577218,3000.0,3600.0,mV,Double,Normal Distribution,Stable / Random Noise
w1_x-6_y2,1020,Standby_uA,7.0219435339573355,1.1575754367822533,6.945452620693519,16.48511457240218,1.295811877426835,0.8575557645213046,5.131135717114068,8.68787009818018,-1.1952860794325106,8.91730467923215,4.978123499090206,0.5609816087373108,1.0,10.0,uA,Double,Normal Distribution,Thermal / Upward-Downward Drift
w1_x-6_y2,1080,Temp_Sensor_C,35.076321813481385,2.9750959812437796,17.85057588746268,8.48177866842446,1.6806180477947745,1.6720668599829582,30.725277901730514,39.96063188761482,0.2282850671726364,43.912357958271194,29.93392140550913,0.3985148906744701,20.0,50.0,C,Double,Normal Distribution,Stable / Random Noise
w1_x-6_y2,1010,VCC_mA,15.1687084368888,0.7608204268998001,4.5649225613988005,5.0157231913665115,0.8762470657934458,0.8023319293942413,14.009121087737316,16.43258288769232,-0.12352893981819024,17.247975549884774,13.789735046069708,0.2279851655270113,13.0,17.0,mA,Normal,Normal Distribution,Stable / Random Noise
w1_x-6_y2,1040,VRef_Volts,1.2499540216046297,0.021048103448122562,0.12628862068873536,1.6839102146414986,0.7918369798849172,0.791108832010317,1.221482534229041,1.2794471191014378,-1.4842532912258435,1.2814075344149962,1.2188379378681757,0.05005751848895746,1.2,1.3,V,Double,Stable Non-Normal Distribution,Cyclic / Oscillatory
w1_x-6_y3,2030,Clock_MHz,102.98704572665929,3.149807521321424,18.898845127928542,3.0584502148759696,1.0582657228321417,0.7421569123265664,98.76313180739042,107.08975774740533,-1.697793847051074,107.75127158320547,98.18022030355593,0.09293451629880058,90.0,110.0,MHz,Double,Stable Non-Normal Distribution,Step Shift / Discontinuity
w1_x-6_y3,1060,Rst_V,3337.29848152544,102.42936799149702,614.5762079489821,3.069230054144805,0.9762825053094276,0.8549029886831148,3173.9619714181563,3510.039802309592,0.08366989489828702,3609.3306692038836,3107.5136114231514,0.15036624999492332,3000.0,3600.0,mV,Normal,Normal Distribution,Stable / Random Noise
w1_x-6_y3,1020,Standby_uA,7.079855739715706,1.182423063964707,7.094538383788242,16.70123103401239,1.2685814796021029,0.8232090947473418,5.38518703267155,8.82134712861512,-1.1158505222742765,9.02998697200589,4.827323983354778,0.5936085625411164,1.0,10.0,uA,Double,Normal Distribution,Thermal / Upward-Downward Drift
w1_x-6_y3,1080,Temp_Sensor_C,35.27958226805672,3.192195475580275,19.15317285348165,9.048280252656484,1.5663201198827286,1.537125764441416,30.645716436684722,41.01566886567937,0.1403462508431046,42.23627288669902,27.278205553417337,0.4239865205780853,20.0,50.0,C,Double,Normal Distribution,Stable / Random Noise
w1_x-6_y3,1010,VCC_mA,15.125221392550891,0.6053377487782355,3.6320264926694135,4.00217446784853,1.1013135526608284,1.0323595443111493,14.258831462481483,16.22177792563925,-0.15983159485756238,16.49481774693637,13.811573940439407,0.17740195246454038,13.0,17.0,mA,Double,Normal Distribution,Stable / Random Noise
w1_x-6_y3,1040,VRef_Volts,1.2502136222164195,0.02135222009104618,0.12811332054627708,1.7078857334150834,0.7805589580661763,0.7772240633728121,1.2215422631711987,1.2809400800743052,-1.4687859073289933,1.2828265537973202,1.219311201603022,0.050803599533410994,1.2,1.3,V,Double,Stable Non-Normal Distribution,Cyclic / Oscillatory
w1_x-6_y4,2030,Clock_MHz,103.21774400073315,3.007348493726134,18.044090962356805,2.9135964197248616,1.1083960971890228,0.7517426079724214,99.03061713530118,106.67248177444975,-1.705403917575699,107.72745208223307,98.91624849362238,0.08536520221317867,90.0,110.0,MHz,Double,Stable Non-Normal Distribution,Step Shift / Discontinuity
w1_x-6_y4,1060,Rst_V,3295.3836827396417,112.51648675279954,675.0989205167972,3.4143668108248364,0.8887586422752566,0.8750826694064969,3155.6449476205134,3505.002462170358,0.13695503557557354,3573.9288140089143,3029.247351063961,0.16528620500181884,3000.0,3600.0,mV,Double,Normal Distribution,Stable / Random Noise
w1_x-6_y4,1020,Standby_uA,7.0158918403124915,1.1904758131479034,7.14285487888742,16.968274885704037,1.2600003993643856,0.8355505495450628,5.252999790990458,8.82171348802423,-0.9758656545283908,9.492076108620395,4.8774134726165865,0.6577442670208367,1.0,10.0,uA,Double,Normal Distribution,Thermal / Upward-Downward Drift
w1_x-6_y4,1080,Temp_Sensor_C,34.56123238888867,3.1160352432619605,18.696211459571764,9.015984176142274,1.6046031606387892,1.5576666342671108,30.078906813094108,39.54205215961573,-0.49738848496095933,41.326994690388986,27.505500719251607,0.399913226924771,20.0,50.0,C,Double,Normal Distribution,Stable / Random Noise
w1_x-6_y4,1010,VCC_mA,15.299960362693644,0.7446936413134821,4.468161847880893,4.867291310958499,0.8952227193598802,0.76095705356449,14.08546478695822,16.509591078236667,-0.7509554358255484,16.707962547598598,13.836041338874642,0.18770775483357774,13.0,17.0,mA,Double,Normal Distribution,Stable / Random Noise
w1_x-6_y4,1040,VRef_Volts,1.2509042929947969,0.021480555676047522,0.12888333405628513,1.7172021709687162,0.7758955083853488,0.761862770926804,1.221198718429372,1.2810405308384352,-1.441081886897548,1.2837943172265405,1.219250617179923,0.05159763253517433,1.2,1.3,V,Double,Stable Non-Normal Distribution,Cyclic / Oscillatory
w1_x-6_y5,2030,Clock_MHz,103.13469268001023,3.117925152227215,18.70755091336329,3.023158426331877,1.0690870276190714,0.7339610996419312,99.19323176635329,107.10064249734482,-1.7947365645176516,107.45315845782793,98.63694131835959,0.08548255597000592,90.0,110.0,MHz,Double,Stable Non-Normal Distribution,Step Shift / Discontinuity
w1_x-6_y5,1060,Rst_V,3315.9215020761503,92.84266431948019,557.0559859168811,2.799905373554529,1.077091019877357,1.019927996846756,3170.546712010351,3483.2620935531263,-0.5949430789363874,3512.919093594826,3156.043639253931,0.10762481986303044,3000.0,3600.0,mV,Normal,Normal Distribution,Stable / Random Noise
w1_x-6_y5,1020,Standby_uA,7.000469972853551,1.1671668929358656,7.003001357615194,16.67269336861539,1.285163252212315,0.8566412810657831,5.166600583517812,8.782234193390474,-1.0309419137191485,9.074479077746915,4.941418854808948,0.590397536017605,1.0,10.0,uA,Double,Normal Distribution,Thermal / Upward-Downward Drift
w1_x-6_y5,1080,Temp_Sensor_C,35.557310171128385,2.907966944874339,17.447801669246033,8.178253447403714,1.7194143175571976,1.6555311783866378,31.896176933294505,40.64579728577418,0.6782032499234849,44.34092807631819,30.44366642886539,0.39084119638321285,20.0,50.0,C,Normal,Stable Non-Normal Distribution,Stable / Random Noise
w1_x-6_y5,1010,VCC_mA,15.176274929108624,0.69348305344069,4.16089832064414,4.569520891523685,0.9613308693832173,0.876601603957988,13.948194702588355,16.285185867360465,-0.5645614019974743,16.491852869941045,13.674732258369941,0.18562661949196563,13.0,17.0,mA,Double,Normal Distribution,Stable / Random Noise
w1_x-6_y5,1040,VRef_Volts,1.249682888229466,0.021530899380885704,0.12918539628531422,1.7229090342583144,0.7740813038893629,0.7691718980330895,1.2203073076205417,1.279650400254112,-1.4765558267463634,1.2804398739714007,1.2187258014474167,0.04938378616307986,1.2,1.3,V,Double,Stable Non-Normal Distribution,Cyclic / Oscillatory
w1_x-7_y-1,2030,Clock_MHz,103.21409657200721,3.30771560505175,19.846293630310498,3.204713033305606,1.0077448400468465,0.6838459164615943,98.85743978834414,107.02195368555032,-1.7668633842308583,107.89126367887938,98.5084687495681,0.09090613822081357,90.0,110.0,MHz,Flat,Stable Non-Normal Distribution,Step Shift / Discontinuity
w1_x-7_y-1,1060,Rst_V,3299.4435668901315,95.36661298377764,572.1996779026658,2.890384728527568,1.0485850013044977,1.04664010992704,3187.4398689752798,3471.7572785562697,0.41418472485930824,3545.6251663477956,3045.672429683046,0.15152637907851127,3000.0,3600.0,mV,Normal,Normal Distribution,Stable / Random Noise
w1_x-7_y-1,1020,Standby_uA,7.0894345753396735,1.1461327851158847,6.876796710695308,16.166772863701482,1.3087488810018955,0.8464887205793354,5.108660916284312,8.820478820153886,-0.8975777209896187,9.142593874719754,4.914090708822758,0.5964513983393941,1.0,10.0,uA,Double,Normal Distribution,Thermal / Upward-Downward Drift
w1_x-7_y-1,1080,Temp_Sensor_C,35.18425645707879,3.014253867791224,18.085523206747343,8.567052913192317,1.6587852978899502,1.6384091710870445,30.563973663755334,39.1496382428503,0.9499175911334761,44.344004015160834,28.202780034155616,0.45876268554078636,20.0,50.0,C,Normal,Normal Distribution,Cyclic / Oscillatory
w1_x-7_y-1,1010,VCC_mA,15.333376354335735,0.648146326025866,3.888877956155196,4.2270293968398756,1.0285743201760609,0.8571231416642346,14.286586749271608,16.397652071409663,-0.5308135526644384,16.669476995774186,13.840370697514178,0.18450641482233215,13.0,17.0,mA,Normal,Normal Distribution,Stable / Random Noise
w1_x-7_y-1,1040,VRef_Volts,1.2498159817714223,0.02101623603597762,0.12609741621586573,1.6815464310346178,0.7930376608891846,0.7901189931781396,1.2219927893892708,1.279329572201387,-1.4644121699286314,1.2811523469437385,1.216920698458622,0.05139288457015722,1.2,1.3,V,Double,Stable Non-Normal Distribution,Cyclic / Oscillatory
w1_x-7_y-2,2030,Clock_MHz,102.95850226901322,2.998820638344688,17.99292383006813,2.9126498271209065,1.111548083507019,0.7826963307897374,99.1036988130614,106.55931468487083,-1.7355751368279213,106.80932120478485,97.8566257793297,0.08695440617486122,90.0,110.0,MHz,Double,Stable Non-Normal Distribution,Step Shift / Discontinuity
w1_x-7_y-2,1060,Rst_V,3275.713354474458,123.13618409557448,738.8171045734468,3.7590646912794337,0.8121089729594277,0.7463642971115021,3112.475888188115,3467.2116461389646,-0.9219560192086917,3561.523506304334,3098.3431538591517,0.14139831612937123,3000.0,3600.0,mV,Double,Normal Distribution,Stable / Random Noise
w1_x-7_y-2,1020,Standby_uA,7.02792420832962,1.2051035223895334,7.2306211343372,17.14736082328867,1.2447063444190527,0.8220803542192001,5.194454944260755,8.799587014812825,-1.183223298144421,9.408203821556864,5.02867148870949,0.623161577021089,1.0,10.0,uA,Flat,Normal Distribution,Thermal / Upward-Downward Drift
w1_x-7_y-2,1080,Temp_Sensor_C,35.00432902858364,3.1596997559092346,18.95819853545541,9.026597119827963,1.5824288338311436,1.5819721418542616,30.021158286911266,40.38181402066801,0.36057283681959706,44.2340631809148,28.979115851955697,0.4358017351654507,20.0,50.0,C,Normal,Normal Distribution,Stable / Random Noise
w1_x-7_y-2,1010,VCC_mA,15.298549496525789,0.6395571393459093,3.8373428360754556,4.18050835140383,1.0423879676309813,0.8867857661705965,14.319252099636282,16.199260916160895,0.22188183442475085,16.9899934614343,14.131562091571285,0.18684329324895457,13.0,17.0,mA,Normal,Normal Distribution,Stable / Random Noise
w1_x-7_y-2,1040,VRef_Volts,1.2496483098161333,0.021643260563684617,0.1298595633821077,1.7319481324204804,0.7700626538051204,0.7646461842790082,1.2200574708940761,1.2798752606577632,-1.5010761394865124,1.2816186493740498,1.2180507497877382,0.05086863166778871,1.2,1.3,V,Double,Stable Non-Normal Distribution,Cyclic / Oscillatory
w1_x-7_y-3,2030,Clock_MHz,103.02384222578011,3.180702032362377,19.084212194174263,3.0873455732623176,1.0479866706840166,0.7310920359971118,98.63812747901717,106.7808093215712,-1.7072428742408279,107.82625873561108,98.28303453339493,0.0926312200752702,90.0,110.0,MHz,Double,Stable Non-Normal Distribution,Step Shift / Discontinuity
w1_x-7_y-3,1060,Rst_V,3296.6686844781425,98.47343773083563,590.8406263850138,2.9870589724251837,1.015502274566031,1.0042257462668862,3123.5632052113842,3446.6576111823533,-0.36280578487260273,3515.357049232243,3086.7479958210656,0.13001277787762447,3000.0,3600.0,mV,Double,Normal Distribution,Stable / Random Noise
w1_x-7_y-3,1020,Standby_uA,7.043781797946625,1.193839569481095,7.163037416886571,16.948843728082526,1.2564502286115196,0.8254091190656662,5.207711652277347,8.953991609882316,-0.9757417648986748,9.171513932832362,4.781487230461218,0.6232485372631653,1.0,10.0,uA,Double,Normal Distribution,Thermal / Upward-Downward Drift
w1_x-7_y-3,1080,Temp_Sensor_C,34.61740844292976,3.5523611604013805,21.314166962408283,10.26177671924171,1.4075145443362103,1.37161433226177,29.069700073312156,40.817579231160586,-0.31303780538982906,42.191785833665186,26.238904837618332,0.4608340633686304,20.0,50.0,C,Normal,Normal Distribution,Stable / Random Noise
w1_x-7_y-3,1010,VCC_mA,15.138306651388387,0.6839776820478652,4.103866092287191,4.518191484680589,0.9746906721731498,0.9072875706692677,14.121252650127655,16.087014531880087,-0.255035909252852,16.681717820368995,13.512179002648256,0.20937208438897947,13.0,17.0,mA,Normal,Normal Distribution,Stable / Random Noise
w1_x-7_y-3,1040,VRef_Volts,1.2500297426871536,0.021509131138553,0.129054786831318,1.7206895487394906,0.774864710215715,0.7744037790424686,1.2209782834717584,1.2802067003286826,-1.4749103878356413,1.2820552295688177,1.2188610486434803,0.05055414184744965,1.2,1.3,V,Double,Stable Non-Normal Distribution,Cyclic / Oscillatory
w1_x-7_y0,2030,Clock_MHz,103.16656145479412,3.1183555554706897,18.71013333282414,3.0226417469938665,1.0689394695500636,0.7304532173715332,99.1763202261203,106.78625461923296,-1.7555836087625127,107.78595548462559,98.42333690500146,0.09075245358183882,90.0,110.0,MHz,Double,Stable Non-Normal Distribution,Step Shift / Discontinuity
w1_x-7_y0,1060,Rst_V,3301.103559976631,92.77752652831765,556.6651591699059,2.8105003324698616,1.0778472302716315,1.073882333390797,3177.7603964335362,3429.342111158167,0.5281957391785963,3541.4108455531755,3059.70102453643,0.1459238743240626,3000.0,3600.0,mV,Normal,Normal Distribution,Stable / Random Noise
w1_x-7_y0,1020,Standby_uA,7.029288976847364,1.2402893243827053,7.441735946296232,17.644591486676582,1.2093952358628526,0.798391946339124,5.265526991476377,9.019632822910783,-0.9932586019801839,9.313144643568037,4.582827865442615,0.672943848759931,1.0,10.0,uA,Double,Normal Distribution,Thermal / Upward-Downward Drift
w1_x-7_y0,1080,Temp_Sensor_C,35.034638562756555,3.091501892262865,18.54901135357719,8.824129544608104,1.6173368719306154,1.613602056948158,29.9018612713256,39.082481741324756,1.5023741690717767,44.79626497662169,26.512563951662987,0.5218749721709739,20.0,50.0,C,Normal,Normal Distribution,Stable / Random Noise
w1_x-7_y0,1010,VCC_mA,15.067688523111856,0.6879455758174643,4.1276734549047855,4.565700802496986,0.9690689061768984,0.9362714846505302,14.052698680615467,16.282752133585237,1.0948354577061936,17.219596730886963,13.525697300174924,0.2451536893031789,13.0,17.0,mA,Normal,Normal Distribution,Stable / Random Noise
w1_x-7_y0,1040,VRef_Volts,1.2502936255220023,0.021453044329169176,0.12871826597501507,1.7158404946847945,0.7768905154409914,0.7723282177782916,1.2213723563635694,1.280208535212611,-1.484800204690248,1.2831369925384015,1.2202865450135516,0.050268549916512306,1.2,1.3,V,Double,Stable Non-Normal Distribution,Cyclic / Oscillatory
w1_x-7_y1,2030,Clock_MHz,102.94583913489615,3.1346163163008303,18.80769789780498,3.0449179322277935,1.0633943669594017,0.7501354927576898,98.87410592651104,107.00065072150409,-1.7149083450236755,107.4205213180581,98.33280440818285,0.08827668010911126,90.0,110.0,MHz,Double,Stable Non-Normal Distribution,Step Shift / Discontinuity
w1_x-7_y1,1060,Rst_V,3323.202699304885,88.79100029640551,532.7460017784331,2.6718502700716376,1.1262402683399915,1.0391342207021725,3206.72043899502,3493.44401483568,-0.5739309522540372,3516.554372728136,3172.078650443588,0.10365775231122747,3000.0,3600.0,mV,Normal,Normal Distribution,Stable / Random Noise
w1_x-7_y1,1020,Standby_uA,7.093832309647734,1.2045544460061894,7.227326676037137,16.98030617904478,1.245273723386591,0.8042165023446168,5.411831881002773,9.046381317203354,-1.2183059279057402,9.165815370025575,5.196935090071662,0.5594832393424591,1.0,10.0,uA,Double,Normal Distribution,Thermal / Upward-Downward Drift
w1_x-7_y1,1080,Temp_Sensor_C,34.92156771003957,3.299575437339983,19.7974526240399,9.448531820612942,1.5153464725846206,1.5074229996560689,28.893094137432286,39.001853949454954,1.6304581817706643,41.94999162560423,23.836016317239924,0.5187045283524523,20.0,50.0,C,Normal,Normal Distribution,Stable / Random Noise
w1_x-7_y1,1010,VCC_mA,15.118814916833053,0.6845136906253625,4.107082143752175,4.527561812157881,0.973927440454272,0.9160688865347709,14.12381602584292,16.20790388882203,-0.08045215961231733,16.84916034494738,13.808601238977738,0.20111094174347813,13.0,17.0,mA,Double,Normal Distribution,Stable / Random Noise
w1_x-7_y1,1040,VRef_Volts,1.2504099499399945,0.021300581007008993,0.12780348604205397,1.7034878047820379,0.7824512702814297,0.7760359532554191,1.2201550701828032,1.2776667841135059,-1.489510800932222,1.2811270014284861,1.2179610521450366,0.050516192138810784,1.2,1.3,V,Double,Stable Non-Normal Distribution,Cyclic / Oscillatory
w1_x-7_y2,2030,Clock_MHz,103.26426356541086,3.3341779634158812,20.00506778049529,3.2287820086993673,0.9997466751649685,0.6734030105268034,99.06374130208087,107.39546937131239,-1.6445355445999574,109.00419900165245,97.3399123157699,0.11295569525360562,90.0,110.0,MHz,Double,Stable Non-Normal Distribution,Step Shift / Discontinuity
w1_x-7_y2,1060,Rst_V,3311.11521845596,107.40150498326253,644.4090298995752,3.2436655899079834,0.9310856492707809,0.896588247961267,3157.956300895536,3481.743422734109,-0.44727543715281914,3585.4552620560185,3111.2529632496653,0.1432152817163165,3000.0,3600.0,mV,Normal,Normal Distribution,Stable / Random Noise
w1_x-7_y2,1020,Standby_uA,7.005623182127273,1.1784084549111808,7.070450729467085,16.820894077168372,1.2729032906616902,0.847011578878061,5.1635360020127905,8.705850862702812,-0.9951612880456264,9.525635397382429,4.9887632322394095,0.6476043668345558,1.0,10.0,uA,Double,Normal Distribution,Thermal / Upward-Downward Drift
w1_x-7_y2,1080,Temp_Sensor_C,35.525503562186366,3.7373205899784643,22.423923539870785,10.520105882345602,1.3378568628571443,1.2909869597153507,30.870562589433707,41.94566435810708,0.8827359047092904,46.865344782628796,26.663756266417455,0.5686503072602207,20.0,50.0,C,Double,Stable Non-Normal Distribution,Stable / Random Noise
w1_x-7_y2,1010,VCC_mA,15.197436921579197,0.7768580533870652,4.661148320322391,5.111770210962259,0.8581576309340309,0.7734416304933751,14.13677184438291,16.46558028407839,-1.2003912067146596,16.679582464658417,13.971337112184026,0.17820408575796684,13.0,17.0,mA,Flat,Stable Non-Normal Distribution,Stable / Random Noise
w1_x-7_y2,1040,VRef_Volts,1.2504711857163435,0.022097341975048434,0.1325840518502906,1.7671212441724335,0.7542385272168081,0.7471307988019973,1.2204469589573188,1.281623884760413,-1.478604956893123,1.2830014683375928,1.2174988182486024,0.05238237460982885,1.2,1.3,V,Double,Stable Non-Normal Distribution,Cyclic / Oscillatory
w1_x-7_y3,2030,Clock_MHz,102.83813210313708,3.1199870280811597,18.71992216848696,3.033881464272516,1.0683805103457062,0.7651600078678932,98.7967544802427,106.3976468028456,-1.7580939095763808,106.77447929496496,98.08894873533539,0.0844582683679901,90.0,110.0,MHz,Double,Stable Non-Normal Distribution,Step Shift / Discontinuity
w1_x-7_y3,1060,Rst_V,3312.924150547834,102.99556053121202,617.9733631872721,3.108901859832209,0.9709156344626696,0.9290881016991986,3144.4719556797504,3469.3216275219793,0.18771593426975874,3548.2836106293157,3048.1642373815057,0.15096010367913462,3000.0,3600.0,mV,Normal,Normal Distribution,Stable / Random Noise
w1_x-7_y3,1020,Standby_uA,7.02152600120551,1.1772732504941237,7.063639502964742,16.766629508913024,1.2741307078627853,0.8433255965410943,5.3304331404214205,8.851793221417205,-1.1090499329057455,9.047441161057014,4.793324385599115,0.6058678376648494,1.0,10.0,uA,Double,Normal Distribution,Thermal / Upward-Downward Drift
w1_x-7_y3,1080,Temp_Sensor_C,35.09192947165907,3.2279799993459912,19.36787999607595,9.198639253942908,1.5489563135499695,1.5394633311814607,30.885371023988128,40.28395380054617,-0.6509522231211236,40.74907139975639,26.935070537435113,0.39365179032055597,20.0,50.0,C,Normal,Stable Non-Normal Distribution,Stable / Random Noise
w1_x-7_y3,1010,VCC_mA,15.057435969864175,0.7509538051567677,4.505722830940606,4.987262151801411,0.887759888942163,0.8622652138282104,13.692544641175349,16.264156768765417,-0.38791515113904396,16.633019973240582,13.547069977745146,0.2049452510820322,13.0,17.0,mA,Double,Normal Distribution,Stable / Random Noise
w1_x-7_y3,1040,VRef_Volts,1.2498953557014947,0.0218510161337782,0.13110609680266921,1.7482276443466325,0.7627410352282272,0.7611447052167737,1.2208565748646836,1.2797497550478294,-1.5092430477188017,1.2806972962234384,1.2175848353759242,0.050494195821771656,1.2,1.3,V,Double,Stable Non-Normal Distribution,Cyclic / Oscillatory
w1_x-8_y0,2030,Clock_MHz,102.9761813071513,3.113085481008891,18.678512886053344,3.023112181372664,1.0707490538464317,0.7520747219756633,98.63141002075717,107.2655069143709,-1.56190633845594,107.67655796060511,97.03304008324942,0.10335902674045401,90.0,110.0,MHz,Flat,Stable Non-Normal Distribution,Step Shift / Discontinuity
w1_x-8_y0,1060,Rst_V,3327.411907439802,102.09376094331775,612.5625656599065,3.0682633765613763,0.9794917835921414,0.8899926565592277,3189.080473905532,3501.7044687405905,-0.8011610119963564,3534.5124610108896,3125.5662283084357,0.12290219668568414,3000.0,3600.0,mV,Double,Normal Distribution,Stable / Random Noise
w1_x-8_y0,1020,Standby_uA,7.061116800905311,1.1494383962672854,6.896630377603712,16.278422077934117,1.304985116967675,0.8522664078499816,5.337149600405581,8.807790245857731,-1.1348272863119124,9.154740758285463,5.01566692949604,0.5861783547127771,1.0,10.0,uA,Double,Normal Distribution,Thermal / Upward-Downward Drift
w1_x-8_y0,1080,Temp_Sensor_C,34.282103970856355,2.9585091519979243,17.751054911987545,8.629893761809338,1.690040403161649,1.6091555168601774,30.336593637941878,39.9713053626552,0.6459932781639139,43.10572941956472,28.09063083817012,0.4379864956409653,20.0,50.0,C,Normal,Normal Distribution,Stable / Random Noise
w1_x-8_y0,1010,VCC_mA,15.256218748175312,0.5968916827878344,3.5813500967270064,3.9124483768904033,1.116897229247595,0.9738122242884482,14.354105197927131,16.230816736458475,-0.41408256895420514,16.694501698490246,14.033380845445416,0.17442859839454697,13.0,17.0,mA,Double,Normal Distribution,Stable / Random Noise
w1_x-8_y0,1040,VRef_Volts,1.2499842481437218,0.02128867533364699,0.12773205200188192,1.7031154884760789,0.7828888554810561,0.782642216426389,1.2220436276066218,1.27930352280817,-1.4332770487167086,1.284970496234582,1.2157854553504133,0.05534873018352944,1.2,1.3,V,Double,Stable Non-Normal Distribution,Cyclic / Oscillatory
w1_x0_y-1,2030,Clock_MHz,102.94520660221579,3.215866429308378,19.295198575850268,3.123862232590011,1.0365272957092992,0.7312485922393085,98.7095728491668,106.90106051243501,-1.707678640563802,108.07519883343406,98.1012675140449,0.09688582546566547,90.0,110.0,MHz,Double,Stable Non-Normal Distribution,Step Shift / Discontinuity
w1_x0_y-1,1060,Rst_V,3314.683220806582,109.1849159171548,655.1094955029288,3.2939773922223,0.9158774283059031,0.8710506599339694,3178.02549820002,3549.5026466383897,0.06418542901216995,3581.1001306120647,3121.3694026939197,0.13869522282925,3000.0,3600.0,mV,Double,Normal Distribution,Stable / Random Noise
w1_x0_y-1,1020,Standby_uA,7.045636319498266,1.164075799279018,6.984454795674108,16.521939914178173,1.288575882196881,0.8459826190962102,5.332183823394312,8.808292260385791,-1.0617372470830766,9.087229618183947,4.9223562440137885,0.5911280664095856,1.0,10.0,uA,Double,Normal Distribution,Thermal / Upward-Downward Drift
w1_x0_y-1,1080,Temp_Sensor_C,34.30878360474681,3.219838367121683,19.319030202730097,9.38488057232143,1.5528729799159642,1.4813148956850577,28.35038605074646,38.9638838078388,1.5122819015655207,41.12947942038047,24.527100612073365,0.48391044694484814,20.0,50.0,C,Normal,Stable Non-Normal Distribution,Stable / Random Noise
w1_x0_y-1,1010,VCC_mA,15.180656799554898,0.6729418103536853,4.037650862122112,4.432889954889278,0.9906750575005578,0.9011889648571003,14.123973828094858,16.22625076525176,-0.4539337136946453,16.312279027653084,13.467825495988423,0.1873735484058938,13.0,17.0,mA,Double,Normal Distribution,Stable / Random Noise
w1_x0_y-1,1040,VRef_Volts,1.2497746008247994,0.021831197616687763,0.13098718570012657,1.7468107931046188,0.7634334569866513,0.7599919115561448,1.219625466385847,1.2786471058262932,-1.5091910733241098,1.2816405441668466,1.2185056024431498,0.050517062582349156,1.2,1.3,V,Double,Stable Non-Normal Distribution,Cyclic / Oscillatory
w1_x0_y-2,2030,Clock_MHz,103.09730183992664,3.156577913676171,18.939467482057026,3.061746386512822,1.0559958995123653,0.7289220952609012,98.92516477116813,107.07100159220141,-1.7236601533814855,107.56946332234088,98.26961416087342,0.0902045833935287,90.0,110.0,MHz,Double,Stable Non-Normal Distribution,Step Shift / Discontinuity
w1_x0_y-2,1060,Rst_V,3315.764438837768,96.19092758238412,577.1455654943047,2.901018131918342,1.0395990818817455,0.9849700947413303,3168.9456924115493,3468.8360427556645,-0.531276779037849,3523.6326854241156,3107.875331803448,0.12538808509762467,3000.0,3600.0,mV,Normal,Normal Distribution,Stable / Random Noise
w1_x0_y-2,1020,Standby_uA,7.042496598406063,1.175013744093004,7.050082464558024,16.684619263556993,1.276580812386883,0.8389982433430573,5.394084620420214,8.763302160325992,-1.1485735480290518,9.40979206445769,5.053983250430432,0.618503502722758,1.0,10.0,uA,Double,Normal Distribution,Thermal / Upward-Downward Drift
w1_x0_y-2,1080,Temp_Sensor_C,34.972802421232984,3.8433160980558836,23.059896588335302,10.989442744006404,1.3009598670609521,1.298601003163811,29.058824349752193,40.18890886677203,-0.1446147820164434,42.2228144107545,24.186812218461434,0.5157150969789855,20.0,50.0,C,Double,Normal Distribution,Stable / Random Noise
w1_x0_y-2,1010,VCC_mA,15.244095446659928,0.5322342246708971,3.1934053480253826,3.4914123080193176,1.2525813556595216,1.099706652915717,14.410857233418458,16.02596474794352,0.8957024376135045,16.728109948287113,13.935889939165358,0.1831673134619179,13.0,17.0,mA,Normal,Normal Distribution,Stable / Random Noise
w1_x0_y-2,1040,VRef_Volts,1.2499027306148869,0.021570088374118914,0.12942053024471348,1.7257413593702253,0.7726749365878514,0.771171784268367,1.2200173067405164,1.2796971178242267,-1.4553988329101437,1.2814277925170472,1.2172547801505547,0.05134240512853569,1.2,1.3,V,Double,Stable Non-Normal Distribution,Cyclic / Oscillatory
w1_x0_y-3,2030,Clock_MHz,102.98434457409716,2.92981083535488,17.57886501212928,2.8449089494829805,1.1377298810930145,0.7981920813501995,98.79630280831904,106.45024569051184,-1.7468034697279171,106.59546735776789,98.5418651204381,0.078202199282195,90.0,110.0,MHz,Double,Stable Non-Normal Distribution,Step Shift / Discontinuity
w1_x0_y-3,1060,Rst_V,3302.329556510437,94.59081191066414,567.5448714639849,2.864366208520327,1.0571851322562336,1.0489758905642839,3132.510203412361,3430.6883822242876,-0.03293235073632905,3522.777482373626,3079.0098544681186,0.13438017627000112,3000.0,3600.0,mV,Normal,Normal Distribution,Cyclic / Oscillatory
w1_x0_y-3,1020,Standby_uA,7.019463135858233,1.1918023522671117,7.150814113602671,16.978539942448123,1.258597952207946,0.8336216874864713,5.170357629336843,8.773775081787859,-1.2501688967362985,8.844927809006911,4.987891905635457,0.5494773359045321,1.0,10.0,uA,Double,Stable Non-Normal Distribution,Thermal / Upward-Downward Drift
w1_x0_y-3,1080,Temp_Sensor_C,35.162394850874946,3.1122756421732447,18.67365385303947,8.851148095493848,1.6065415068790605,1.589148568983458,29.761566869423042,39.96879685064444,-0.49508104545995835,42.26884194566543,28.926613663721135,0.3794459489613603,20.0,50.0,C,Normal,Normal Distribution,Stable / Random Noise
w1_x0_y-3,1010,VCC_mA,15.212759536816831,0.6503856421884245,3.902313853130547,4.275264067734771,1.0250328780682483,0.9159901178883363,14.134764822266394,16.228772690155687,-0.581690301398301,16.613267487707798,14.04235026735528,0.16899742706972842,13.0,17.0,mA,Double,Normal Distribution,Stable / Random Noise
w1_x0_y-3,1040,VRef_Volts,1.249606118147103,0.02162606167322103,0.12975637003932616,1.7306302649420304,0.770675073367823,0.7646039748502298,1.2203985160824067,1.2792217717409795,-1.4884086928605702,1.2833688078181298,1.219041711565406,0.0514778979700476,1.2,1.3,V,Double,Stable Non-Normal Distribution,Cyclic / Oscillatory
w1_x0_y-4,2030,Clock_MHz,103.2025638385707,3.0443926003524813,18.26635560211489,2.9499195437765637,1.0949091562459448,0.7442575092146232,99.09757139531557,106.80407048432062,-1.785939995085526,107.29302775164294,98.86981949076677,0.08161820741247995,90.0,110.0,MHz,Double,Stable Non-Normal Distribution,Step Shift / Discontinuity
w1_x0_y-4,1060,Rst_V,3308.856016591357,89.82244273191895,538.9346563915137,2.714607171830046,1.1133075093321236,1.080442610085699,3173.843523472625,3442.7117137777877,-0.05298771228424437,3512.7139544794422,3064.5807949938644,0.13543446956849625,3000.0,3600.0,mV,Double,Normal Distribution,Stable / Random Noise
w1_x0_y-4,1020,Standby_uA,7.040747666850364,1.1954887014035807,7.172932208421484,16.979570323649668,1.2547170025437324,0.8251164927155685,5.118179811916381,8.922528459119743,-1.075333863396135,9.088016176975152,4.960045403733453,0.5862972185009895,1.0,10.0,uA,Flat,Normal Distribution,Thermal / Upward-Downward Drift
w1_x0_y-4,1080,Temp_Sensor_C,34.32734460146749,3.2420303477524093,19.452182086514455,9.444454225608272,1.5422434288643634,1.473083537645903,30.046742149154902,39.432381364591095,-0.14733929249174116,40.56172568875785,25.204136508857594,0.4473864599257038,20.0,50.0,C,Double,Normal Distribution,Stable / Random Noise
w1_x0_y-4,1010,VCC_mA,15.318308944009031,0.6433372346014525,3.860023407608715,4.199792790137327,1.0362631459994178,0.8713372321401422,14.331183792829,16.39935789834276,-0.33577301067066134,16.521593045679484,13.79601601541178,0.17792936806733314,13.0,17.0,mA,Double,Normal Distribution,Cyclic / Oscillatory
w1_x0_y-4,1040,VRef_Volts,1.250224142630518,0.021527024830961267,0.1291621489857676,1.7218532339063304,0.7742206272134656,0.7707499102537662,1.22152271905116,1.279870367049243,-1.4756820106472304,1.2810503263703295,1.218867346004605,0.04973746566346836,1.2,1.3,V,Double,Stable Non-Normal Distribution,Cyclic / Oscillatory
w1_x0_y-5,2030,Clock_MHz,103.02807267629467,3.277586217615931,19.665517305695587,3.1812554893789238,1.017008588643002,0.7090509967603139,98.85677758462928,106.95105024763986,-1.7468849240826467,108.36909145981994,97.92322488745754,0.10138854683987361,90.0,110.0,MHz,Double,Stable Non-Normal Distribution,Step Shift / Discontinuity
w1_x0_y-5,1060,Rst_V,3288.483908915318,91.14724326308442,546.8834595785065,2.7717101797572323,1.0971258857644577,1.0550105469917044,3146.7445992538283,3419.326931942183,0.5316028411274054,3546.293441273553,3071.051817990506,0.14451693742354416,3000.0,3600.0,mV,Normal,Normal Distribution,Stable / Random Noise
w1_x0_y-5,1020,Standby_uA,7.039663455857948,1.1826493703138692,7.095896221883216,16.799799844547195,1.2683387296793702,0.8343798870712327,5.309087226282756,8.858502057248842,-1.1465137693599212,9.217118718950488,5.044615358973035,0.5927134707704483,1.0,10.0,uA,Double,Normal Distribution,Thermal / Upward-Downward Drift
w1_x0_y-5,1080,Temp_Sensor_C,34.888787277106715,3.12418657941895,18.7451194765137,8.95470098918851,1.6004165797709566,1.588550800730964,28.33023455416392,39.05056983412342,0.22405201203481795,41.007610443315976,26.720685721950325,0.40949903497334883,20.0,50.0,C,Double,Normal Distribution,Stable / Random Noise
w1_x0_y-5,1010,VCC_mA,15.252887210164545,0.5757102558877795,3.454261535326677,3.7744346231323695,1.1579899087234897,1.0115694900156,14.262147450572797,16.02527417859223,0.2418034952411814,16.614225897951535,13.669525996328977,0.19305852466149528,13.0,17.0,mA,Double,Normal Distribution,Stable / Random Noise
w1_x0_y-5,1040,VRef_Volts,1.249442757294284,0.02170700419610927,0.13024202517665562,1.7373348294176052,0.7678013288288759,0.7592442950302953,1.2190061011506013,1.2786926592595076,-1.4649180146629581,1.2805224204153731,1.2167446845741927,0.051044944211204625,1.2,1.3,V,Double,Stable Non-Normal Distribution,Cyclic / Oscillatory
w1_x0_y-6,2030,Clock_MHz,103.1453933854412,2.9386332978612395,17.631799787167438,2.849020398690944,1.1343141506493375,0.77752772800286,99.4534187196856,106.78106519761094,-1.756188125090806,107.31018760569975,98.15482960958002,0.08876167607318464,90.0,110.0,MHz,Double,Stable Non-Normal Distribution,Step Shift / Discontinuity
w1_x0_y-6,1060,Rst_V,3317.146121558611,86.84528110728436,521.0716866437062,2.6180722200588136,1.1514730417702828,1.0856620526180933,3195.152660413326,3458.816995911584,0.12863137332570673,3503.9665965256654,3072.064428055351,0.13020293729700957,3000.0,3600.0,mV,Normal,Normal Distribution,Stable / Random Noise
w1_x0_y-6,1020,Standby_uA,7.0434624969788295,1.176126061089175,7.05675636653505,16.69812342429102,1.2753734906706302,0.8379310123392754,5.3345862240658946,8.806070242176814,-1.1126576046129102,9.266407181315664,4.977475952975053,0.6089236977097945,1.0,10.0,uA,Double,Normal Distribution,Thermal / Upward-Downward Drift
w1_x0_y-6,1080,Temp_Sensor_C,34.915446921690005,2.7511747127220403,16.50704827633224,7.8795345764655496,1.8174054802404567,1.8071609983810044,31.60325416968623,39.69932554274594,0.9684930288280964,40.615981580107004,25.95982701026781,0.4197613337933409,20.0,50.0,C,Normal,Normal Distribution,Stable / Random Noise
w1_x0_y-6,1010,VCC_mA,15.333105632796448,0.6485896870740662,3.891538122444397,4.229995557369525,1.0278712103396985,0.8566763653629704,14.240191128152507,16.300697128929627,-0.4122828257325821,16.731870968999644,13.787641455812821,0.19201781972266077,13.0,17.0,mA,Double,Normal Distribution,Stable / Random Noise
w1_x0_y-6,1040,VRef_Volts,1.249485775590251,0.021607374359064003,0.12964424615438402,1.7293013478970405,0.7713415979982425,0.763408744439334,1.220093703000728,1.2787814662134651,-1.4892184140388574,1.280201822610629,1.2170903058499776,0.05050999218525552,1.2,1.3,V,Double,Stable Non-Normal Distribution,Cyclic / Oscillatory
w1_x0_y-7,2030,Clock_MHz,103.34279245566624,3.209631389499573,19.257788336997436,3.105810587493555,1.0385408568218943,0.691378202713356,99.08402027877878,107.15406528059135,-1.7510382016808914,108.37120156145066,98.81712181739468,0.09245037333546657,90.0,110.0,MHz,Double,Stable Non-Normal Distribution,Step Shift / Discontinuity
w1_x0_y-7,1060,Rst_V,3282.008052862758,92.12967446390574,552.7780467834344,2.8071129924116085,1.0854266074626984,1.0203301469866164,3137.6926981220054,3407.0238881724786,-0.3404212462940728,3515.377025542774,3116.380498790605,0.12157085550236262,3000.0,3600.0,mV,Double,Normal Distribution,Stable / Random Noise
w1_x0_y-7,1020,Standby_uA,7.102003314098117,1.1663240909423023,6.997944545653814,16.422466160034645,1.2860919290350186,0.8282422551352541,5.346114850644912,8.827294126139355,-1.1254726018225736,8.916323028692988,4.830103508091268,0.5753615339055398,1.0,10.0,uA,Double,Normal Distribution,Thermal / Upward-Downward Drift
w1_x0_y-7,1080,Temp_Sensor_C,35.43392576595976,2.5569656151642355,15.341793690985412,7.216151075251815,1.9554427992098153,1.8988749982473072,30.85698234109371,38.979500648785056,-0.16944823051595215,39.40531393991152,28.294672063303704,0.3135594387704412,20.0,50.0,C,Double,Normal Distribution,Stable / Random Noise
w1_x0_y-7,1010,VCC_mA,15.18436045073679,0.7382697718596387,4.429618631157832,4.862040612476475,0.90301227556343,0.8197724004915659,14.154477495041442,16.431991344314508,-0.27655150876283097,17.12561624573968,13.651257729892354,0.22881164650426475,13.0,17.0,mA,Double,Normal Distribution,Stable / Random Noise
w1_x0_y-7,1040,VRef_Volts,1.2500630001974462,0.02151029744008805,0.1290617846405283,1.7207370697869244,0.7748226965753411,0.7738464169179402,1.2193205241584413,1.2792961771640918,-1.4244273999368866,1.2822537567644654,1.2168551890100836,0.05231621745788185,1.2,1.3,V,Double,Stable Non-Normal Distribution,Cyclic / Oscillatory
w1_x0_y-8,2030,Clock_MHz,103.21116214975082,3.2316265278180465,19.389759166908277,3.1310823950700457,1.0314723265946075,0.7002498372270056,99.16918860883118,107.43550157031522,-1.7411873034753111,108.00633959551833,98.08274776770877,0.0961484360907714,90.0,110.0,MHz,Double,Stable Non-Normal Distribution,Step Shift / Discontinuity
w1_x0_y-8,1060,Rst_V,3307.0574970756043,103.42862351435747,620.5717410861448,3.127512104214042,0.9668503418313256,0.9441051969645871,3155.3761330359835,3491.079155991039,-0.11700022792633202,3525.5960018484852,3052.968636929993,0.14291477101212532,3000.0,3600.0,mV,Double,Normal Distribution,Stable / Random Noise
w1_x0_y-8,1020,Standby_uA,7.049577176012126,1.1781157491745613,7.068694495047367,16.711863985025683,1.2732195465946066,0.8347857800489377,5.3930284408707045,8.947902598165864,-1.146805205082366,9.113247720756902,5.07759813256593,0.5724668994224557,1.0,10.0,uA,Double,Normal Distribution,Thermal / Upward-Downward Drift
w1_x0_y-8,1080,Temp_Sensor_C,34.95872633049215,2.812190612050372,16.87314367230223,8.044316561949476,1.7779733630340562,1.7730811307020806,31.19828257867186,39.27468189034574,-0.08367959184871143,41.1012089871406,27.15365786136136,0.3989719474880791,20.0,50.0,C,Normal,Normal Distribution,Stable / Random Noise
w1_x0_y-8,1010,VCC_mA,15.098370318121015,0.7437534842428819,4.462520905457291,4.926051411987368,0.8963543442694764,0.8522670132720053,14.098891887080704,16.24025588131426,-1.0042278280209835,16.52028330649701,13.508784413734448,0.19945853951854467,13.0,17.0,mA,Flat,Stable Non-Normal Distribution,Stable / Random Noise
w1_x0_y-8,1040,VRef_Volts,1.2497033152180126,0.021541846520856393,0.12925107912513836,1.7237568516090866,0.7736879310940379,0.7690971023907793,1.2192576862013145,1.2787201373327124,-1.4708326472884141,1.28025455161559,1.2182992460768178,0.04957601118947506,1.2,1.3,V,Double,Stable Non-Normal Distribution,Cyclic / Oscillatory
w1_x0_y0,2030,Clock_MHz,103.15264059839652,3.283697698149923,19.70218618889954,3.1833384769414876,1.0151157748812796,0.6950862544849336,99.05633982780884,107.50705701456037,-1.7468829168455882,107.87748770361877,98.7935467921079,0.08806309619234384,90.0,110.0,MHz,Double,Stable Non-Normal Distribution,Step Shift / Discontinuity
w1_x0_y0,1060,Rst_V,3283.0085043138597,89.58245596394869,537.4947357836921,2.728669628672533,1.1162900025898344,1.053065213378212,3129.3101686458563,3429.2712654761776,-0.3602813326613856,3480.53773355821,3086.048730159236,0.12016082287956828,3000.0,3600.0,mV,Double,Normal Distribution,Stable / Random Noise
w1_x0_y0,1020,Standby_uA,6.964391745517017,1.165421537856539,6.992529227139233,16.734003204324647,1.2870879345158002,0.8682432796136925,5.21379694426617,8.788436769479839,-1.1822357125297478,8.913804410316262,5.132123718956493,0.5430022936021711,1.0,10.0,uA,Double,Normal Distribution,Thermal / Upward-Downward Drift
w1_x0_y0,1080,Temp_Sensor_C,35.66881340081419,3.079096213239625,18.47457727943775,8.632460459616356,1.6238531223872752,1.5514494737735038,30.789042186008533,40.490803119949774,0.16009988575735656,43.014533189255076,27.248399540730873,0.44201452600507085,20.0,50.0,C,Normal,Normal Distribution,Stable / Random Noise
w1_x0_y0,1010,VCC_mA,15.16888348806868,0.6627899997466884,3.9767399984801304,4.369405304405008,1.0058490123892332,0.920913367547868,14.268808857341764,16.304100139794144,-0.6266843182419728,16.764066135717165,13.958036211979698,0.18498592371314565,13.0,17.0,mA,Double,Normal Distribution,Stable / Random Noise
w1_x0_y0,1040,VRef_Volts,1.249666798878168,0.02187137663798899,0.13122825982793393,1.7501766597002522,0.7620309842645157,0.7569527926879621,1.2185118245802267,1.2792939502267215,-1.4156251764048096,1.2816483872561697,1.2148511620747482,0.053452028365789744,1.2,1.3,V,Double,Stable Non-Normal Distribution,Cyclic / Oscillatory
w1_x0_y1,2030,Clock_MHz,103.0524590797205,2.9447965597938666,17.6687793587632,2.857570392877085,1.1319401071178459,0.7864200213506788,99.38956079108354,106.66440359565085,-1.7012969699867686,107.56898091408384,97.9900161521039,0.09295231620401923,90.0,110.0,MHz,Double,Stable Non-Normal Distribution,Step Shift / Discontinuity
w1_x0_y1,1060,Rst_V,3292.948951416736,96.29270212528996,577.7562127517398,2.9242087729256068,1.0385002995334613,1.014091912647645,3110.2643633042703,3432.3810059855928,-0.6551276985769525,3473.0295220490975,3095.722697414449,0.11458022283410087,3000.0,3600.0,mV,Normal,Normal Distribution,Stable / Random Noise
w1_x0_y1,1020,Standby_uA,7.022777504664067,1.1911293348563932,7.1467760091383585,16.960943644666564,1.2593090910491642,0.8331651898783597,5.255863958786095,8.829293335679596,-1.2318818213638478,9.022223831983741,5.041052579551087,0.5668941170055042,1.0,10.0,uA,Double,Normal Distribution,Thermal / Upward-Downward Drift
w1_x0_y1,1080,Temp_Sensor_C,35.165200759017196,2.975946762831558,17.855680576989347,8.462760622995887,1.680137582583162,1.661633582323425,30.366017456498692,40.21580613475861,0.09846313480457258,42.20907361523482,28.266963470737412,0.39647463525207716,20.0,50.0,C,Normal,Normal Distribution,Stable / Random Noise
w1_x0_y1,1010,VCC_mA,15.2731072231329,0.6372960998469941,3.8237765990819645,4.172668275920534,1.0460862177357182,0.903239366694018,14.313918678170683,16.391838418034872,-0.05773088150274974,16.60686742648974,13.59092884093602,0.19746725676002125,13.0,17.0,mA,Normal,Normal Distribution,Stable / Random Noise
w1_x0_y1,1040,VRef_Volts,1.2502559315621549,0.021982097266822445,0.13189258360093467,1.7582077966514036,0.7581927449580375,0.7543118358854055,1.2200197076749506,1.280046954573428,-1.4851737121235058,1.2814392173837217,1.2192536437986123,0.04973827519251235,1.2,1.3,V,Double,Stable Non-Normal Distribution,Cyclic / Oscillatory
w1_x0_y2,2030,Clock_MHz,103.10062654814978,3.0535384491345674,18.321230694807404,2.9617069763475317,1.0916297236335981,0.7531561134488243,99.03227318396371,106.86464402791147,-1.7077715662196167,107.74340766887363,98.2714472847805,0.09187102640612521,90.0,110.0,MHz,Double,Stable Non-Normal Distribution,Step Shift / Discontinuity
w1_x0_y2,1060,Rst_V,3305.4336728067697,101.40159841986181,608.4095905191709,3.067724494188923,0.9861777482633125,0.9683158575520469,3153.187035832434,3465.1699499213287,0.6244346509491616,3498.308901113123,2985.6585320687996,0.15509322521332347,3000.0,3600.0,mV,Normal,Normal Distribution,Stable / Random Noise
w1_x0_y2,1020,Standby_uA,7.031440629979646,1.177090106480582,7.062540638883492,16.740383207701058,1.2743289504699824,0.8406491436457488,5.268733303576171,8.768467864600176,-1.0959453992298527,9.123264904085044,4.794006023181924,0.6157001258667602,1.0,10.0,uA,Double,Normal Distribution,Thermal / Upward-Downward Drift
w1_x0_y2,1080,Temp_Sensor_C,34.36505169980859,3.285391924899912,19.71235154939947,9.560270572554415,1.5218884426254025,1.4574670773103389,29.88998426352169,39.936317874667076,-0.24586344081233236,41.08816848757282,26.283823416682594,0.43079653131942436,20.0,50.0,C,Double,Normal Distribution,Stable / Random Noise
w1_x0_y2,1010,VCC_mA,15.245707901069698,0.6571659123855741,3.9429954743134443,4.310497857167162,1.014457162342161,0.8898270923000537,14.199083194625478,16.159428223789657,-0.5192995083326193,16.522009977394962,13.617540853738186,0.19051061075707657,13.0,17.0,mA,Double,Normal Distribution,Stable / Random Noise
w1_x0_y2,1040,VRef_Volts,1.250596783156463,0.021623946533802483,0.1297436792028149,1.7290902091739266,0.7707504567037937,0.7615510388958531,1.2206873409400567,1.281474447656907,-1.4216236940925002,1.2830000347292394,1.2187699179866782,0.05135957297159088,1.2,1.3,V,Double,Stable Non-Normal Distribution,Cyclic / Oscillatory
w1_x0_y3,2030,Clock_MHz,103.18968250004204,3.0960680641678557,18.576408385007134,3.0003659175582738,1.076634384079424,0.7332221986952561,99.32960472358609,107.55316658501347,-1.643004847207138,108.00347739534351,98.2119467385823,0.09488865959789364,90.0,110.0,MHz,Double,Stable Non-Normal Distribution,Step Shift / Discontinuity
w1_x0_y3,1060,Rst_V,3302.552612966947,95.32752721403747,571.9651632842249,2.8864801983698647,1.049014937474162,1.040089173701103,3125.58429470869,3459.8147170246657,-0.459932343697226,3496.964124790592,3113.9958302315413,0.11596130007297588,3000.0,3600.0,mV,Double,Normal Distribution,Stable / Random Noise
w1_x0_y3,1020,Standby_uA,7.016944172000883,1.128932947459271,6.773597684755627,16.088669366416745,1.3286883010862927,0.8807891955888246,5.2031489608006805,8.762691747073633,-1.072279281380094,8.871146664476703,4.95219238446353,0.558498711682878,1.0,10.0,uA,Double,Normal Distribution,Thermal / Upward-Downward Drift
w1_x0_y3,1080,Temp_Sensor_C,34.84147412749367,3.2745028328911254,19.647016997346753,9.398290155315761,1.5269493584726563,1.510811959850999,30.066779526784085,39.39655312228923,-0.3745167446956956,42.013081613839645,26.390641124319423,0.4483863235049644,20.0,50.0,C,Normal,Normal Distribution,Stable / Random Noise
w1_x0_y3,1010,VCC_mA,15.202892036036035,0.7192947040573288,4.315768224343973,4.731301796739431,0.926833831677332,0.8328102300892852,14.340725440219131,16.45149261889062,0.14230672077634177,16.983547984862206,13.42106061200945,0.23432958442436128,13.0,17.0,mA,Double,Stable Non-Normal Distribution,Stable / Random Noise
w1_x0_y3,1040,VRef_Volts,1.2500181053260209,0.021365917400287225,0.12819550440172334,1.7092486348199507,0.7800585556154322,0.7797760913261366,1.2215579125953502,1.2804802737630434,-1.437703366313243,1.2824893111592723,1.2189746248813056,0.050811013062407845,1.2,1.3,V,Double,Stable Non-Normal Distribution,Cyclic / Oscillatory
w1_x0_y4,2030,Clock_MHz,103.11914373712021,3.035959476473716,18.215756858842298,2.9441278956051393,1.0979505356260613,0.7554839819394802,99.247487522994,106.94838726797654,-1.7412560819943164,107.01444070044441,98.27864779460602,0.08471552991274243,90.0,110.0,MHz,Flat,Stable Non-Normal Distribution,Step Shift / Discontinuity
w1_x0_y4,1060,Rst_V,3289.3121900327847,96.12935663818814,576.7761398291289,2.92247591850593,1.0402649460807294,1.0032044325498417,3146.2240897558763,3466.8559753931813,0.4095253836881638,3571.3029822459234,3097.1602567869036,0.14414646529926795,3000.0,3600.0,mV,Normal,Normal Distribution,Stable / Random Noise
w1_x0_y4,1020,Standby_uA,7.102216907856753,1.1567252505761045,6.940351503456627,16.286819532313768,1.2967642914796995,0.8350536974099979,5.253276498630088,8.820843261962928,-1.107480079801605,9.165374758809225,5.102204446852691,0.5720988762623814,1.0,10.0,uA,Flat,Normal Distribution,Thermal / Upward-Downward Drift
w1_x0_y4,1080,Temp_Sensor_C,34.83176784219698,2.779235870451907,16.675415222711443,7.9790261666965945,1.799055651648233,1.7788783840292666,30.30959873462369,38.83327653951102,0.17191283154448866,41.84336064280026,27.79768207559663,0.4032433447201604,20.0,50.0,C,Double,Normal Distribution,Stable / Random Noise
w1_x0_y4,1010,VCC_mA,15.136278800709524,0.7830175682029237,4.698105409217542,5.173118033252791,0.8514070357280874,0.7933926708557499,13.992026927174159,16.586968380885278,0.02612937454028419,16.87010407317735,13.193151757604351,0.2429231361277939,13.0,17.0,mA,Double,Normal Distribution,Stable / Random Noise
w1_x0_y4,1040,VRef_Volts,1.249817951127653,0.021431810624471543,0.12859086374682926,1.7147945910950158,0.7776602247332354,0.7748287813935999,1.220209996373822,1.279795390461435,-1.4271875935572935,1.2804307139133742,1.216362225579942,0.05126225645553107,1.2,1.3,V,Double,Stable Non-Normal Distribution,Cyclic / Oscillatory
w1_x0_y5,2030,Clock_MHz,103.07036092933522,3.158112365368765,18.94867419221259,3.064035419002713,1.055482816218323,0.7314114961681781,98.75063375062462,107.37779234383686,-1.639612206016281,107.9451719436403,98.35094514146951,0.09308424571005987,90.0,110.0,MHz,Double,Stable Non-Normal Distribution,Step Shift / Discontinuity
w1_x0_y5,1060,Rst_V,3314.0770538476913,100.77048792274333,604.62292753646,3.0406802945558353,0.9923540320323344,0.9457892948826918,3141.4596158669997,3477.480987343737,-0.12456924425704541,3564.8585960785326,3090.541939817807,0.1431217948629279,3000.0,3600.0,mV,Double,Normal Distribution,Stable / Random Noise
w1_x0_y5,1020,Standby_uA,7.0382149295994205,1.1887947456299184,7.13276847377951,16.89057179300403,1.26178215837014,0.8304727908352223,5.298542102941601,8.921183789240427,-1.1150255894138428,9.240141960639697,4.960986616962319,0.6079887281761266,1.0,10.0,uA,Double,Normal Distribution,Thermal / Upward-Downward Drift
w1_x0_y5,1080,Temp_Sensor_C,35.23280835566319,2.6606223865220198,15.963734319132119,7.551547863184631,1.8792595391697158,1.8500923842911516,30.890236965865164,39.727650342956686,-0.2826213079201434,41.38775573638014,29.71995500721949,0.33116294935612806,20.0,50.0,C,Normal,Normal Distribution,Stable / Random Noise
w1_x0_y5,1010,VCC_mA,15.220893090578574,0.6722028618049875,4.033217170829925,4.416316820601463,0.9917641006117481,0.8822271819572436,14.158047669037872,16.185098214795232,-1.0867548812205707,16.47794085098651,14.01367406021536,0.16190027589750838,13.0,17.0,mA,Double,Normal Distribution,Stable / Random Noise
w1_x0_y5,1040,VRef_Volts,1.249812301574292,0.021298902548261875,0.12779341528957125,1.7041680995964992,0.7825129313071948,0.7795754024011431,1.2208642717619649,1.2799812568134286,-1.472724384279677,1.281756363289454,1.219662351856689,0.049682669433282124,1.2,1.3,V,Flat,Stable Non-Normal Distribution,Cyclic / Oscillatory
w1_x0_y6,2030,Clock_MHz,103.22694240785441,3.306218459446775,19.83731075668065,3.202863886429721,1.0082011743080932,0.682860461805753,98.93449154073505,107.30923350011558,-1.7308627003815469,107.61020130734639,97.86142912921002,0.09444019120142602,90.0,110.0,MHz,Double,Stable Non-Normal Distribution,Step Shift / Discontinuity
w1_x0_y6,1060,Rst_V,3293.2338206457744,82.59775182720844,495.58651096325065,2.508104687538152,1.2106867049989016,1.1833809603729049,3170.0291917434206,3446.2026194488817,-0.4481073928881809,3480.6868318223273,3150.358461286376,0.100305167663794,3000.0,3600.0,mV,Double,Normal Distribution,Stable / Random Noise
w1_x0_y6,1020,Standby_uA,7.043392824565563,1.149766644269837,6.898599865619023,16.324045426796918,1.30461255549171,0.857161520606366,5.409341787302515,8.86744962540891,-1.0296521537803416,9.072951820693063,4.8020467971977014,0.606370414070834,1.0,10.0,uA,Double,Normal Distribution,Thermal / Upward-Downward Drift
w1_x0_y6,1080,Temp_Sensor_C,34.825506011420686,2.9449707231407407,17.669824338844442,8.456361616612163,1.6978097475507736,1.6780592412375088,29.50579682082067,38.919655047246934,0.06982677685754357,41.762073921057166,28.615701539418303,0.3774926451126837,20.0,50.0,C,Normal,Normal Distribution,Stable / Random Noise
w1_x0_y6,1010,VCC_mA,15.134701026770625,0.7064067929661915,4.238440757797148,4.667464469345527,0.943743284046496,0.8801816893620239,14.127057303561969,16.285756826447535,-0.6282266985416203,16.840884933890877,13.841265928913472,0.19819479748371677,13.0,17.0,mA,Normal,Normal Distribution,Stable / Random Noise
w1_x0_y6,1040,VRef_Volts,1.2500696406813139,0.021554582680581958,0.12932749608349176,1.7242705509458067,0.7732307748032305,0.7721538084438274,1.221868351108715,1.2795926591307651,-1.5229907060529053,1.2812340854250701,1.2172637273499258,0.05117343545778707,1.2,1.3,V,Double,Stable Non-Normal Distribution,Cyclic / Oscillatory
w1_x0_y7,2030,Clock_MHz,103.18535249161984,3.1985447128366893,19.191268277020136,3.099804997125399,1.0421406084947626,0.710182090106062,99.08924722779425,107.50753275432557,-1.7160045010482896,108.15842159720805,98.6873583470472,0.09178689631292428,90.0,110.0,MHz,Double,Stable Non-Normal Distribution,Step Shift / Discontinuity
w1_x0_y7,1060,Rst_V,3332.010768717278,84.69151688103452,508.1491012862071,2.541753996600622,1.1807558027384157,1.054766133028271,3218.326931012417,3483.084306099412,-0.47106951552215026,3519.8595534206925,3155.1741909400835,0.1094490347703773,3000.0,3600.0,mV,Double,Normal Distribution,Stable / Random Noise
w1_x0_y7,1020,Standby_uA,7.017438420484188,1.1957995916721482,7.174797550032889,17.040400214721664,1.2543907946167407,0.8313995088271556,5.395876149984588,8.858052363546493,-1.2069439356038563,9.204576105700797,4.903654383623405,0.6128905541262502,1.0,10.0,uA,Double,Normal Distribution,Thermal / Upward-Downward Drift
w1_x0_y7,1080,Temp_Sensor_C,35.4123859356135,3.2675436206947683,19.60526172416861,9.227120778124887,1.5302014541849833,1.4881325502942357,30.007386619344892,40.419758174628434,-0.2470497623573058,43.550697904170356,28.929505065970627,0.4128835844267556,20.0,50.0,C,Normal,Normal Distribution,Cyclic / Oscillatory
w1_x0_y7,1010,VCC_mA,15.30800522729246,0.5480661515515615,3.288396909309369,3.580258455715842,1.2163981752555784,1.0290696770317145,14.427087689522759,16.106088620409054,-0.024040699232046325,16.430511907759453,13.846303204432948,0.16881420308892697,13.0,17.0,mA,Normal,Normal Distribution,Stable / Random Noise
w1_x0_y7,1040,VRef_Volts,1.2498233260378409,0.021770622261095517,0.13062373356657309,1.7418959790190671,0.76555766145694,0.7628525793507223,1.2203258376580113,1.2798724441119544,-1.518237275231607,1.280983023883882,1.2191546477731756,0.04946969289388537,1.2,1.3,V,Flat,Stable Non-Normal Distribution,Cyclic / Oscillatory
w1_x0_y8,2030,Clock_MHz,103.17522711574574,3.1800546110976913,19.080327666586147,3.082188137594492,1.0482000282953423,0.7153727130384598,99.004300031504,107.30601085761806,-1.7307503553822763,107.93704374239105,98.89407407512834,0.08764671442998595,90.0,110.0,MHz,Double,Stable Non-Normal Distribution,Step Shift / Discontinuity
w1_x0_y8,1060,Rst_V,3305.526246011234,109.29120088023517,655.747205281411,3.306317746292786,0.9149867436225103,0.8981319374815907,3131.263894092564,3463.5660545411997,-0.8209424138760055,3528.44464640302,3097.3953634569766,0.1304026199961925,3000.0,3600.0,mV,Double,Normal Distribution,Stable / Random Noise
w1_x0_y8,1020,Standby_uA,6.998873867058323,1.1815984475394568,7.0895906852367405,16.88269384451832,1.269466799929856,0.8466288862602966,5.142303267225656,8.890584272799806,-1.0837020668422788,9.040088370468602,5.014475266076987,0.5751801190958753,1.0,10.0,uA,Double,Normal Distribution,Thermal / Upward-Downward Drift
w1_x0_y8,1080,Temp_Sensor_C,35.18523624365202,2.7907143219051727,16.744285931431037,7.931492352587691,1.7916559788128317,1.7695306705840335,30.744895696640075,39.32379090400792,-0.7241821578522756,41.02373700640468,30.048421294823875,0.31192957283499634,20.0,50.0,C,Double,Normal Distribution,Stable / Random Noise
w1_x0_y8,1010,VCC_mA,15.007223139374405,0.596803041101194,3.580818246607164,3.9767719554683216,1.1170631192437683,1.1130287679436157,13.968705598584398,16.067578514763127,0.13450762153406615,16.200849144334548,13.461203528316151,0.18255513298995313,13.0,17.0,mA,Normal,Normal Distribution,Stable / Random Noise
w1_x0_y8,1040,VRef_Volts,1.2508767132299357,0.02178747751069159,0.13072486506414954,1.7417765700053145,0.7649654099924135,0.7515523040847435,1.2205856988371495,1.280871554046747,-1.4756634417974581,1.2825191578264024,1.2188742689418475,0.05088022521437387,1.2,1.3,V,Double,Stable Non-Normal Distribution,Cyclic / Oscillatory
w1_x1_y-1,2030,Clock_MHz,102.92838405576644,3.0697476226819167,18.4184857360915,2.982411169516401,1.0858655964756907,0.7678824465332176,98.88393219494911,106.20612578521619,-1.7285508358862627,108.08857117693513,98.38986661588498,0.09422769676239555,90.0,110.0,MHz,Double,Stable Non-Normal Distribution,Step Shift / Discontinuity
w1_x1_y-1,1060,Rst_V,3307.216122021441,76.45289016051197,458.7173409630718,2.31169924612554,1.3079950253031787,1.2765328529497597,3172.802559362476,3427.823171127,-0.5305736915883337,3443.898572319134,3130.020922435149,0.09490690608152227,3000.0,3600.0,mV,Double,Normal Distribution,Stable / Random Noise
w1_x1_y-1,1020,Standby_uA,7.061308548382588,1.1679776768109038,7.007866060865423,16.540527422193332,1.2842711207423623,0.8386836809077096,5.277773945380983,8.699622491272509,-1.0834607330294246,9.25866143901865,5.017160439125347,0.6006678465940751,1.0,10.0,uA,Double,Normal Distribution,Thermal / Upward-Downward Drift
w1_x1_y-1,1080,Temp_Sensor_C,34.68729826058912,2.7717115852592267,16.630269511555362,7.990566357854337,1.8039394959387054,1.7663331613939037,29.436504027394577,39.00444016842358,0.1559198992479316,39.816553489469776,27.57020695670333,0.3530498812783137,20.0,50.0,C,Normal,Normal Distribution,Cyclic / Oscillatory
w1_x1_y-1,1010,VCC_mA,15.313633180042482,0.7641442518039019,4.584865510823411,4.989960532682566,0.8724356233693814,0.7356232438995395,14.280587055572251,16.471866807797877,0.5491652206184883,17.239675429449125,13.376419584546351,0.2522755899584671,13.0,17.0,mA,Double,Normal Distribution,Stable / Random Noise
w1_x1_y-1,1040,VRef_Volts,1.2501148873868382,0.021700873796147286,0.13020524277688372,1.735910356328084,0.7680182292763545,0.7662535171282416,1.2205760625822313,1.2805541798893523,-1.4707948649775069,1.2813817760235635,1.219503012474431,0.049498461440196075,1.2,1.3,V,Double,Stable Non-Normal Distribution,Cyclic / Oscillatory
w1_x1_y-2,2030,Clock_MHz,102.79891215438812,3.091107981318568,18.546647887911405,3.006946198687589,1.0783619833013534,0.7765379371121297,99.0579810051685,106.43882482619956,-1.8345900903560441,106.7402714967583,98.28491203809601,0.08225144878929885,90.0,110.0,MHz,Double,Stable Non-Normal Distribution,Step Shift / Discontinuity
w1_x1_y-2,1060,Rst_V,3301.880046453076,105.06605812868892,630.3963487721335,3.1820071186884062,0.9517821623945973,0.9458175134662278,3127.709119766709,3482.420105689983,-0.06253884831532375,3535.678690605116,3063.606993350628,0.14297057755371642,3000.0,3600.0,mV,Normal,Normal Distribution,Stable / Random Noise
w1_x1_y-2,1020,Standby_uA,7.045513461527341,1.2020841505042428,7.212504903025456,17.061696880835317,1.247832773912533,0.8192678072865723,5.105053566802602,8.762701552474844,-1.0359773215806172,9.426228897586935,4.876019231216945,0.645830810091673,1.0,10.0,uA,Double,Normal Distribution,Thermal / Upward-Downward Drift
w1_x1_y-2,1080,Temp_Sensor_C,34.77138519998736,2.375091035711817,14.250546214270901,6.8305907919730515,2.105182464511932,2.073097406637631,31.289158715809517,38.55152567548069,0.11526966533232841,41.05784533527245,30.60369386980964,0.3006538682694358,20.0,50.0,C,Double,Normal Distribution,Stable / Random Noise
w1_x1_y-2,1010,VCC_mA,15.197612598575118,0.7489247713560712,4.493548628136427,4.927910660298632,0.8901650635210523,0.8022111478394623,14.094008276583185,16.38509707671732,-0.9594680212689886,16.683190905112298,13.759897251484075,0.19235216285894155,13.0,17.0,mA,Double,Normal Distribution,Stable / Random Noise
w1_x1_y-2,1040,VRef_Volts,1.249843351986584,0.021822652612734313,0.1309359156764059,1.7460310188511179,0.7637323914023666,0.7613396481644726,1.2198128289857013,1.2801741113028415,-1.4579910858304779,1.2813864649098727,1.2189711308631128,0.04993852545405218,1.2,1.3,V,Double,Stable Non-Normal Distribution,Cyclic / Oscillatory
w1_x1_y-3,2030,Clock_MHz,103.08717924665291,3.227765555884738,19.36659333530843,3.1311028000502192,1.0327061478353432,0.713891249086529,99.20600468383293,106.87446487066703,-1.7922286685692859,107.95094748280708,98.329101043485,0.09333698438193022,90.0,110.0,MHz,Flat,Stable Non-Normal Distribution,Step Shift / Discontinuity
w1_x1_y-3,1060,Rst_V,3289.490722247335,106.50884394993761,639.0530636996257,3.237852085418628,0.9388891691191675,0.905999012261693,3119.4970328949494,3452.4862237178095,-0.27668402871321796,3467.97284636173,3007.4040633206246,0.14001218484253725,3000.0,3600.0,mV,Double,Normal Distribution,Stable / Random Noise
w1_x1_y-3,1020,Standby_uA,7.021181112814868,1.1766087600451498,7.059652560270899,16.757989021215185,1.2748502738858078,0.8438995720409296,5.0872578442466265,8.859411500232367,-1.0782580395234904,9.050114862520704,4.954163471797666,0.5833707071374672,1.0,10.0,uA,Double,Normal Distribution,Thermal / Upward-Downward Drift
w1_x1_y-3,1080,Temp_Sensor_C,35.08563160002199,2.702978580003103,16.21787148001862,7.703947333247976,1.8498111812614733,1.839251028515474,30.896662174690388,39.38814142108182,-0.5180849378512797,40.79816237045667,29.34829741345117,0.32634056834246433,20.0,50.0,C,Double,Normal Distribution,Stable / Random Noise
w1_x1_y-3,1010,VCC_mA,15.13389789108335,0.6705254317113274,4.023152590267964,4.430619504221647,0.9942451622829395,0.9276814970581849,14.146015725759963,16.31596404383976,-0.17577857448146528,16.615490296049323,13.578770966297933,0.20065678727359304,13.0,17.0,mA,Double,Normal Distribution,Stable / Random Noise
w1_x1_y-3,1040,VRef_Volts,1.2505566759999183,0.021848900876031512,0.13109340525618907,1.747134000029355,0.7628148784797775,0.7543220637751723,1.2211685318699714,1.2806588956779335,-1.4827245474749777,1.2827378112193057,1.2186749369674124,0.05122748571204907,1.2,1.3,V,Double,Stable Non-Normal Distribution,Cyclic / Oscillatory
w1_x1_y-4,2030,Clock_MHz,103.07301777348772,3.297542185861191,19.785253115167144,3.199229300831997,1.010853886153634,0.700216690298709,98.69020330039947,106.97018279988708,-1.726893671796562,108.54422960686368,98.0956904658352,0.10137026514533694,90.0,110.0,MHz,Double,Stable Non-Normal Distribution,Step Shift / Discontinuity
w1_x1_y-4,1060,Rst_V,3301.690855036597,97.4246752172795,584.548051303677,2.9507509786587702,1.0264340094229407,1.02064883904105,3149.497312750535,3461.2752715547363,0.7559020212594767,3553.777455992265,3048.6034861165726,0.1530046246168292,3000.0,3600.0,mV,Normal,Normal Distribution,Stable / Random Noise
w1_x1_y-4,1020,Standby_uA,7.035073694130984,1.1710565529385297,7.026339317631178,16.645974212259986,1.2808945872306963,0.8439462348278947,5.241430902506564,8.771390360762963,-1.184760349776367,9.15436041299631,5.076895875467558,0.5795908777658405,1.0,10.0,uA,Double,Normal Distribution,Thermal / Upward-Downward Drift
w1_x1_y-4,1080,Temp_Sensor_C,35.14685009768532,2.7343779245743733,16.40626754744624,7.779866238296138,1.828569472809172,1.8106677657620769,30.85726529108644,38.935730050836305,-0.5024435266606999,39.807781470502114,28.679678189831115,0.3166173711084245,20.0,50.0,C,Double,Normal Distribution,Stable / Random Noise
w1_x1_y-4,1010,VCC_mA,15.024137508203735,0.7685381114732217,4.61122866883933,5.115355946746171,0.8674477644169445,0.8569787506519818,13.605897448384159,16.311034357990756,-0.0012995671303008827,16.56414168710439,13.017584819534509,0.23605726888703785,13.0,17.0,mA,Double,Normal Distribution,Stable / Random Noise
w1_x1_y-4,1040,VRef_Volts,1.2503714824843621,0.021164522434001878,0.12698713460401126,1.6926587602550007,0.787481348499073,0.7816306379444874,1.2205781624061705,1.2788908959871108,-1.4655170096631687,1.2816227966390548,1.2173238322598128,0.05142388904414744,1.2,1.3,V,Double,Stable Non-Normal Distribution,Cyclic / Oscillatory
w1_x1_y-5,2030,Clock_MHz,103.07872206922055,3.2009770047571924,19.205862028543155,3.1053712546102745,1.0413487283349543,0.7207463971669967,99.06071923018483,107.48853200154225,-1.7443318728624668,108.0178145339062,98.67548948020821,0.09063291498146757,90.0,110.0,MHz,Double,Stable Non-Normal Distribution,Step Shift / Discontinuity
w1_x1_y-5,1060,Rst_V,3291.325945435876,108.76616521050065,652.5969912630039,3.3046306264904604,0.9194035645778716,0.892820375625876,3152.197872001031,3440.1070658242065,1.1900628092986727,3524.8939374840256,2921.1299205337928,0.18344096785293484,3000.0,3600.0,mV,Normal,Normal Distribution,Stable / Random Noise
w1_x1_y-5,1020,Standby_uA,7.044178989782274,1.2343935805671216,7.40636148340273,17.52359760246914,1.2151715819121887,0.7981843761856794,5.1993102376934,8.886188672330894,-1.147686427188756,9.182646839404612,4.84809565890973,0.6153380240312231,1.0,10.0,uA,Double,Normal Distribution,Thermal / Upward-Downward Drift
w1_x1_y-5,1080,Temp_Sensor_C,34.79649739746722,2.5603240597872383,15.36194435872343,7.357993623730646,1.9528777932960164,1.926383412405069,30.357180954018187,38.595157863175594,-0.6018240269197275,40.060447599522576,29.683474695403646,0.29821889213694974,20.0,50.0,C,Double,Normal Distribution,Stable / Random Noise
w1_x1_y-5,1010,VCC_mA,15.149657533773025,0.6539813883471195,3.923888330082717,4.316806415519317,1.0193970020333578,0.9431167814033937,13.94433265207862,16.00532352196057,0.7087499742309911,16.937479453557955,13.480768542550619,0.22817089451040823,13.0,17.0,mA,Normal,Normal Distribution,Stable / Random Noise
w1_x1_y-5,1040,VRef_Volts,1.2495732794277976,0.021198306001317682,0.1271898360079061,1.6964436060144286,0.7862263458990867,0.7795163667750337,1.2204362980065693,1.2783167687490256,-1.4958819133574028,1.2790897098806566,1.21725477116631,0.049484843932211794,1.2,1.3,V,Double,Stable Non-Normal Distribution,Cyclic / Oscillatory
w1_x1_y-6,2030,Clock_MHz,103.24920700153346,2.99834841447223,17.99009048683338,2.903991712428066,1.1117231463976034,0.750501283293413,99.05427929567156,106.73306539538102,-1.7088929786738494,107.7292645395944,98.85951154456696,0.08590625780685857,90.0,110.0,MHz,Double,Stable Non-Normal Distribution,Step Shift / Discontinuity
w1_x1_y-6,1060,Rst_V,3325.7894645981196,100.48297567413789,602.8978540448273,3.0213270185543752,0.9951934576887516,0.9096417695376039,3168.855809585688,3472.8834279799207,0.1442469402269908,3554.061348738918,3053.9573210990743,0.15037152320171743,3000.0,3600.0,mV,Normal,Normal Distribution,Stable / Random Noise
w1_x1_y-6,1020,Standby_uA,7.018263817532292,1.1674071904866836,7.004443142920102,16.633845931673147,1.2848987159096226,0.8513842204520041,5.167517279544979,8.700903982071518,-1.1312113984133043,9.24660699432421,5.043843182880823,0.5988324065197553,1.0,10.0,uA,Double,Normal Distribution,Thermal / Upward-Downward Drift
w1_x1_y-6,1080,Temp_Sensor_C,34.62480816991877,3.0226051059020365,18.13563063541222,8.729593796069043,1.6542021947348788,1.6128259848170814,30.246361026162663,39.10857061872267,0.8104617557099294,41.298186771588504,25.47001233666536,0.45713392424436,20.0,50.0,C,Normal,Normal Distribution,Stable / Random Noise
w1_x1_y-6,1010,VCC_mA,15.174499811737732,0.7330552066956167,4.3983312401737,4.8308360459340225,0.9094358249930332,0.8300876348686165,14.054252755282093,16.3198507070302,0.1470794882584534,16.90687087383787,13.269871199705642,0.23967838935415506,13.0,17.0,mA,Normal,Normal Distribution,Stable / Random Noise
w1_x1_y-6,1040,VRef_Volts,1.2498297358336703,0.021769686820553434,0.1306181209233206,1.7418122002060115,0.7655905573676498,0.7629835046076479,1.220320637005456,1.2793740417031847,-1.4862849684550412,1.2812732953083343,1.2183800234793563,0.05032147181794052,1.2,1.3,V,Double,Stable Non-Normal Distribution,Cyclic / Oscillatory
w1_x1_y-7,2030,Clock_MHz,103.40514726115408,3.164271673458098,18.98563004074859,3.0600717249273828,1.053428301145355,0.6947204516986243,99.3040173978986,107.2399955688439,-1.7198430836303542,107.90326114240979,98.39990593456122,0.09190408272276278,90.0,110.0,MHz,Double,Stable Non-Normal Distribution,Step Shift / Discontinuity
w1_x1_y-7,1060,Rst_V,3288.980010496272,93.65844472672114,561.9506683603269,2.8476440850301517,1.0677093805239068,1.0284888933025553,3164.5363074356633,3449.732571189909,1.2771365397964507,3604.0096799713237,3113.894719565446,0.14901731200607835,3000.0,3600.0,mV,Normal,Stable Non-Normal Distribution,Stable / Random Noise
w1_x1_y-7,1020,Standby_uA,7.0472638128510585,1.2345943790192677,7.407566274115606,17.518776248562165,1.2149739424470443,0.797221672512534,5.228527058243047,8.998403718615991,-1.1458293496874263,9.281642859184226,5.0414503382680405,0.6016792663819354,1.0,10.0,uA,Double,Normal Distribution,Thermal / Upward-Downward Drift
w1_x1_y-7,1080,Temp_Sensor_C,34.50247177579811,2.7811135658521304,16.68668139511278,8.060621232948746,1.7978410020333007,1.7382092259573687,30.45068196412044,38.51646656515705,-0.15793727372410782,40.817850720971364,26.98447258355067,0.40093875671609625,20.0,50.0,C,Normal,Normal Distribution,Stable / Random Noise
w1_x1_y-7,1010,VCC_mA,15.273974171164319,0.7065119580097923,4.239071748058754,4.625593510192086,0.9436028068719916,0.8143414084114521,14.249742345040842,16.48168608710325,-0.3354667943164369,16.910038862200988,13.625226290171195,0.21505945572640675,13.0,17.0,mA,Double,Normal Distribution,Stable / Random Noise
w1_x1_y-7,1040,VRef_Volts,1.2495100168831637,0.021836929758125564,0.13102157854875338,1.7476394317027264,0.7632330575439519,0.7557536312957934,1.2205059582769056,1.2800342423351982,-1.5094458443873857,1.2804922941010306,1.21923157968269,0.0490277897660654,1.2,1.3,V,Flat,Stable Non-Normal Distribution,Cyclic / Oscillatory
w1_x1_y0,2030,Clock_MHz,103.41562110475492,3.160208175473632,18.961249052841794,3.0558325151598686,1.054782833359943,0.6945089827042017,99.22441996726887,107.41588547896268,-1.732728096119705,107.79956541727705,98.31204480149285,0.09174165870138531,90.0,110.0,MHz,Double,Stable Non-Normal Distribution,Step Shift / Discontinuity
w1_x1_y0,1060,Rst_V,3315.320043196653,96.9845025816371,581.9070154898226,2.925343596334187,1.0310925698239737,0.9784379607924698,3177.1140362448664,3485.1612056539207,-0.6522052805690457,3522.8807900998518,3128.74246132627,0.11888394593529224,3000.0,3600.0,mV,Normal,Normal Distribution,Stable / Random Noise
w1_x1_y0,1020,Standby_uA,7.022228878531853,1.1863325517689767,7.1179953106138605,16.893960198246983,1.264400945386944,0.836688138028948,5.137350792046912,8.68853246344423,-1.1809001467386622,8.946880613822106,4.877411544029866,0.5795124511297686,1.0,10.0,uA,Double,Normal Distribution,Thermal / Upward-Downward Drift
w1_x1_y0,1080,Temp_Sensor_C,34.767253138963845,2.7834277836035213,16.700566701621128,8.005889255841495,1.7963462280048192,1.768473298278002,30.48647593566855,38.820099285071315,-0.827807185382524,40.10735778902669,29.083131130915703,0.3170865013133891,20.0,50.0,C,Double,Normal Distribution,Stable / Random Noise
w1_x1_y0,1010,VCC_mA,15.13960678168963,0.6665931919421626,3.9995591516529756,4.402975596092521,1.000110224234799,0.9302991393646423,14.07033574705753,16.027587301899384,-0.7179827459414274,16.614770433199315,13.884075437152791,0.18036763011236998,13.0,17.0,mA,Double,Normal Distribution,Stable / Random Noise
w1_x1_y0,1040,VRef_Volts,1.2497870344919793,0.0215081236525597,0.1290487419153582,1.7209430934209082,0.7749010065172824,0.7716004627869076,1.220448334653641,1.2795708137166832,-1.442488371733847,1.2829502285832457,1.217844331199793,0.05209359321759747,1.2,1.3,V,Double,Stable Non-Normal Distribution,Cyclic / Oscillatory
w1_x1_y1,2030,Clock_MHz,103.06998663173609,3.120752918973294,18.724517513839764,3.027799867796227,1.068118309869266,0.7402074166281472,99.25284762603441,107.0605928277859,-1.800452059217546,107.38862529675185,98.8151133383053,0.08318145988588597,90.0,110.0,MHz,Double,Stable Non-Normal Distribution,Step Shift / Discontinuity
w1_x1_y1,1060,Rst_V,3316.511819968357,101.42289474552301,608.537368473138,3.0581195017869915,0.9859706750720028,0.9317034408024416,3168.937362006769,3454.9927058451394,-1.3309175420476724,3473.4854696259654,3144.846947825349,0.09909161783230182,3000.0,3600.0,mV,Double,Stable Non-Normal Distribution,Stable / Random Noise
w1_x1_y1,1020,Standby_uA,7.060230524330305,1.1661644208705715,6.996986525223429,16.51737031605193,1.286268019461794,0.8402958802541989,5.177234796490039,8.78769154347185,-1.0435459600889914,8.981816118434498,4.639516533392055,0.6150365161701755,1.0,10.0,uA,Flat,Normal Distribution,Thermal / Upward-Downward Drift
w1_x1_y1,1080,Temp_Sensor_C,34.940909109588915,3.3236437745294243,19.941862647176546,9.512184597444573,1.504373013232419,1.4984466971749315,29.509078203267716,40.628156513395695,-0.5443409025570194,41.77188604772725,28.792856012997312,0.3714565638238666,20.0,50.0,C,Double,Normal Distribution,Stable / Random Noise
w1_x1_y1,1010,VCC_mA,15.226988984124946,0.6699447109582457,4.019668265749474,4.399718891612146,0.9951069928040922,0.8821678301079771,14.073909862593975,16.162370340930856,-0.5580197148715267,16.637686019698112,13.80625317362749,0.18594830856071168,13.0,17.0,mA,Double,Normal Distribution,Stable / Random Noise
w1_x1_y1,1040,VRef_Volts,1.2505075078914474,0.021316238276535376,0.12789742965921225,1.7046069809271207,0.7818765417448501,0.7739403714433881,1.221905685202552,1.2808712208836923,-1.4843785114532049,1.2819396506676906,1.2205225902305727,0.04911370787423472,1.2,1.3,V,Double,Stable Non-Normal Distribution,Cyclic / Oscillatory
w1_x1_y2,2030,Clock_MHz,103.06106194179745,3.0247190128151904,18.148314076891143,2.934880502709516,1.1020307404458396,0.7646923046188775,99.12999304315342,106.95506453022908,-1.595991482297802,107.34441068542623,97.31455923152055,0.09731950423303344,90.0,110.0,MHz,Flat,Stable Non-Normal Distribution,Step Shift / Discontinuity
w1_x1_y2,1060,Rst_V,3323.368351674196,96.52916512169341,579.1749907301605,2.904558114151427,1.0359563337560305,0.9552610273349574,3195.6454323850853,3485.1388163289844,-0.10769411021354358,3508.421465758474,3069.4750222109983,0.13207878185586916,3000.0,3600.0,mV,Double,Normal Distribution,Stable / Random Noise
w1_x1_y2,1020,Standby_uA,7.057115211927774,1.1514833603815553,6.908900162289331,16.3166297531227,1.3026675431097505,0.8519112214518013,5.21404075800099,8.735024105986474,-1.06326120371043,9.138894988970918,5.017351761772958,0.5840266317647503,1.0,10.0,uA,Double,Normal Distribution,Thermal / Upward-Downward Drift
w1_x1_y2,1080,Temp_Sensor_C,34.81682646555859,2.983950046059461,17.903700276356766,8.570425133408515,1.6756312682254484,1.6551691814373555,29.39266038611212,39.331530100184324,-0.687705875661762,39.76559182765164,28.98636312665404,0.3095982545008977,20.0,50.0,C,Normal,Normal Distribution,Stable / Random Noise
w1_x1_y2,1010,VCC_mA,15.250428694911934,0.6608284617867355,3.964970770720413,4.33317957814006,1.0088346752864517,0.8825140997295065,14.103755986076385,16.137711229312764,-0.5138020581500138,16.70670924997528,13.803982611397647,0.19033737979746643,13.0,17.0,mA,Double,Normal Distribution,Stable / Random Noise
w1_x1_y2,1040,VRef_Volts,1.2494136058604783,0.021875735918347287,0.1312544155100837,1.750880238196329,0.761879130781071,0.7529439016347933,1.2186563183836605,1.2792461901403396,-1.4072627415073753,1.2805027594803362,1.2140299005673305,0.053203245587537404,1.2,1.3,V,Double,Stable Non-Normal Distribution,Cyclic / Oscillatory
w1_x1_y3,2030,Clock_MHz,103.20079115649808,3.119584834121262,18.71750900472757,3.02283034767688,1.068518251811633,0.7265078747160861,99.26947549553844,107.2597735369988,-1.7251935935028084,107.65122091406765,98.18682675424975,0.09170854267450032,90.0,110.0,MHz,Double,Stable Non-Normal Distribution,Step Shift / Discontinuity
w1_x1_y3,1060,Rst_V,3304.0066280527153,105.22738719440487,631.3643231664292,3.184841891689025,0.9503229403126069,0.9376309718066222,3105.9193039900297,3438.190648751579,-0.08363347106930918,3566.372171802124,3081.190308140617,0.1468465164512877,3000.0,3600.0,mV,Normal,Normal Distribution,Stable / Random Noise
w1_x1_y3,1020,Standby_uA,7.0768951445025365,1.1877379530217707,7.126427718130624,16.783319927304948,1.2629048319823335,0.8203562769775039,5.22766259592456,8.878477375818733,-1.1129348422844663,9.165211445791842,4.89479920953147,0.60343019771569,1.0,10.0,uA,Double,Normal Distribution,Thermal / Upward-Downward Drift
w1_x1_y3,1080,Temp_Sensor_C,35.507662851052785,2.07036195127248,12.422171707634881,5.830746900907602,2.415036654304294,2.333301694749554,32.22397005686257,38.604023230038145,-0.6062159287888838,39.94420452261777,30.792809046996915,0.2577301557134031,20.0,50.0,C,Normal,Normal Distribution,Stable / Random Noise
w1_x1_y3,1010,VCC_mA,15.150761676958096,0.8461595696961045,5.076957418176627,5.584930894814212,0.7878734585559293,0.7284828966345959,14.212304151083321,16.690798569936256,-0.1523740977675363,17.062516323738944,13.277561930359958,0.24981941331275115,13.0,17.0,mA,Normal,Normal Distribution,Stable / Random Noise
w1_x1_y3,1040,VRef_Volts,1.2502756693184738,0.021069958124774014,0.1264197487486441,1.6852249981205558,0.791015652141712,0.7866544772271521,1.2205519079337757,1.279621825465886,-1.4209757967369405,1.2823281392911796,1.2195955500478524,0.050175006026889124,1.2,1.3,V,Double,Stable Non-Normal Distribution,Cyclic / Oscillatory
w1_x1_y4,2030,Clock_MHz,103.18466878546248,3.139168894433841,18.835013366603047,3.0422822802878575,1.0618521798058624,0.7236874306255604,98.99633460927168,107.22695657758986,-1.6720818397803854,107.59014193274811,97.81785564979249,0.09470676601456922,90.0,110.0,MHz,Double,Stable Non-Normal Distribution,Step Shift / Discontinuity
w1_x1_y4,1060,Rst_V,3269.06089111753,109.90642699284602,659.4385619570761,3.362018348800914,0.9098648981329286,0.8160302009606881,3096.116084688885,3432.6517778236794,-0.20444466585805188,3461.369760217809,2962.8870547648226,0.15248498637863547,3000.0,3600.0,mV,Double,Normal Distribution,Stable / Random Noise
w1_x1_y4,1020,Standby_uA,7.072132369589648,1.2437304371600293,7.462382622960176,17.586356874598422,1.2060491205997532,0.7847004846419753,5.231964007118535,9.064303551695794,-1.1364211544972844,9.261692765555114,5.000587753889426,0.6025205396308121,1.0,10.0,uA,Double,Normal Distribution,Thermal / Upward-Downward Drift
w1_x1_y4,1080,Temp_Sensor_C,34.97522340363401,3.212742652264932,19.27645591358959,9.18576735075585,1.556302680040395,1.5537320211519505,30.75459523904321,40.018687546843495,-0.6673585575155236,42.329314531100536,28.095624554577064,0.40696494807934686,20.0,50.0,C,Double,Stable Non-Normal Distribution,Stable / Random Noise
w1_x1_y4,1010,VCC_mA,15.04606263120997,0.684576525112946,4.107459150677676,4.549871563693563,0.9738380476261227,0.9514092762031028,13.990010944802076,15.950513707353212,-0.9783717175188058,16.26891802679604,13.641011461740149,0.17465742563139663,13.0,17.0,mA,Double,Normal Distribution,Stable / Random Noise
w1_x1_y4,1040,VRef_Volts,1.2493868136996746,0.021402740112812145,0.12841644067687286,1.7130595487425162,0.778716490450195,0.7691665247745648,1.2201040392285556,1.279473261526286,-1.4856031449193436,1.2804583494523785,1.219074377119664,0.049131279168014255,1.2,1.3,V,Double,Stable Non-Normal Distribution,Cyclic / Oscillatory
w1_x1_y5,2030,Clock_MHz,103.2593603202581,3.1047067110517377,18.628240266310428,3.0067072867994864,1.0736387181010558,0.7237011744939209,99.159616044338,107.35415897862157,-1.698764764715582,107.76287196921069,98.4894502194003,0.0898070811309401,90.0,110.0,MHz,Flat,Stable Non-Normal Distribution,Step Shift / Discontinuity
w1_x1_y5,1060,Rst_V,3276.0696961674125,102.83103397109755,616.9862038265853,3.1388536724782403,0.9724690702624534,0.8948974691985389,3103.3069306216917,3422.664386908208,-0.5638239441086492,3517.1559125228923,3071.1913801075,0.13612791355968837,3000.0,3600.0,mV,Double,Normal Distribution,Stable / Random Noise
w1_x1_y5,1020,Standby_uA,7.008794186792118,1.1977288323726356,7.186372994235814,17.08894284026378,1.2523702857086454,0.8324660619778925,5.259981209599424,8.772967419359,-1.3413967250536019,8.87563955487865,5.094342353828015,0.5395075244435606,1.0,10.0,uA,Double,Stable Non-Normal Distribution,Thermal / Upward-Downward Drift
w1_x1_y5,1080,Temp_Sensor_C,34.80682662318645,2.8313706754849415,16.98822405290965,8.134526902256678,1.7659291463642877,1.7431871132698442,30.474163922704626,39.079334196277934,-0.6960181154901193,40.850477320420296,29.203935019115004,0.334605117191206,20.0,50.0,C,Double,Normal Distribution,Stable / Random Noise
w1_x1_y5,1010,VCC_mA,15.102406283496098,0.6742350778470126,4.045410467082076,4.464421531182196,0.9887748184142041,0.9381464412300402,14.180397068296344,16.068282286919686,0.47596925728647665,16.65737419025046,13.270694593114161,0.2242476816980657,13.0,17.0,mA,Double,Normal Distribution,Stable / Random Noise
w1_x1_y5,1040,VRef_Volts,1.2501024181449958,0.02122294920161926,0.12733769520971555,1.6976968361609608,0.7853134127746513,0.7837048059151175,1.2195235050448217,1.2793909494726583,-1.4367510479027321,1.2815208331335801,1.2176756263729283,0.051071980850489515,1.2,1.3,V,Double,Stable Non-Normal Distribution,Cyclic / Oscillatory
w1_x1_y6,2030,Clock_MHz,102.92500820163245,2.995411785190378,17.972470711142268,2.91028569006504,1.1128130528876443,0.7873143222296437,99.01110563717306,106.48365797008782,-1.7162495033281495,107.22647816376605,97.93114259884244,0.09031173013572978,90.0,110.0,MHz,Double,Stable Non-Normal Distribution,Step Shift / Discontinuity
w1_x1_y6,1060,Rst_V,3288.681078900388,99.55546518570719,597.3327911142432,3.027215555331222,1.004465197500344,0.9665669897743021,3130.583078279262,3426.1647983609064,0.15955282751124988,3575.9451555982146,3084.8698230121768,0.14932288075505182,3000.0,3600.0,mV,Normal,Normal Distribution,Stable / Random Noise
w1_x1_y6,1020,Standby_uA,7.0254168790189455,1.1863164139037088,7.117898483422253,16.88606433372777,1.2644181454626255,0.8358037496345098,5.263453529946355,8.76622500536743,-1.1739784533820905,9.113069159171143,5.019401802549389,0.5826938709996393,1.0,10.0,uA,Double,Normal Distribution,Thermal / Upward-Downward Drift
w1_x1_y6,1080,Temp_Sensor_C,34.310089945550246,2.56891614018537,15.41349684111222,7.48734889434045,1.9463461347707542,1.8568258835829037,31.109562021031635,37.60908482254405,0.47579669216542575,41.15952674723675,27.052051444758,0.41117570151716776,20.0,50.0,C,Double,Normal Distribution,Stable / Random Noise
w1_x1_y6,1010,VCC_mA,15.386450165977871,0.7782144307714257,4.669286584628554,5.057790603918464,0.856661917725961,0.6911333475799014,14.175356771243507,16.71913689892402,-0.04534096408559618,16.941784720797468,13.498700126284618,0.22377381120215187,13.0,17.0,mA,Double,Normal Distribution,Stable / Random Noise
w1_x1_y6,1040,VRef_Volts,1.2497644296940036,0.02168718691794196,0.13012312150765176,1.7353019819304605,0.7685029289288889,0.7648821995263506,1.2199043260479039,1.2805943879641057,-1.4290956656980496,1.2817414485495489,1.2193039112814394,0.04995944498388134,1.2,1.3,V,Double,Stable Non-Normal Distribution,Cyclic / Oscillatory
w1_x1_y7,2030,Clock_MHz,103.25570508568846,3.1460629571557046,18.876377742934228,3.0468659862860767,1.0595253110722667,0.7145751167049039,99.13135307836531,107.13528885171485,-1.73114600413325,108.08860890283987,98.53239277146135,0.09254903759020516,90.0,110.0,MHz,Double,Stable Non-Normal Distribution,Step Shift / Discontinuity
w1_x1_y7,1060,Rst_V,3290.525892811346,94.00677699087572,564.0406619452543,2.8568921823787443,1.063753095265738,1.030159392443037,3160.71077418954,3467.495742252555,-0.41042611115184346,3497.523710947486,3122.607565515924,0.11393806268190247,3000.0,3600.0,mV,Double,Normal Distribution,Stable / Random Noise
w1_x1_y7,1020,Standby_uA,7.056916906504102,1.1777230443475637,7.066338266085382,16.688917553529635,1.2736440941689917,0.8329867557065904,5.343151319545281,8.727692063244868,-1.2315665880673552,9.108837518909674,4.96456015074333,0.5872645835388418,1.0,10.0,uA,Double,Normal Distribution,Thermal / Upward-Downward Drift
w1_x1_y7,1080,Temp_Sensor_C,35.32660233829424,3.1554690886676022,18.932814532005615,8.932274489491608,1.5845504612790395,1.5500492688924432,29.81939735024168,40.278985380583705,-0.3479441445831033,41.97178569451194,27.73126632224883,0.4031103596064291,20.0,50.0,C,Double,Normal Distribution,Stable / Random Noise
w1_x1_y7,1010,VCC_mA,15.158712589971548,0.7160085980752853,4.296051588451712,4.723412979997856,0.9310875155113284,0.8571998599728398,14.032692633850205,16.354459940030857,-0.6617344565072125,16.736103680699184,13.851416006503518,0.19029898858984043,13.0,17.0,mA,Double,Normal Distribution,Stable / Random Noise
w1_x1_y7,1040,VRef_Volts,1.2501566616076647,0.021727383706948645,0.13036430224169188,1.7379728776558185,0.7670811585720975,0.7646777152218734,1.2206190052544226,1.2823751214110228,-1.4360999806261499,1.283193141101487,1.2196461250207358,0.05083124222130017,1.2,1.3,V,Double,Stable Non-Normal Distribution,Cyclic / Oscillatory
w1_x2_y-1,2030,Clock_MHz,103.23957974742738,3.195602155899719,19.173612935398314,3.095326582806387,1.0431002267223206,0.7051795898196662,98.98126938811004,106.90077713383226,-1.7431562597808854,108.33305453062917,98.68702014352174,0.09343349140616589,90.0,110.0,MHz,Flat,Stable Non-Normal Distribution,Step Shift / Discontinuity
w1_x2_y-1,1060,Rst_V,3304.311705579649,99.46176662579079,596.7705997547447,3.010060051472747,1.005411460025984,0.9909613326858611,3157.717211385269,3429.728093453253,-0.034377336458750296,3574.35270072779,3052.665290099634,0.15788081062305237,3000.0,3600.0,mV,Double,Normal Distribution,Stable / Random Noise
w1_x2_y-1,1020,Standby_uA,7.056621050308562,1.177402820937535,7.06441692562521,16.68507933958068,1.273990492740275,0.833297066319722,5.132196651534205,8.79999449955688,-1.0536256099819976,9.065708986812101,4.867803011909317,0.5948889624332632,1.0,10.0,uA,Double,Normal Distribution,Thermal / Upward-Downward Drift
w1_x2_y-1,1080,Temp_Sensor_C,34.503337829720266,2.8943431035356344,17.366058621213806,8.38858871515475,1.727507700760205,1.6703085191712372,30.280763601903296,39.25937988340387,-0.6589091004623788,39.83927223808805,28.215106358702723,0.33689974972139003,20.0,50.0,C,Normal,Normal Distribution,Stable / Random Noise
w1_x2_y-1,1010,VCC_mA,15.274284281515701,0.6896108410865072,4.137665046519043,4.514848803233584,0.9667288084049098,0.8341495500879744,14.006904432589005,16.187187239180698,0.5533541339634165,16.295189726986468,13.28013287192621,0.19739431317963319,13.0,17.0,mA,Double,Normal Distribution,Stable / Random Noise
w1_x2_y-1,1040,VRef_Volts,1.2501861389770748,0.021483039267632266,0.1288982356057936,1.7183872543339893,0.7758058093659846,0.7729176553707039,1.219489582778211,1.2795485316425326,-1.4630607150807697,1.2819129000901435,1.2175868133290386,0.05145320745096217,1.2,1.3,V,Double,Stable Non-Normal Distribution,Cyclic / Oscillatory
w1_x2_y-2,2030,Clock_MHz,103.19526506180006,3.134579821867365,18.807478931204187,3.037522913469115,1.0634067475581352,0.723620104862641,99.00120496575437,107.10942049449255,-1.7093713989806063,107.93584604225327,98.66752574233848,0.08981342597806513,90.0,110.0,MHz,Double,Stable Non-Normal Distribution,Step Shift / Discontinuity
w1_x2_y-2,1060,Rst_V,3290.998235536828,93.40750810804317,560.445048648259,2.8382728103409796,1.070577751462242,1.0384541222683237,3130.8230786401214,3447.3690189545428,-0.43355754822670844,3485.2670029934648,3087.6115906202635,0.12083124447750901,3000.0,3600.0,mV,Double,Normal Distribution,Stable / Random Noise
w1_x2_y-2,1020,Standby_uA,7.064226619004646,1.168042672533247,7.008256035199482,16.53461497668976,1.2841996574892296,0.8378042600756067,5.275951735006664,8.699949693688323,-1.2221909849928656,8.996517110421518,5.008169954100436,0.5645836935060051,1.0,10.0,uA,Double,Normal Distribution,Thermal / Upward-Downward Drift
w1_x2_y-2,1080,Temp_Sensor_C,35.37100021767043,2.7242233471325226,16.345340082795136,7.701855560679259,1.8353854889552013,1.7899902612277663,30.170830651591963,39.47878321471505,-0.09632338738663293,39.97404175322884,28.90829162827887,0.31284809750508014,20.0,50.0,C,Normal,Normal Distribution,Stable / Random Noise
w1_x2_y-2,1010,VCC_mA,15.105211422097884,0.7432556381504972,4.459533828902983,4.920524561895013,0.8969547386489889,0.8497697968436407,13.927799866994492,16.35633176122567,-0.02221701691182343,16.830812679728897,13.455810083798834,0.2234329928671284,13.0,17.0,mA,Normal,Normal Distribution,Stable / Random Noise
w1_x2_y-2,1040,VRef_Volts,1.2496277858384324,0.0214886573240207,0.12893194394412422,1.7196046348795755,0.7756029804633793,0.7698291722017286,1.2194731237859038,1.2785591431641008,-1.4577532973576126,1.281408111514821,1.2179909403911475,0.05074884845100018,1.2,1.3,V,Double,Stable Non-Normal Distribution,Cyclic / Oscillatory
w1_x2_y-3,2030,Clock_MHz,103.22495717344154,3.1198837294305535,18.71930237658332,3.022412229426683,1.0684158841848055,0.7238563371927382,99.41127866803161,107.21089694571246,-1.7479172219361645,107.72007532384669,98.12510929499176,0.0929519981561551,90.0,110.0,MHz,Double,Stable Non-Normal Distribution,Step Shift / Discontinuity
w1_x2_y-3,1060,Rst_V,3302.954772541337,87.55728931805355,525.3437359083213,2.6508776337462776,1.14210936381034,1.1308604525190369,3205.239078148986,3432.401711933029,1.5681381855372658,3620.4951629193533,3181.0087934183202,0.13305854901636646,3000.0,3600.0,mV,Double,Stable Non-Normal Distribution,Stable / Random Noise
w1_x2_y-3,1020,Standby_uA,7.040897144364325,1.1991196086729705,7.1947176520378235,17.030778664800835,1.250917747613188,0.8225765064727848,5.211784435345946,8.88279840701432,-1.1059568011475323,9.167632489772387,4.948887295958022,0.5991772223502986,1.0,10.0,uA,Double,Normal Distribution,Thermal / Upward-Downward Drift
w1_x2_y-3,1080,Temp_Sensor_C,35.08482446598788,3.5797532429074868,21.47851945744492,10.203138528960835,1.39674431747675,1.3888457780866452,29.46426817628682,40.409693557604164,-0.9231875665757441,42.001772700902876,28.368917039205872,0.38856844431167215,20.0,50.0,C,Double,Normal Distribution,Stable / Random Noise
w1_x2_y-3,1010,VCC_mA,15.062245757808025,0.7376089454595803,4.425653672757482,4.8970715079271345,0.9038212873778099,0.8756917668998816,13.94445490833128,16.20089232007767,0.4532600993841176,17.010566680318874,13.329317310492506,0.24440242371679985,13.0,17.0,mA,Normal,Normal Distribution,Stable / Random Noise
w1_x2_y-3,1040,VRef_Volts,1.2500012379167418,0.021372451680761594,0.12823471008456955,1.7097944411943966,0.7798200653633565,0.7798007583170666,1.2204365258141,1.279297066895179,-1.4587024957608457,1.2832753888605264,1.217696501749868,0.052463057732608724,1.2,1.3,V,Double,Stable Non-Normal Distribution,Cyclic / Oscillatory
w1_x2_y-4,2030,Clock_MHz,103.18632687159858,3.1254032261236695,18.752419356742017,3.0288928008967804,1.0665290499068028,0.7266980328009478,99.06280822664509,106.64577274483894,-1.7786497931065615,107.67745644079784,98.45989739044988,0.08932926803197445,90.0,110.0,MHz,Double,Stable Non-Normal Distribution,Step Shift / Discontinuity
w1_x2_y-4,1060,Rst_V,3281.1393454114796,95.50448875416679,573.0269325250007,2.910711149397704,1.047071203714884,0.9812430427053747,3130.694090468518,3440.183561105627,-0.44396097908597776,3492.60287792672,3078.387670322689,0.12624127292347145,3000.0,3600.0,mV,Double,Normal Distribution,Stable / Random Noise
w1_x2_y-4,1020,Standby_uA,7.034323658712923,1.1675927569492521,7.005556541695513,16.598507740016156,1.284694505915983,0.8466640226614494,5.351529692965547,8.821095425235567,-1.1437209205709926,9.208929689336138,5.029138603900769,0.5941994267292713,1.0,10.0,uA,Double,Normal Distribution,Thermal / Upward-Downward Drift
w1_x2_y-4,1080,Temp_Sensor_C,34.899389228300514,3.166135873001958,18.99681523801175,9.072181327558832,1.5792120744519,1.5686196914193833,28.362726597794644,38.477251765089036,0.819443347193312,40.7695150356096,25.826135728781413,0.4281845509981116,20.0,50.0,C,Normal,Stable Non-Normal Distribution,Stable / Random Noise
w1_x2_y-4,1010,VCC_mA,15.216013651816743,0.6773757895286848,4.064254737172109,4.451729638451056,0.9841902780885193,0.8778910100623009,13.922835589865995,16.117814104250108,-0.14023637366670716,16.28165096683047,13.355527499231016,0.19230552328336556,13.0,17.0,mA,Double,Normal Distribution,Stable / Random Noise
w1_x2_y-4,1040,VRef_Volts,1.2499635287396438,0.021006776942635072,0.12604066165581043,1.680591190033881,0.7933947559961109,0.792816033861887,1.2208040176810835,1.2799783586618458,-1.4439108695731466,1.2808785530877846,1.2194715471650528,0.04912703811818367,1.2,1.3,V,Double,Stable Non-Normal Distribution,Cyclic / Oscillatory
w1_x2_y-5,2030,Clock_MHz,103.16059407300793,3.3018081483641235,19.81084889018474,3.2006486372377774,1.0095478548578993,0.6904707582097248,98.80548289831489,107.0337046768711,-1.7437921724720251,107.60169627416694,98.08299446647104,0.09227071531751176,90.0,110.0,MHz,Double,Stable Non-Normal Distribution,Step Shift / Discontinuity
w1_x2_y-5,1060,Rst_V,3292.433381139733,90.68083170713919,544.0849902428351,2.754219181065053,1.1027688886109668,1.0749547823740344,3140.5289455857073,3420.2645148733814,-0.711225686630319,3466.4122197008382,3112.6257317633563,0.1074544104564426,3000.0,3600.0,mV,Double,Normal Distribution,Stable / Random Noise
w1_x2_y-5,1020,Standby_uA,7.068214064820366,1.1346134065108606,6.807680439065164,16.05233508925562,1.322036203161717,0.8613171436061793,5.344230290518553,8.922410055160878,-1.1296828802963816,9.025146153438035,5.25955876842824,0.5327494824685243,1.0,10.0,uA,Double,Normal Distribution,Thermal / Upward-Downward Drift
w1_x2_y-5,1080,Temp_Sensor_C,35.23522203875611,3.0976704134541984,18.58602248072519,8.79140313078485,1.6141162010920724,1.5888044875180625,30.49494611196235,39.72657964128389,-0.29290428127247825,42.5835529865414,27.729504939232285,0.42156816923051516,20.0,50.0,C,Double,Normal Distribution,Stable / Random Noise
w1_x2_y-5,1010,VCC_mA,15.381304450267473,0.7716505919963771,4.629903551978263,5.016808519013213,0.8639488825400871,0.6992351056820142,14.196295334001977,16.631521292627554,0.24561056667581704,17.455830240074405,13.594445106158807,0.25104406108081756,13.0,17.0,mA,Normal,Normal Distribution,Stable / Random Noise
w1_x2_y-5,1040,VRef_Volts,1.2499681650050705,0.021316009213793174,0.12789605528275905,1.7053241682924547,0.7818849438234435,0.7813871177590016,1.2212755938824542,1.280006901102453,-1.4907681493623055,1.281910905786112,1.2196804621267592,0.0497856228675235,1.2,1.3,V,Double,Stable Non-Normal Distribution,Cyclic / Oscillatory
w1_x2_y-6,2030,Clock_MHz,103.24470919419583,3.2054526789787663,19.2327160738726,3.104713746589708,1.0398947253825344,0.7024791277380882,99.16880075657595,107.17196743561871,-1.7575288121439951,107.77589537415713,98.02578345604569,0.09443691588856323,90.0,110.0,MHz,Double,Stable Non-Normal Distribution,Step Shift / Discontinuity
w1_x2_y-6,1060,Rst_V,3292.012506130072,103.48572701099819,620.9143620659892,3.143539911172784,0.966316833135571,0.9405886671986419,3144.7235776945945,3445.8142484623377,0.332700974216662,3556.593709397383,3018.20990123275,0.16354245531027178,3000.0,3600.0,mV,Normal,Normal Distribution,Stable / Random Noise
w1_x2_y-6,1020,Standby_uA,7.060877815622782,1.2088863521111548,7.253318112666928,17.12090739534386,1.2408114272945965,0.8104214205756239,5.275874295183464,8.805922039319167,-1.1716334866626243,9.370137660723916,5.095527681235854,0.6053935631105427,1.0,10.0,uA,Double,Normal Distribution,Thermal / Upward-Downward Drift
w1_x2_y-6,1080,Temp_Sensor_C,35.79456450199355,3.252544502822428,19.51526701693457,9.086699469807154,1.537257982376936,1.4558279408300734,30.25503958794936,40.96420604753719,-0.5141478891740854,42.33739123901893,28.860681799492294,0.37650156181607014,20.0,50.0,C,Double,Normal Distribution,Stable / Random Noise
w1_x2_y-6,1010,VCC_mA,15.226058351563745,0.886945869172578,5.321675215035468,5.825183699506097,0.7516430143460645,0.6666854239523266,13.878671820090531,16.47199233942416,-0.747067518368921,17.01546350994316,13.257885361542879,0.2467860073591778,13.0,17.0,mA,Double,Normal Distribution,Stable / Random Noise
w1_x2_y-6,1040,VRef_Volts,1.249974487187459,0.02105487013845049,0.12632922083070294,1.6844239905908485,0.7915824964519703,0.7911785865351154,1.2217246532508783,1.2789128609976181,-1.4915857728632615,1.2819085043633769,1.218974022578202,0.050348613055921206,1.2,1.3,V,Double,Stable Non-Normal Distribution,Cyclic / Oscillatory
w1_x2_y-7,2030,Clock_MHz,103.13789466140601,2.9910124324798346,17.946074594879008,2.9000130769578965,1.1144498421792524,0.7647472211613479,99.26104525007624,106.86563239721497,-1.7451254182397882,107.69813375118628,98.8066235709784,0.08620992516279333,90.0,110.0,MHz,Double,Stable Non-Normal Distribution,Step Shift / Discontinuity
w1_x2_y-7,1060,Rst_V,3305.4743196007885,84.27436766522935,505.64620599137606,2.549539325279266,1.1866004192074036,1.1649476527635005,3175.7762745235673,3438.7643408044555,1.4833285039226158,3550.4472470126793,3067.106219675482,0.14622440854284774,3000.0,3600.0,mV,Double,Stable Non-Normal Distribution,Stable / Random Noise
w1_x2_y-7,1020,Standby_uA,7.078748197210306,1.17080857540951,7.02485145245706,16.53976865388317,1.281165881002665,0.8316906976781515,5.33473537187689,8.874494055519188,-1.212046006162141,9.02443454313371,5.129405653282493,0.5502426108879286,1.0,10.0,uA,Double,Normal Distribution,Thermal / Upward-Downward Drift
w1_x2_y-7,1080,Temp_Sensor_C,34.97018729275751,3.651322537999144,21.907935227994862,10.441243872764016,1.3693668384442166,1.3666452029334089,29.396339978170115,40.68151549631767,-0.51466226639329,43.64607509564544,27.19233702046133,0.4705075765662759,20.0,50.0,C,Double,Normal Distribution,Stable / Random Noise
w1_x2_y-7,1010,VCC_mA,15.166355363990752,0.8087018530692461,4.852211118415477,5.332209576134123,0.8243664388012506,0.7557975493069797,13.915002926058538,16.629288592483633,0.2373583742121279,17.264703088764524,13.546571471621322,0.24515656714540038,13.0,17.0,mA,Double,Normal Distribution,Stable / Random Noise
w1_x2_y-7,1040,VRef_Volts,1.2506831195639811,0.021863458028620712,0.13118074817172426,1.7481213016005888,0.7623069802063751,0.7518920439676079,1.2214946980088903,1.281437259452582,-1.4765025706972403,1.282056580271934,1.2190069762285445,0.05041213322313815,1.2,1.3,V,Double,Stable Non-Normal Distribution,Cyclic / Oscillatory
w1_x2_y0,2030,Clock_MHz,103.25637568745358,3.3348622517540676,20.009173510524406,3.229691367289854,0.9995415347605646,0.6740532595211303,98.91366731392016,107.26182070475281,-1.7139599721513061,108.951582379352,98.41789542283047,0.10201488175806132,90.0,110.0,MHz,Double,Stable Non-Normal Distribution,Step Shift / Discontinuity
w1_x2_y0,1060,Rst_V,3293.3438155055337,87.93037085630138,527.5822251378083,2.6699420340601128,1.1372634850297991,1.1120306997792055,3132.586354227698,3425.7348493398,-0.2998076111906225,3450.2088199842915,3088.8149607191212,0.10973462824126538,3000.0,3600.0,mV,Double,Normal Distribution,Stable / Random Noise
w1_x2_y0,1020,Standby_uA,7.013218270808877,1.1750071523987429,7.050042914392457,16.75417913755053,1.2765879739010897,0.8473088080339753,5.181123846251356,8.763183995931511,-1.1276925603577366,9.050297202926185,5.0387163608299765,0.5720028505021174,1.0,10.0,uA,Double,Normal Distribution,Thermal / Upward-Downward Drift
w1_x2_y0,1080,Temp_Sensor_C,34.521700450139484,3.31981682110158,19.91890092660948,9.616608619544888,1.5061071948966456,1.458082502005929,30.231370590318324,38.901179074521615,-0.0270790425487899,41.49740675113278,25.988159258509327,0.449260821176055,20.0,50.0,C,Double,Normal Distribution,Stable / Random Noise
w1_x2_y0,1010,VCC_mA,15.143102239592952,0.6370186529794809,3.822111917876885,4.206658866199427,1.046541829738447,0.9716605899068079,14.01962765395202,15.993558212164976,-0.76048911057616,16.372464281876066,13.780148196072282,0.17118791412673348,13.0,17.0,mA,Double,Stable Non-Normal Distribution,Stable / Random Noise
w1_x2_y0,1040,VRef_Volts,1.2501931282562213,0.02192860469471875,0.1315716281683125,1.7540173753238373,0.7600422780515832,0.7571065652552917,1.2206987953417894,1.2799610279375326,-1.5227308259281718,1.2821073782531147,1.2194335703689545,0.050131300890749665,1.2,1.3,V,Double,Stable Non-Normal Distribution,Cyclic / Oscillatory
w1_x2_y1,2030,Clock_MHz,103.06329364585969,3.196590670860228,19.179544025161366,3.1015801628115764,1.0427776579965764,0.7233442406180406,99.03262961702926,106.55536095529817,-1.8355946308592093,107.29737963890616,98.36771018978675,0.08664257790754336,90.0,110.0,MHz,Double,Stable Non-Normal Distribution,Step Shift / Discontinuity
w1_x2_y1,1060,Rst_V,3285.1429651510343,96.0482393083585,576.289435850151,2.923715659477933,1.0411434995591595,0.9895824820400779,3095.6032109916396,3413.546266232324,-0.4376807816372241,3449.90661192629,3071.2596693003743,0.11526041534344843,3000.0,3600.0,mV,Double,Normal Distribution,Stable / Random Noise
w1_x2_y1,1020,Standby_uA,7.058135287731069,1.1815647422752462,7.089388453651477,16.740466059486312,1.2695030126843225,0.8299346922522456,5.208697174495845,8.922655707527193,-1.0652656515624472,9.07783932880505,4.802799689977,0.6056896707915495,1.0,10.0,uA,Flat,Normal Distribution,Thermal / Upward-Downward Drift
w1_x2_y1,1080,Temp_Sensor_C,35.266977891581945,3.282975050419033,19.697850302514198,9.308920828179788,1.5230088329065459,1.495901520435208,30.987443070473724,39.91840638045412,-0.27896843527569937,43.525066564069746,26.94807595541957,0.47004284460129553,20.0,50.0,C,Normal,Normal Distribution,Stable / Random Noise
w1_x2_y1,1010,VCC_mA,15.294029250608517,0.8467773831308371,5.080664298785022,5.53665335181143,0.7872986217484494,0.671554209869542,13.947951704984177,16.711399753808156,0.13100842358471443,16.80388351510373,12.876896795185285,0.25676600035024777,13.0,17.0,mA,Double,Normal Distribution,Stable / Random Noise
w1_x2_y1,1040,VRef_Volts,1.249438766391372,0.02147434007548418,0.12884604045290507,1.7187188882818443,0.7761200860227553,0.7674083924906103,1.2198422936824365,1.2792996495345537,-1.4511273928308144,1.2810243499883687,1.2191155793263067,0.049549263499216435,1.2,1.3,V,Double,Stable Non-Normal Distribution,Cyclic / Oscillatory
w1_x2_y2,2030,Clock_MHz,103.19146392660247,2.986751583500901,17.920509501005405,2.8943785366058026,1.1160396973578195,0.759859653880438,99.31743605075609,107.32108412005353,-1.6508465485488941,108.29033188171913,99.04927823191386,0.08955250074151676,90.0,110.0,MHz,Double,Stable Non-Normal Distribution,Step Shift / Discontinuity
w1_x2_y2,1060,Rst_V,3310.153613475002,96.16003860143857,576.9602316086314,2.905002299892955,1.039933026800012,1.0047361001532906,3121.5121699961696,3450.334652841487,-0.009031843166777076,3487.7444978146314,3064.2335867619868,0.12794297803238275,3000.0,3600.0,mV,Double,Normal Distribution,Stable / Random Noise
w1_x2_y2,1020,Standby_uA,7.036556086525394,1.151617192784626,6.909703156707756,16.366204981864744,1.3025161567560308,0.857763017097999,5.282116765385984,8.657374180109386,-1.21873005362513,8.778292731527882,4.922177442199308,0.5480117321473237,1.0,10.0,uA,Double,Normal Distribution,Thermal / Upward-Downward Drift
w1_x2_y2,1080,Temp_Sensor_C,34.83271528708897,2.914411284216951,17.486467705301706,8.366879412634253,1.7156123526825449,1.696479304690204,31.075831774885657,40.64668206698785,0.20272514940661246,42.356494570396116,29.141723348172388,0.37937815393685054,20.0,50.0,C,Normal,Stable Non-Normal Distribution,Stable / Random Noise
w1_x2_y2,1010,VCC_mA,15.154214558283487,0.6186466535699989,3.7118799214199933,4.082340600304084,1.077621066596838,0.9945286382057323,14.251710328207496,16.094474416036753,-0.1538434339739787,16.560341540374374,13.568176896128689,0.19744768907274907,13.0,17.0,mA,Double,Normal Distribution,Stable / Random Noise
w1_x2_y2,1040,VRef_Volts,1.2501341733319555,0.02113393857485424,0.12680363144912543,1.6905336263647934,0.7886209476589071,0.7865047096549606,1.2207706258639957,1.2798877295636513,-1.4004055412023997,1.2842238921677862,1.218835275674311,0.05230527881595005,1.2,1.3,V,Double,Stable Non-Normal Distribution,Cyclic / Oscillatory
w1_x2_y3,2030,Clock_MHz,103.01156267620371,3.1174420911779634,18.70465254706778,3.0263030772351454,1.0692526872484078,0.7472405388136255,98.86904225978273,106.80595944885263,-1.6846845026956734,108.26523764296648,98.49499225377578,0.09484610402330777,90.0,110.0,MHz,Double,Stable Non-Normal Distribution,Step Shift / Discontinuity
w1_x2_y3,1060,Rst_V,3309.8045269026484,110.71670630274282,664.300237816457,3.345113144985415,0.9032060593146697,0.873687698957384,3136.4192382271103,3481.4209361019484,0.3987534881559447,3569.9928690634188,2989.293093051923,0.17544835995342636,3000.0,3600.0,mV,Normal,Normal Distribution,Stable / Random Noise
w1_x2_y3,1020,Standby_uA,7.027498745956958,1.2125366639989201,7.275219983993521,17.25417118994882,1.2370759949254084,0.8171577658360712,5.239643432877935,8.736051549359404,-1.078749320912249,9.388807371576094,4.9549486008352295,0.6309298558454729,1.0,10.0,uA,Double,Normal Distribution,Thermal / Upward-Downward Drift
w1_x2_y3,1080,Temp_Sensor_C,33.88092039880692,3.290482081007127,19.742892486042763,9.711902871218923,1.519534182805711,1.4061688689861465,29.14480110875631,39.77905585764746,0.2713394302700003,43.162324951577375,27.317900769974038,0.4676503470124525,20.0,50.0,C,Normal,Normal Distribution,Stable / Random Noise
w1_x2_y3,1010,VCC_mA,15.141632537889894,0.6029844370464554,3.6179066222787326,3.9822947462076375,1.1056117301005979,1.027316432473106,14.101870209687895,15.997157298136834,-0.8441946260109332,16.160967412317433,13.84390357209402,0.1530260250620449,13.0,17.0,mA,Double,Normal Distribution,Stable / Random Noise
w1_x2_y3,1040,VRef_Volts,1.2495602523151204,0.021394941807513872,0.12836965084508323,1.7121976925782039,0.7790003271153265,0.7721490553079375,1.2192738085827495,1.2794409670244986,-1.4547259480154056,1.2813318636879747,1.2187764576003184,0.05006193656668968,1.2,1.3,V,Double,Stable Non-Normal Distribution,Cyclic / Oscillatory
w1_x2_y4,2030,Clock_MHz,103.2395106852543,3.04759794670278,18.28558768021668,2.951968608214324,1.0937575728910347,0.7394336384452028,99.37217452235019,107.00847826606032,-1.7343820310609832,107.62203766158333,98.69446633538138,0.08647436690609074,90.0,110.0,MHz,Double,Stable Non-Normal Distribution,Step Shift / Discontinuity
w1_x2_y4,1060,Rst_V,3291.164351377323,95.5951481706565,573.570889023939,2.9045996481655734,1.0460781944861883,1.01526892995844,3143.5324406378477,3445.5155808394297,-0.40352486151235833,3501.392783393976,3077.798589126321,0.12870648470969995,3000.0,3600.0,mV,Normal,Normal Distribution,Stable / Random Noise
w1_x2_y4,1020,Standby_uA,7.042886681180903,1.1859275642628668,7.1155653855772005,16.83865747026358,1.2648327311055885,0.8311674922734821,5.098191770737104,8.791570190086,-1.1050096170639123,9.303532550765276,5.060412654827818,0.6024688580146231,1.0,10.0,uA,Double,Normal Distribution,Thermal / Upward-Downward Drift
w1_x2_y4,1080,Temp_Sensor_C,34.34356369230326,2.805341398633876,16.832048391803255,8.168463307325853,1.782314267502295,1.7043158810413335,30.218088231986087,38.73742339527122,-0.6874049574282846,40.733649261039005,28.82559369271631,0.3467332532817906,20.0,50.0,C,Double,Normal Distribution,Cyclic / Oscillatory
w1_x2_y4,1010,VCC_mA,15.127281792930374,0.8092948491306173,4.855769094783704,5.349902647472565,0.8237623993070404,0.7713374217408272,13.92636492108837,16.364706345813268,-0.4513423124254672,17.04339236801767,13.493662079026661,0.23465751068707863,13.0,17.0,mA,Double,Normal Distribution,Stable / Random Noise
w1_x2_y4,1040,VRef_Volts,1.2496284080563724,0.02155983254864148,0.12935899529184888,1.7252994898039231,0.7730424913581657,0.7672973641207561,1.2203707896459135,1.2791640730818827,-1.4940118418917037,1.2812827792753472,1.2154860228496214,0.05265305750216077,1.2,1.3,V,Double,Stable Non-Normal Distribution,Cyclic / Oscillatory
w1_x2_y5,2030,Clock_MHz,103.2403902369699,3.173889514644018,19.04333708786411,3.0742711329925436,1.0502360961065773,0.7099186168728637,99.1477580004337,107.12310453110706,-1.8102306594257935,107.72836896629234,99.10333837875291,0.08354318080106253,90.0,110.0,MHz,Double,Stable Non-Normal Distribution,Step Shift / Discontinuity
w1_x2_y5,1060,Rst_V,3286.667930643006,79.71159910483449,478.269594629007,2.4253012712860125,1.2545225678948275,1.198771294944534,3162.5227860598025,3413.5998021075884,-0.5624207559530805,3441.2075327248085,3094.7545490824045,0.10541161777016629,3000.0,3600.0,mV,Double,Normal Distribution,Stable / Random Noise
w1_x2_y5,1020,Standby_uA,7.0579150088671305,1.1554597746799404,6.932758648079643,16.371120553708735,1.2981845260822655,0.8487487133127936,5.300107587044218,8.793708897075177,-1.1757417999679378,9.062831721909372,5.1528443578768135,0.5539861785131007,1.0,10.0,uA,Double,Normal Distribution,Thermal / Upward-Downward Drift
w1_x2_y5,1080,Temp_Sensor_C,35.41623711768316,3.39272474414418,20.35634846486508,9.579574286423016,1.4737417200231073,1.4328466529729846,29.7674546140185,39.92113444001617,0.29973447717417834,42.86301173144739,25.665491893196787,0.4855829200913037,20.0,50.0,C,Normal,Normal Distribution,Stable / Random Noise
w1_x2_y5,1010,VCC_mA,15.323688500878527,0.7183354496693901,4.31001269801634,4.6877450532109615,0.9280715116781392,0.7778684735165566,14.156909097077207,16.354393250961706,0.04453990448641987,16.982331717629886,13.452317705598897,0.2303632060798292,13.0,17.0,mA,Double,Normal Distribution,Stable / Random Noise
w1_x2_y5,1040,VRef_Volts,1.2500199220243988,0.021829753176828812,0.13097851906097288,1.7463524214458657,0.7634839721576656,0.7631797692312369,1.2209960734133962,1.2809970260465482,-1.4873063649211906,1.2820305698278973,1.218769961663198,0.050607679965811454,1.2,1.3,V,Double,Stable Non-Normal Distribution,Cyclic / Oscillatory
w1_x2_y6,2030,Clock_MHz,103.30113810691171,3.1938972758627533,19.16338365517652,3.091831643284727,1.0436570263309157,0.6991314283142015,99.42614704115572,106.97874581097048,-1.767687292042665,107.8922785238347,98.51973372923963,0.09073031494478734,90.0,110.0,MHz,Flat,Stable Non-Normal Distribution,Step Shift / Discontinuity
w1_x2_y6,1060,Rst_V,3293.9583296623036,91.57763424689071,549.4658054813442,2.780169786066457,1.0919696803960106,1.069978610970303,3137.2980017761115,3456.5521602117683,0.09580317871527422,3492.4431463375086,3067.8240619368835,0.1289084566058117,3000.0,3600.0,mV,Normal,Normal Distribution,Stable / Random Noise
w1_x2_y6,1020,Standby_uA,7.060158956638016,1.1613049698810087,6.967829819286052,16.44870854910626,1.2916503751410753,0.8438326192252525,5.256130712579144,8.839220467251778,-1.1781231351885,8.959190186279631,4.968324168028395,0.5652657458227613,1.0,10.0,uA,Double,Normal Distribution,Thermal / Upward-Downward Drift
w1_x2_y6,1080,Temp_Sensor_C,35.23238156757016,2.919125781423648,17.51475468854189,8.285349021397332,1.712841574631127,1.6863060539569856,30.853212864698413,39.72655042004631,-0.5000297759241064,40.438790961272815,27.842897325858203,0.3575090037912331,20.0,50.0,C,Double,Normal Distribution,Stable / Random Noise
w1_x2_y6,1010,VCC_mA,15.048130812810678,0.596887481614339,3.581324889686034,3.9665224142403166,1.116905090493108,1.0900263155741996,14.020525607976081,15.969189457781194,-0.30769995545111684,16.350892508790494,13.795729952336316,0.16979933177341425,13.0,17.0,mA,Double,Normal Distribution,Stable / Random Noise
w1_x2_y6,1040,VRef_Volts,1.2501112077460963,0.021265325043664275,0.12759195026198566,1.7010746653495619,0.7837485029006079,0.7820053248103294,1.2194194281279236,1.2776866205150064,-1.462737928568887,1.281995482842811,1.2164321666153606,0.05244598706195002,1.2,1.3,V,Double,Stable Non-Normal Distribution,Cyclic / Oscillatory
w1_x2_y7,2030,Clock_MHz,103.20588131522194,2.8866026184664144,17.319615710798487,2.7969361645678483,1.1547600324371134,0.7845576712815906,99.39749130351241,106.83288474118734,-1.7277106246321532,107.41788830201548,99.1690939953661,0.07992562246966407,90.0,110.0,MHz,Flat,Stable Non-Normal Distribution,Step Shift / Discontinuity
w1_x2_y7,1060,Rst_V,3293.58108209683,94.93190802619274,569.5914481571565,2.88233098441758,1.0533866018200004,1.0308479280953942,3142.8037252349586,3464.0950178008407,0.04051972626340872,3506.117075729357,3047.282107253405,0.13931187878448678,3000.0,3600.0,mV,Double,Normal Distribution,Cyclic / Oscillatory
w1_x2_y7,1020,Standby_uA,6.988156905186775,1.2119665870365213,7.271799522219128,17.343150754628464,1.2376578826878162,0.8283625217143235,5.080173676649846,8.820887754739516,-1.1845684161106578,8.933516831119451,4.995961129715904,0.5634612609343388,1.0,10.0,uA,Double,Normal Distribution,Thermal / Upward-Downward Drift
w1_x2_y7,1080,Temp_Sensor_C,34.82616439573804,2.9976992264424798,17.98619535865488,8.607606603985744,1.6679458552397037,1.648615963531582,30.23414138558034,39.63078919728103,0.07697177509993258,41.198083176229595,27.150044928012548,0.40337598159205323,20.0,50.0,C,Double,Normal Distribution,Stable / Random Noise
w1_x2_y7,1010,VCC_mA,15.06417507410707,0.6844348657634881,4.106609194580929,4.54346064352321,0.9740396055408413,0.9427850736064393,14.107663675364954,15.847230862955557,2.841464816638257,17.719914672003142,13.850622881539875,0.25685387825278044,13.0,17.0,mA,Heavy Tail,Normal Distribution,Stable / Random Noise
w1_x2_y7,1040,VRef_Volts,1.2500519308560138,0.021969035664598607,0.13181421398759163,1.7574498404681949,0.7586435254199037,0.7578555852662152,1.2202512327044355,1.280650709337493,-1.5005225815369245,1.281452535433363,1.2189945695766178,0.04996429693442824,1.2,1.3,V,Double,Stable Non-Normal Distribution,Cyclic / Oscillatory
w1_x3_y-1,2030,Clock_MHz,103.11009894945029,3.1839984472941194,19.103990683764717,3.087959840728185,1.0469016830602176,0.7213049005938853,99.14765302140869,106.93465832032662,-1.8293558722555907,107.56132380142284,98.82142445915535,0.08476278687844366,90.0,110.0,MHz,Double,Stable Non-Normal Distribution,Step Shift / Discontinuity
w1_x3_y-1,1060,Rst_V,3295.8578985781323,94.07634964672891,564.4580978803735,2.854381242811301,1.0629664137215706,1.048290031409325,3156.3154643371536,3425.1817368145516,0.6652947589850968,3483.03487103104,3012.2700238167026,0.1428352986387642,3000.0,3600.0,mV,Double,Normal Distribution,Stable / Random Noise
w1_x3_y-1,1020,Standby_uA,7.043675675171216,1.161633637898673,6.969801827392038,16.49186719362169,1.2912849207030643,0.8483237825242391,5.30302074180754,8.854157360388363,-1.1248613921171782,9.179640153335153,5.051602718629434,0.5860629627308012,1.0,10.0,uA,Double,Normal Distribution,Thermal / Upward-Downward Drift
w1_x3_y-1,1080,Temp_Sensor_C,34.51872652486495,2.9143861665796345,17.486316999477808,8.442913340039668,1.7156271386876887,1.6605814163495405,29.293350692837656,38.14674608207898,-0.11444896293756335,41.96876230946524,29.062311276290576,0.3738970794266623,20.0,50.0,C,Normal,Normal Distribution,Stable / Random Noise
w1_x3_y-1,1010,VCC_mA,15.224699039461152,0.647524767007645,3.88514860204587,4.253120310157296,1.0295616486570554,0.9138908918974152,14.308941663828046,16.09356491612845,1.0624243735449976,17.301896328859712,13.787846618661248,0.2308124253287595,13.0,17.0,mA,Normal,Normal Distribution,Stable / Random Noise
w1_x3_y-1,1040,VRef_Volts,1.2498105085548281,0.021275910063719258,0.12765546038231554,1.7023308668064303,0.7833585786343172,0.780389783651253,1.2211576476386943,1.2785047305881507,-1.5131264905613873,1.2803072339139188,1.2188942016309758,0.04913787479187993,1.2,1.3,V,Double,Stable Non-Normal Distribution,Cyclic / Oscillatory
w1_x3_y-2,2030,Clock_MHz,102.94281849646057,3.0474856723508155,18.284914034104894,2.960367431998761,1.093797868707293,0.7719130087651951,98.95987811846099,107.07777843401965,-1.6467076576860071,107.88186850058503,98.68089431752537,0.08937946636244479,90.0,110.0,MHz,Double,Stable Non-Normal Distribution,Step Shift / Discontinuity
w1_x3_y-2,1060,Rst_V,3300.2062832828747,99.88022006043605,599.2813203626163,3.0264841493811216,1.0011992358396034,1.0005108002890015,3146.7389934457083,3463.784571316968,-0.9300145274784204,3485.978971399423,3104.4746517752615,0.11560014340820554,3000.0,3600.0,mV,Double,Normal Distribution,Stable / Random Noise
w1_x3_y-2,1020,Standby_uA,7.0433141296074515,1.1464030837407422,6.878418502444453,16.27647244812912,1.3084403045266262,0.8596993245879997,5.264891174557186,8.863099084174678,-1.1154193174841984,9.045976743300113,4.968607389143905,0.5788992623538507,1.0,10.0,uA,Double,Normal Distribution,Thermal / Upward-Downward Drift
w1_x3_y-2,1080,Temp_Sensor_C,35.4112192034855,3.4015720763482373,20.409432458089423,9.605916296757789,1.4699085857289131,1.4296116098742502,30.347443226216853,40.86753351491102,-0.8126439652531992,42.718090646515904,29.146650540232805,0.3832525513537606,20.0,50.0,C,Normal,Normal Distribution,Stable / Random Noise
w1_x3_y-2,1010,VCC_mA,15.153709062142559,0.6835192019077694,4.101115211446617,4.510573610096271,0.9753444596815046,0.9003848185997122,14.12228625628604,16.418208701926947,-0.2196713035876514,16.660742355875268,13.609702730179672,0.201339461724113,13.0,17.0,mA,Double,Normal Distribution,Stable / Random Noise
w1_x3_y-2,1040,VRef_Volts,1.2503594346302387,0.021854397496352162,0.13112638497811296,1.747849209680657,0.7626230221834579,0.7571407597036576,1.2204067218784376,1.2799449479709544,-1.4793722715258664,1.2819585821601647,1.219329753808776,0.050088659801978914,1.2,1.3,V,Double,Stable Non-Normal Distribution,Cyclic / Oscillatory
w1_x3_y-3,2030,Clock_MHz,103.07478713884784,3.220583068944165,19.32349841366499,3.1245110063684622,1.0350092706741243,0.7167659512684165,98.8409672045139,107.69692675088503,-1.6410944923391768,108.07673455680813,98.37109699960702,0.09416112151778734,90.0,110.0,MHz,Double,Stable Non-Normal Distribution,Step Shift / Discontinuity
w1_x3_y-3,1060,Rst_V,3315.3619888869102,107.011473914959,642.068843489754,3.227746299609555,0.9344792323809038,0.8866277004379576,3135.518317449264,3469.030588307603,0.11635721290197099,3569.282909460395,3063.233750969245,0.15263767883791451,3000.0,3600.0,mV,Double,Normal Distribution,Stable / Random Noise
w1_x3_y-3,1020,Standby_uA,7.043403576462734,1.1958598259331799,7.175158955599079,16.978436816107482,1.2543276122094718,0.8241201182672362,5.168504248544935,8.962914704176299,-1.0723587648320414,9.190766022289868,4.941896639804453,0.6032409383276087,1.0,10.0,uA,Flat,Normal Distribution,Thermal / Upward-Downward Drift
w1_x3_y-3,1080,Temp_Sensor_C,35.16671627891371,3.5846981774547046,21.508189064728228,10.193440152398086,1.3948175697040754,1.3793149833717735,30.532265105165642,41.684090372263206,-0.9008755843861351,42.19010672479101,29.591318057847616,0.3582588879501878,20.0,50.0,C,Normal,Stable Non-Normal Distribution,Stable / Random Noise
w1_x3_y-3,1010,VCC_mA,15.331493241487303,0.6264625525422313,3.758775315253388,4.086115701026513,1.064176404417605,0.8877927615102575,14.39751979447003,16.45265016804948,-0.39976115764733944,16.667064894804803,14.05818753382268,0.17016459648708268,13.0,17.0,mA,Double,Normal Distribution,Stable / Random Noise
w1_x3_y-3,1040,VRef_Volts,1.2496724398829904,0.020967645847918433,0.1258058750875106,1.677851345579941,0.7948754374979711,0.7896680476716729,1.2201356607414369,1.2792993686871215,-1.4378736208989558,1.2822681081349174,1.2156810607616504,0.05328360076461455,1.2,1.3,V,Double,Stable Non-Normal Distribution,Cyclic / Oscillatory
w1_x3_y-4,2030,Clock_MHz,103.09237030790297,3.2587863010138256,19.552717806082953,3.1610353814553918,1.0228757044597603,0.7065646587450909,99.05764737427269,107.2744779374454,-1.7700768794215027,107.42154832537744,98.25831227563528,0.08888374592973852,90.0,110.0,MHz,Double,Stable Non-Normal Distribution,Step Shift / Discontinuity
w1_x3_y-4,1060,Rst_V,3290.685517684506,103.05265823289126,618.3159493973476,3.131647119698158,0.9703776856877142,0.9402491330454205,3090.103921938387,3418.2948631585127,0.28733205707505816,3537.179100165713,3043.6642760782916,0.149973256768299,3000.0,3600.0,mV,Double,Normal Distribution,Stable / Random Noise
w1_x3_y-4,1020,Standby_uA,7.031551174092166,1.1982011181643861,7.189206708986317,17.04035266896972,1.2518766484694674,0.8258070594068054,5.25397745779069,8.760939750580407,-1.1000254752337462,9.093364013423802,4.8859081280375145,0.5983680956328254,1.0,10.0,uA,Double,Normal Distribution,Thermal / Upward-Downward Drift
w1_x3_y-4,1080,Temp_Sensor_C,35.794336570813186,3.1015195890232543,18.609117534139525,8.664833284135353,1.6121129841306676,1.5267422974921498,31.284169773697137,40.86569277116155,-0.4951246301286467,41.98169632269941,27.935813254250874,0.3924051795361838,20.0,50.0,C,Double,Normal Distribution,Stable / Random Noise
w1_x3_y-4,1010,VCC_mA,15.270225993496204,0.689996152677714,4.139976916066284,4.518571977727066,0.9661889621840484,0.8356442760784228,14.323704016919924,16.4845598168483,0.1180649761935415,16.663598983800885,13.415599840856427,0.212701445566544,13.0,17.0,mA,Double,Normal Distribution,Stable / Random Noise
w1_x3_y-4,1040,VRef_Volts,1.2503242754040305,0.02097235637590692,0.12583413825544154,1.6773533705190122,0.7946969032918674,0.7895428901039327,1.220671651423784,1.279127958023843,-1.4461788646929403,1.2806716459741407,1.217935382114112,0.05017599441533374,1.2,1.3,V,Double,Stable Non-Normal Distribution,Cyclic / Oscillatory
w1_x3_y-5,2030,Clock_MHz,103.2095802017098,3.1550506832241276,18.930304099344767,3.0569358746135666,1.056507063755635,0.7174126482759713,99.18183954780051,107.24124504410145,-1.7516622435545197,107.90152457074461,98.74524052186734,0.0887154470639498,90.0,110.0,MHz,Double,Stable Non-Normal Distribution,Step Shift / Discontinuity
w1_x3_y-5,1060,Rst_V,3306.771257380381,112.70652197094509,676.2391318256705,3.4083555588973824,0.8872601004028788,0.8672338787256435,3123.8122417575014,3466.195455825848,-0.09113195691034859,3591.4794373571494,3037.238228642633,0.16760796728153046,3000.0,3600.0,mV,Double,Normal Distribution,Stable / Random Noise
w1_x3_y-5,1020,Standby_uA,7.062242246297632,1.175334244862507,7.052005469175042,16.642508198846816,1.276232702787855,0.8331694484763446,5.254562626410114,9.021908880889919,-1.0278090649191651,9.196271783283267,5.009122660966722,0.5928923104431387,1.0,10.0,uA,Double,Normal Distribution,Thermal / Upward-Downward Drift
w1_x3_y-5,1080,Temp_Sensor_C,34.85334768421632,2.8844170085925573,17.306502051555345,8.275867887143576,1.7334525434793961,1.7165048881592382,30.04558113371978,39.540140335033314,-0.6647726445692785,41.123113843974565,29.301051499581952,0.3391944570577463,20.0,50.0,C,Normal,Normal Distribution,Stable / Random Noise
w1_x3_y-5,1010,VCC_mA,15.146041683295508,0.6347136783838423,3.8082820703030538,4.190624135703158,1.0503423659691493,0.973645482387789,13.94683947194986,16.05273365358729,-0.34588463369625,16.32702591361351,13.680206236316563,0.17475322811346228,13.0,17.0,mA,Normal,Normal Distribution,Stable / Random Noise
w1_x3_y-5,1040,VRef_Volts,1.2497576360392808,0.021369460055343004,0.12821676033205803,1.7098883366751718,0.7799292365601682,0.7761487017830999,1.2198535392770058,1.2780838263514689,-1.487319208635386,1.280754569085884,1.217103575983194,0.050930669489175455,1.2,1.3,V,Double,Stable Non-Normal Distribution,Cyclic / Oscillatory
w1_x3_y-6,2030,Clock_MHz,103.17803494748395,3.2545729265446197,19.527437559267717,3.154327302512737,1.024199920716582,0.698705606591823,99.27769629528733,107.3991175440358,-1.7197130810053547,108.01058088280077,97.86464050413682,0.09833430520195582,90.0,110.0,MHz,Double,Stable Non-Normal Distribution,Step Shift / Discontinuity
w1_x3_y-6,1060,Rst_V,3309.368010370119,94.5438167439375,567.262900463625,2.8568541318970366,1.0577106303084847,1.0246818164641014,3197.6176005560574,3451.2686402436034,1.4474980737708956,3479.305875329631,3000.687720015814,0.14462524379701372,3000.0,3600.0,mV,Normal,Normal Distribution,Stable / Random Noise
w1_x3_y-6,1020,Standby_uA,7.031773854949478,1.1658057321740691,6.994834393044415,16.57911298375288,1.286663771332385,0.8486908991017981,5.241882059360888,8.852495123257984,-1.099469025204976,9.072994363452501,5.028949093821743,0.5751102571059311,1.0,10.0,uA,Double,Normal Distribution,Thermal / Upward-Downward Drift
w1_x3_y-6,1080,Temp_Sensor_C,35.08292757458967,3.03352482127171,18.20114892763026,8.646726573266001,1.6482475979556703,1.639135252914223,29.976387734335017,40.18587840361369,-0.016767692749830143,41.02498530956169,27.678661965601535,0.38042216732296913,20.0,50.0,C,Normal,Normal Distribution,Stable / Random Noise
w1_x3_y-6,1010,VCC_mA,15.101081904101182,0.7283191297097786,4.369914778258671,4.822959933168631,0.9153496585107146,0.8690870153103997,14.055372000349772,16.188186520765836,-1.115208660618454,16.453617273235675,13.764948141628992,0.1780448016030222,13.0,17.0,mA,Double,Normal Distribution,Stable / Random Noise
w1_x3_y-6,1040,VRef_Volts,1.2500704391284407,0.021323487699242714,0.12794092619545627,1.705782892851192,0.781610724368443,0.7805096048043542,1.2205875099639036,1.2795849354764883,-1.4629337543446301,1.2812228146767908,1.217779820166871,0.05075153569278282,1.2,1.3,V,Double,Stable Non-Normal Distribution,Cyclic / Oscillatory
w1_x3_y-7,2030,Clock_MHz,103.16712933582701,3.119731482190205,18.71838889314123,3.023958796056964,1.0684680243676514,0.7300703819308593,99.1786700361841,106.8854501619271,-1.8017472185246461,108.13741757297413,98.9166175207047,0.08937730565570078,90.0,110.0,MHz,Double,Stable Non-Normal Distribution,Step Shift / Discontinuity
w1_x3_y-7,1060,Rst_V,3326.3471636226195,96.72854842238984,580.371290534339,2.9079510846079524,1.033820951838588,0.9430267859233096,3174.113250437541,3493.296559019738,-0.6162827628954979,3516.82411729417,3131.515786636083,0.11583527265941174,3000.0,3600.0,mV,Normal,Normal Distribution,Stable / Random Noise
w1_x3_y-7,1020,Standby_uA,7.016237994499323,1.1463965348084226,6.878379208850536,16.339191112205555,1.308447779154068,0.867577059915922,5.286896689375164,8.71469015211571,-1.1246066253121718,9.08226869874471,5.010649363453286,0.5803137434168484,1.0,10.0,uA,Double,Normal Distribution,Thermal / Upward-Downward Drift
w1_x3_y-7,1080,Temp_Sensor_C,35.358001649232754,2.5889071317138446,15.533442790283068,7.321983740475396,1.9313168629150568,1.885222554774082,31.667796076473238,39.55942754741518,-0.7187475460162287,40.09274282686992,29.846916762288856,0.28977390086193955,20.0,50.0,C,Double,Normal Distribution,Stable / Random Noise
w1_x3_y-7,1010,VCC_mA,15.152302641707344,0.6551056775351202,3.930634065210721,4.323472762033637,1.0176475178402447,0.9401523151932493,14.169730696510747,16.254008691668826,0.0026911912814489014,16.754951987269305,13.521257085813536,0.2134127715054271,13.0,17.0,mA,Double,Normal Distribution,Stable / Random Noise
w1_x3_y-7,1040,VRef_Volts,1.2494467083507943,0.02140365022582486,0.12842190135494916,1.7130502711937656,0.7786833783406389,0.7700665981284158,1.2200256047903482,1.2783142101255869,-1.482566813436109,1.282901042863433,1.2166302614079965,0.053040102480969895,1.2,1.3,V,Double,Stable Non-Normal Distribution,Cyclic / Oscillatory
w1_x3_y0,2030,Clock_MHz,103.15146039426537,3.139282082759288,18.83569249655573,3.0433714372635428,1.0618138942147826,0.7271874508449259,99.00763006567858,107.0127374248089,-1.7606650037752716,107.33267647149546,98.50058905100633,0.08562251456965456,90.0,110.0,MHz,Double,Stable Non-Normal Distribution,Step Shift / Discontinuity
w1_x3_y0,1060,Rst_V,3301.918745648765,118.20177242138165,709.2106345282899,3.579790465078729,0.8460110026396769,0.8406000695392701,3086.258479800105,3483.627707414233,-0.26565568489770586,3551.1965243803893,3011.3121089824544,0.16350626922888065,3000.0,3600.0,mV,Normal,Normal Distribution,Stable / Random Noise
w1_x3_y0,1020,Standby_uA,7.008831510329907,1.2271918279162488,7.363150967497493,17.50922141740121,1.2223027939706663,0.8124696893690606,5.112325192661714,8.794602349890114,-1.1847798607695788,9.038969426252091,4.876659787155414,0.5938664145317365,1.0,10.0,uA,Double,Normal Distribution,Thermal / Upward-Downward Drift
w1_x3_y0,1080,Temp_Sensor_C,35.16183523756308,2.809126682026441,16.854760092158646,7.989135558616906,1.7799126084243064,1.7607091031025817,30.819650218205066,39.27319550525893,0.8677421600910264,40.953118695727326,26.45506673919395,0.41232352801213384,20.0,50.0,C,Double,Normal Distribution,Stable / Random Noise
w1_x3_y0,1010,VCC_mA,15.041554421783665,0.5867171953177756,3.5203031719066535,3.9006420404800233,1.1362657716305538,1.1126573380642149,14.295079912161844,16.12122398156424,0.4777206601117494,16.777818494536593,14.069074788154683,0.1800840279152944,13.0,17.0,mA,Normal,Stable Non-Normal Distribution,Stable / Random Noise
w1_x3_y0,1040,VRef_Volts,1.2502644154314906,0.021763620286209626,0.13058172171725776,1.740721404015852,0.7658039631038501,0.7617541553970241,1.2201155580782057,1.2790733386961821,-1.5098713907314385,1.281767178647161,1.2177329311429779,0.05121656404344165,1.2,1.3,V,Double,Stable Non-Normal Distribution,Cyclic / Oscillatory
w1_x3_y1,2030,Clock_MHz,103.18778443832575,2.991209044557088,17.947254267342526,2.8988015013975827,1.1143765894258668,0.7591373544052368,99.3040405793817,106.8466522887623,-1.6899794615723798,107.7609132571513,98.42632729248152,0.0904621221928548,90.0,110.0,MHz,Double,Stable Non-Normal Distribution,Step Shift / Discontinuity
w1_x3_y1,1060,Rst_V,3285.325869313271,78.55140678249697,471.3084406949818,2.3909776353149557,1.2730516752792551,1.2107819197658987,3134.6135384699714,3387.4934477714073,-0.1860781856804219,3414.239923181944,3096.0907545501173,0.0968394555935875,3000.0,3600.0,mV,Double,Stable Non-Normal Distribution,Stable / Random Noise
w1_x3_y1,1020,Standby_uA,7.064753584953239,1.1901538281593935,7.140922968956361,16.84636008670175,1.2603412806895662,0.8220916057509984,5.306606938254924,8.851696482827583,-1.0795577182389413,9.433472023956924,5.07975842407089,0.6162583800741084,1.0,10.0,uA,Double,Normal Distribution,Thermal / Upward-Downward Drift
w1_x3_y1,1080,Temp_Sensor_C,34.64046395727171,3.069490343480981,18.416942060885887,8.860996628876372,1.6289349176872496,1.5898908634094362,30.468284784555134,40.39530757630448,-0.34147587345121355,42.02583519357451,29.812560944527828,0.3525724789399905,20.0,50.0,C,Normal,Normal Distribution,Stable / Random Noise
w1_x3_y1,1010,VCC_mA,15.374860571703266,0.6660378228871586,3.9962269373229518,4.331992604296985,1.000944156259448,0.8133369069302181,14.415904325331804,16.460970699045944,1.9944845111347442,17.810183429266694,14.384693038329122,0.2227981434343562,13.0,17.0,mA,Double,Normal Distribution,Stable / Random Noise
w1_x3_y1,1040,VRef_Volts,1.2499272781035364,0.021216113424888702,0.12729668054933221,1.6973878238003608,0.7855664387198719,0.784423881095435,1.2207214749697277,1.2792113568379717,-1.4952915614738618,1.2805062069627358,1.2195835429954376,0.0487409668022716,1.2,1.3,V,Flat,Stable Non-Normal Distribution,Cyclic / Oscillatory
w1_x3_y2,2030,Clock_MHz,103.20242095387889,3.2264171981781824,19.358503189069094,3.126299914630944,1.033137727884516,0.7022835370824964,98.91323526077663,107.15317079567637,-1.7683469332769202,107.33911560504798,98.35783834564643,0.08702583889398563,90.0,110.0,MHz,Flat,Stable Non-Normal Distribution,Step Shift / Discontinuity
w1_x3_y2,1060,Rst_V,3293.9936757427404,70.7492584516941,424.4955507101646,2.147826177466517,1.4134423764777353,1.3851437323708122,3179.7265986625953,3382.459634902315,0.496113782557571,3469.8991364316457,3087.0677711132857,0.11622103835158029,3000.0,3600.0,mV,Double,Normal Distribution,Stable / Random Noise
w1_x3_y2,1020,Standby_uA,7.030963246972209,1.1826132595684535,7.095679557410721,16.820074547790167,1.2683774580266112,0.8368576199095497,5.277014271763927,8.699470147078983,-0.9485365903531982,9.380021286619304,4.465847277720527,0.6989332522844577,1.0,10.0,uA,Double,Normal Distribution,Thermal / Upward-Downward Drift
w1_x3_y2,1080,Temp_Sensor_C,34.61540982357068,2.7532662526092557,16.519597515655533,7.953874493014014,1.8160248741877132,1.7694631857367875,30.23677945380309,38.52007391145591,0.268135420440188,42.0742910417984,27.49471716308289,0.4211873831055394,20.0,50.0,C,Double,Normal Distribution,Stable / Random Noise
w1_x3_y2,1010,VCC_mA,15.258771725104339,0.6420781609119366,3.8524689654716195,4.2079282164996545,1.0382951909153977,0.9039544720550396,14.2809222372694,16.326278602432875,-0.4492190443747499,16.61180077206339,13.885607180401,0.1786640262254627,13.0,17.0,mA,Double,Normal Distribution,Stable / Random Noise
w1_x3_y2,1040,VRef_Volts,1.2505279153710351,0.021132305943686123,0.12679383566211674,1.689870788483447,0.7886818746179625,0.7803547289286098,1.221956080984802,1.279288737853992,-1.508104995525534,1.2803742229718855,1.2197808517737632,0.04845423317091177,1.2,1.3,V,Double,Stable Non-Normal Distribution,Cyclic / Oscillatory
w1_x3_y3,2030,Clock_MHz,103.0869389050763,3.1111161917497308,18.666697150498386,3.0179538017075904,1.0714268217217,0.7406839077302041,99.09955031547055,107.02309184887316,-1.73604953798672,107.32512231849203,98.68236295551995,0.08383951890287909,90.0,110.0,MHz,Double,Stable Non-Normal Distribution,Step Shift / Discontinuity
w1_x3_y3,1060,Rst_V,3288.743247250138,105.11300349205855,630.6780209523513,3.1961450192242316,0.9513570793127908,0.9156597745839417,3133.5540085776265,3442.826882843333,0.283322728214916,3520.4440589606984,2980.4945171404433,0.1641811175961305,3000.0,3600.0,mV,Double,Normal Distribution,Stable / Random Noise
w1_x3_y3,1020,Standby_uA,7.070453188627455,1.224005206840006,7.344031241040036,17.311552374164222,1.2254849829213759,0.7978034720227234,5.310847799273663,8.784957190362775,-1.232573736793077,9.111811078374835,4.829201568994602,0.6057050934540719,1.0,10.0,uA,Double,Stable Non-Normal Distribution,Thermal / Upward-Downward Drift
w1_x3_y3,1080,Temp_Sensor_C,34.81584669866348,3.2921759537386,19.7530557224316,9.455969812346918,1.5187523602199913,1.500106809483515,29.062206914911158,39.92550376701521,0.07411871230645062,41.486014093153855,26.082308862929175,0.44243373896795113,20.0,50.0,C,Normal,Normal Distribution,Stable / Random Noise
w1_x3_y3,1010,VCC_mA,15.287394149684683,0.6210803600834108,3.726482160500465,4.062696061880639,1.073398403029736,0.9191541923739222,14.271014123321086,16.198017803930394,-0.5873017839249655,16.433154152109264,13.899073239587485,0.16576277733861178,13.0,17.0,mA,Double,Normal Distribution,Stable / Random Noise
w1_x3_y3,1040,VRef_Volts,1.2500127678105062,0.02137904547033248,0.12827427282199488,1.7103061681345486,0.779579550910955,0.7793804804313444,1.2202425717808012,1.2793303807341097,-1.4636903168607178,1.2808880795975846,1.219345166987214,0.04923382720175551,1.2,1.3,V,Double,Stable Non-Normal Distribution,Cyclic / Oscillatory
w1_x3_y4,2030,Clock_MHz,103.02023380865407,3.197878554066898,19.187271324401387,3.1041266708892525,1.0423576996362702,0.7275413031210355,98.97269489774294,107.31195366749974,-1.7181134103016609,107.53328553932025,97.99061565075476,0.09262908397480132,90.0,110.0,MHz,Double,Stable Non-Normal Distribution,Step Shift / Discontinuity
w1_x3_y4,1060,Rst_V,3304.3829200990276,79.98481916488339,479.90891498930034,2.4205675037954246,1.2502372455685202,1.2319716123946696,3179.248799872346,3429.2035111206364,-0.8789423854167016,3457.432156066432,3151.074969160289,0.09271237453828803,3000.0,3600.0,mV,Double,Normal Distribution,Stable / Random Noise
w1_x3_y4,1020,Standby_uA,6.978361381765624,1.1709522553514635,7.025713532108782,16.779759477792997,1.2810086774629186,0.8601656200256219,5.094747425445892,8.779773470818979,-1.0304931718568802,8.862612681552967,4.763972850532392,0.5873355658722795,1.0,10.0,uA,Double,Normal Distribution,Thermal / Upward-Downward Drift
w1_x3_y4,1080,Temp_Sensor_C,35.04191452663526,3.7126782769492293,22.276069661695374,10.59496413681174,1.346736675527023,1.3429734868432188,29.505505865744144,40.40421025198673,0.1731363909649457,45.49485079513645,26.79143063519877,0.5337442435036266,20.0,50.0,C,Normal,Normal Distribution,Stable / Random Noise
w1_x3_y4,1010,VCC_mA,15.215573741062762,0.6232363034113532,3.7394178204681188,4.096042081735013,1.069685226963822,0.9543872038957414,14.29021119111552,16.024890789683457,0.9331674449823821,16.443385773280163,13.260637640224072,0.20917700424708305,13.0,17.0,mA,Normal,Normal Distribution,Stable / Random Noise
w1_x3_y4,1040,VRef_Volts,1.2497078762238778,0.021949539313166015,0.1316972358789961,1.7563736078457652,0.7593173792339913,0.7548810860320504,1.2186359852883513,1.2793725073268438,-1.468149147001355,1.2801138217752288,1.21557517480254,0.05164298649353077,1.2,1.3,V,Double,Stable Non-Normal Distribution,Cyclic / Oscillatory
w1_x3_y5,2030,Clock_MHz,103.1897741654862,2.887999269196525,17.327995615179148,2.798726223167248,1.1542015847741907,0.7860373450865965,99.63097587001936,106.67413062346854,-1.815383455467792,107.02385929510875,99.21861795161156,0.07563967851097206,90.0,110.0,MHz,Flat,Stable Non-Normal Distribution,Step Shift / Discontinuity
w1_x3_y5,1060,Rst_V,3309.1377914633854,94.56956661828214,567.4173997096929,2.8578310296489966,1.057422631570652,1.025214273250796,3153.0489435551103,3448.0801074672804,-0.5974832149766196,3483.996584315756,3079.8144999457854,0.12214120711825391,3000.0,3600.0,mV,Double,Normal Distribution,Stable / Random Noise
w1_x3_y5,1020,Standby_uA,7.058754672709064,1.1584646593229793,6.950787955937876,16.41174276536196,1.2948172289317985,0.8463055831758779,5.385829996212071,8.812884926629904,-1.09520468513174,9.186475843896151,4.927716673970364,0.6033301010433512,1.0,10.0,uA,Double,Normal Distribution,Thermal / Upward-Downward Drift
w1_x3_y5,1080,Temp_Sensor_C,35.158745317844506,3.376631299731076,20.259787798386455,9.603958472367037,1.4807657562133638,1.4650947808384738,30.07883242001952,40.56620711108825,-0.9722214644808829,41.36700743648504,28.99720544732571,0.35182717350499837,20.0,50.0,C,Double,Normal Distribution,Stable / Random Noise
w1_x3_y5,1010,VCC_mA,15.124173484350598,0.7968107415993665,4.780864449596199,5.2684580907766545,0.8366687744802821,0.7847227359930016,14.045474511791497,16.456360496457457,-0.4574034056319185,16.722470411879033,13.128622482734277,0.2376227654928324,13.0,17.0,mA,Normal,Normal Distribution,Stable / Random Noise
w1_x3_y5,1040,VRef_Volts,1.2498952495663946,0.021861196137333956,0.13116717682400375,1.7490422613349317,0.7623858530871419,0.7607886481134325,1.2189658517003106,1.2804320151914934,-1.4355217942013592,1.2811701322267384,1.2174901176321309,0.05094828115932029,1.2,1.3,V,Double,Stable Non-Normal Distribution,Cyclic / Oscillatory
w1_x3_y6,2030,Clock_MHz,103.29356208129357,3.247163611820339,19.482981670922033,3.1436263271323464,1.0265369201598955,0.6884406126312437,99.13167556725016,107.18575056099365,-1.6923111427662858,108.7690210700666,97.75559055044913,0.10662262291767746,90.0,110.0,MHz,Double,Stable Non-Normal Distribution,Step Shift / Discontinuity
w1_x3_y6,1060,Rst_V,3328.1008030883836,88.59211345374656,531.5526807224794,2.661942011237628,1.1287686465704356,1.0230376283383789,3188.6877540994597,3459.796642079601,-0.44658306277760085,3536.582778566613,3142.9632187726306,0.11827152573885816,3000.0,3600.0,mV,Double,Normal Distribution,Stable / Random Noise
w1_x3_y6,1020,Standby_uA,7.016596280224122,1.1426728810214721,6.856037286128833,16.28528755804336,1.3127116473256122,0.8702997359165227,5.304828830451244,8.661542584219411,-1.1877154746859158,9.063823956188486,4.854048456373393,0.5999740232568469,1.0,10.0,uA,Double,Normal Distribution,Thermal / Upward-Downward Drift
w1_x3_y6,1080,Temp_Sensor_C,35.07004505181941,2.27321787530862,13.63930725185172,6.481935999653604,2.199525199194196,2.189254142090485,31.596260369502954,39.06549309076294,0.2037942953213836,39.78878704538821,28.689081968418808,0.31650102132941393,20.0,50.0,C,Double,Normal Distribution,Stable / Random Noise
w1_x3_y6,1010,VCC_mA,15.266195255182758,0.6793458091248993,4.076074854749396,4.450000787814282,0.981336246889393,0.8507227205589869,14.305995540337964,16.31710237236871,-0.6490983825134902,16.506151748584706,13.588700626023657,0.1911053195504359,13.0,17.0,mA,Normal,Normal Distribution,Stable / Random Noise
w1_x3_y6,1040,VRef_Volts,1.2499924231260835,0.021281831374579983,0.1276909882474799,1.702556830013148,0.7831406223138356,0.7830219471587524,1.2212557087406946,1.279382007540416,-1.4805848604596974,1.2810027737636844,1.2189376689508022,0.049652384818193285,1.2,1.3,V,Double,Stable Non-Normal Distribution,Cyclic / Oscillatory
w1_x3_y7,2030,Clock_MHz,103.06947950072865,3.284018422118626,19.704110532711756,3.1862181103722467,1.015016636594533,0.7034593607019872,98.92788893188452,106.96051428679343,-1.7758961984830877,107.57181768818094,97.98706231277065,0.09299314813501641,90.0,110.0,MHz,Double,Stable Non-Normal Distribution,Step Shift / Discontinuity
w1_x3_y7,1060,Rst_V,3289.241417777387,91.51360628405243,549.0816377043145,2.7822100800947043,1.0927336825696319,1.0535461319984853,3142.4156138768103,3434.080528208387,-0.5622640421570764,3500.797718978769,3119.1104868280154,0.11604111212021281,3000.0,3600.0,mV,Double,Normal Distribution,Stable / Random Noise
w1_x3_y7,1020,Standby_uA,7.092956925534297,1.1552108092848519,6.931264855709111,16.28673092777639,1.2984643044749506,0.838820369725518,5.458860640242733,8.925209731719926,-1.0650582232372536,9.067910818636507,4.93119103486593,0.583215128359033,1.0,10.0,uA,Double,Normal Distribution,Thermal / Upward-Downward Drift
w1_x3_y7,1080,Temp_Sensor_C,34.93048824938064,2.881024166757566,17.286145000545396,8.247878318187123,1.7354939461084857,1.7274514646162653,29.989446499487013,39.14480494607507,-0.7828783679663931,40.7760963902932,28.767818666491173,0.3437764063894797,20.0,50.0,C,Normal,Normal Distribution,Stable / Random Noise
w1_x3_y7,1010,VCC_mA,15.188641077973818,0.7537645576860588,4.522587346116353,4.962685956014519,0.8844494741345105,0.8010277230274552,13.895519349161017,16.24450094791561,-0.36871222833900896,16.79342084149431,13.358375141320076,0.22615885664423593,13.0,17.0,mA,Double,Normal Distribution,Stable / Random Noise
w1_x3_y7,1040,VRef_Volts,1.2500251585493791,0.020975301904901867,0.1258518114294112,1.677990379749088,0.7945853052428165,0.794185492970059,1.2205603380961838,1.2783042660991153,-1.4361295733234785,1.2817113905974793,1.2199368439051388,0.049418642712782054,1.2,1.3,V,Double,Stable Non-Normal Distribution,Cyclic / Oscillatory
w1_x4_y-1,2030,Clock_MHz,102.84524335575549,2.9010869368452976,17.406521621071786,2.820827528999128,1.148994637491998,0.8220777016797189,99.17749994931043,106.58066609503686,-1.7598362239938758,106.79305579036881,98.70235730179184,0.07866866978563282,90.0,110.0,MHz,Double,Stable Non-Normal Distribution,Step Shift / Discontinuity
w1_x4_y-1,1060,Rst_V,3291.3454622281943,114.88973441858276,689.3384065114966,3.4906616682165,0.8703997838106723,0.8452900911254689,3134.1180706684636,3473.8477690389095,-0.09191675575775271,3581.1646035023327,3008.3516782310203,0.1740360991712873,3000.0,3600.0,mV,Double,Normal Distribution,Stable / Random Noise
w1_x4_y-1,1020,Standby_uA,6.9789090940523275,1.146648269045762,6.879889614274572,16.43019351008564,1.3081605235826121,0.8782381914033723,5.385505332841313,8.630807156432237,-1.2393666956769394,8.78025197836576,4.917608636390789,0.5534738008361294,1.0,10.0,uA,Double,Stable Non-Normal Distribution,Thermal / Upward-Downward Drift
w1_x4_y-1,1080,Temp_Sensor_C,35.698299706244434,2.900254202030676,17.401525212184055,8.124348290804887,1.7239868134659169,1.643729514438415,31.756726843090803,39.932015005386596,0.8849526227609066,42.87796765759925,26.573713574115267,0.4567235475540591,20.0,50.0,C,Normal,Normal Distribution,Stable / Random Noise
w1_x4_y-1,1010,VCC_mA,15.103140291880663,0.7401881513977269,4.441128908386361,4.900889067392471,0.9006718972841884,0.8542241160968873,13.82825022016328,16.22735606580054,-0.6983720663135702,16.524895671053198,13.769255661545328,0.1824547714086508,13.0,17.0,mA,Double,Normal Distribution,Stable / Random Noise
w1_x4_y-1,1040,VRef_Volts,1.2498629001021333,0.021625956168985248,0.1297557370139115,1.7302662689818276,0.7706788331777484,0.7685656333914145,1.2201836219902331,1.2801290440237456,-1.4874791008703714,1.2826664090016238,1.2188938399518503,0.051023651509747386,1.2,1.3,V,Flat,Stable Non-Normal Distribution,Cyclic / Oscillatory
w1_x4_y-2,2030,Clock_MHz,103.33316041106464,3.14128542287345,18.8477125372407,3.039958722231329,1.0611367273605499,0.7074428343240621,98.9596082597619,107.2649135523903,-1.7375482409958554,107.54991714616214,98.58776961091131,0.08673060515713397,90.0,110.0,MHz,Double,Stable Non-Normal Distribution,Step Shift / Discontinuity
w1_x4_y-2,1060,Rst_V,3302.854154417194,87.13939405873575,522.8363643524144,2.638305840486376,1.1475865890528876,1.1366686246120281,3170.7923067811394,3449.8387694676153,-0.6179642002363113,3493.80914810343,3146.0550061723043,0.10528897906861667,3000.0,3600.0,mV,Double,Normal Distribution,Stable / Random Noise
w1_x4_y-2,1020,Standby_uA,7.077364397908733,1.15268327437158,6.91609964622948,16.286900173067007,1.3013114993082295,0.8451687371753327,5.3464657996789535,8.725297024549846,-1.0583978670784093,8.995052443104651,4.697053103148924,0.6072881228534351,1.0,10.0,uA,Double,Normal Distribution,Thermal / Upward-Downward Drift
w1_x4_y-2,1080,Temp_Sensor_C,35.553923664341774,3.1287190764988826,18.772314458993296,8.799926292345562,1.5980980962966893,1.5390831393981375,31.145904500980045,41.00936480611837,-0.18491567026992195,42.282878621833184,27.70658223512557,0.4099771525730836,20.0,50.0,C,Normal,Normal Distribution,Stable / Random Noise
w1_x4_y-2,1010,VCC_mA,15.270170229989176,0.7553388887302247,4.532033332381348,4.946499464994898,0.8826060416237511,0.7633791029960885,14.325245605592697,16.367600668030608,-0.3388914847119735,17.140413049243573,13.72554680957276,0.22362987368433768,13.0,17.0,mA,Double,Normal Distribution,Stable / Random Noise
w1_x4_y-2,1040,VRef_Volts,1.2501950534075694,0.021379822253788986,0.12827893352273392,1.7101189286836078,0.7795512267981074,0.7765101443348694,1.220048895051353,1.2790893250188842,-1.4643979649648453,1.2808123843847234,1.2176983711434022,0.05048333303614968,1.2,1.3,V,Double,Stable Non-Normal Distribution,Cyclic / Oscillatory
w1_x4_y-3,2030,Clock_MHz,103.17462873798856,3.20410509757907,19.22463058547442,3.1055164789745726,1.0403320839419108,0.7100652708685596,98.98945061397788,107.11688178749934,-1.7906916619152848,107.52747700742015,98.5356581711921,0.0871514532808519,90.0,110.0,MHz,Flat,Stable Non-Normal Distribution,Step Shift / Discontinuity
w1_x4_y-3,1060,Rst_V,3289.0666889378126,96.23296905720842,577.3978143432505,2.925844263993515,1.0391449103118928,1.0012739285014638,3152.870358510853,3444.7124950611114,-0.48830027781629015,3485.3847363345517,3055.5072993507633,0.1306989117702004,3000.0,3600.0,mV,Double,Normal Distribution,Stable / Random Noise
w1_x4_y-3,1020,Standby_uA,7.041953956885803,1.2406748990871423,7.444049394522854,17.618333017840577,1.2090193821956603,0.7947411110116098,5.169610047443543,8.845048800628957,-1.1793878171040426,9.122628692459863,4.687845511221633,0.629766000798938,1.0,10.0,uA,Double,Normal Distribution,Thermal / Upward-Downward Drift
w1_x4_y-3,1080,Temp_Sensor_C,34.706539503234154,3.11616129861295,18.6969677916777,8.978599835119166,1.6045382510287818,1.5731470115470012,29.52274033972187,40.130164396596015,-0.46918803867957726,41.13741007290159,28.434797115983216,0.3660005618173103,20.0,50.0,C,Double,Normal Distribution,Cyclic / Oscillatory
w1_x4_y-3,1010,VCC_mA,15.169258703271973,0.6569183946233228,3.941510367739937,4.330589961404159,1.0148393957653348,0.9289541956870581,14.01175778423868,16.172014533771875,-0.641688648773441,16.321442239384417,13.694757675749393,0.17315839982796616,13.0,17.0,mA,Double,Normal Distribution,Stable / Random Noise
w1_x4_y-3,1040,VRef_Volts,1.2509027361962772,0.0215034192788837,0.1290205156733022,1.7190320763284053,0.7750705341560867,0.7610768496390742,1.2216443821868397,1.2808604496581772,-1.4567675489666672,1.2822619130839805,1.2196371722326154,0.050063637275103705,1.2,1.3,V,Double,Stable Non-Normal Distribution,Cyclic / Oscillatory
w1_x4_y-4,2030,Clock_MHz,103.15592988679235,3.117643305602815,18.70585983361689,3.022262810314684,1.069183677088041,0.731756804988772,99.19455856378623,107.26554451510978,-1.7416195482458054,107.4039818174187,98.76677594912685,0.08372961086939622,90.0,110.0,MHz,Double,Stable Non-Normal Distribution,Step Shift / Discontinuity
w1_x4_y-4,1060,Rst_V,3325.4354348805446,94.4002528227207,566.4015169363242,2.838733593578602,1.0593191968224425,0.9695050486608158,3175.4330680982594,3455.8008205809083,-0.2381081932094844,3495.0614909785786,3075.9730916101867,0.1260251198903359,3000.0,3600.0,mV,Double,Normal Distribution,Stable / Random Noise
w1_x4_y-4,1020,Standby_uA,7.066923340480383,1.1839720560654265,7.103832336392559,16.753713023650043,1.266921792888252,0.8257730533682841,5.268221047249707,8.965987707621874,-1.1183870187147031,9.054092902903356,5.021419050429966,0.5706406675410837,1.0,10.0,uA,Double,Normal Distribution,Thermal / Upward-Downward Drift
w1_x4_y-4,1080,Temp_Sensor_C,34.64042700723443,3.0830496130490186,18.49829767829411,8.900148986053617,1.6217708527418702,1.5828945194685125,29.69789146320218,40.2530831418054,-0.5572741832866552,41.65175538630711,29.328086295592048,0.3557597337972001,20.0,50.0,C,Double,Normal Distribution,Stable / Random Noise
w1_x4_y-4,1010,VCC_mA,15.286890504404871,0.7440176034147127,4.464105620488276,4.867030369585798,0.8960361470037277,0.7675040159142793,14.186735275221787,16.448606159691046,-0.6008927459096154,17.05616538007304,13.824181746196276,0.2114219129747464,13.0,17.0,mA,Normal,Normal Distribution,Stable / Random Noise
w1_x4_y-4,1040,VRef_Volts,1.2502293883185709,0.02137924198177648,0.12827545189065886,1.7100255506335,0.7795723852545023,0.7759958892813458,1.221312358392926,1.2800558113486629,-1.4790831843822883,1.2814124942011518,1.219112755466811,0.049830646532895366,1.2,1.3,V,Double,Stable Non-Normal Distribution,Cyclic / Oscillatory
w1_x4_y-5,2030,Clock_MHz,103.250671875509,3.1822783617284944,19.093670170370967,3.0820897374550924,1.0474675545110992,0.7069702225153572,99.2200614814368,107.26175285077083,-1.7701911805352015,107.8257211536641,98.67432702852838,0.08863278038684055,90.0,110.0,MHz,Double,Stable Non-Normal Distribution,Step Shift / Discontinuity
w1_x4_y-5,1060,Rst_V,3276.2885199044476,90.83411699795545,545.0047019877327,2.772470020454872,1.1009079331089977,1.013894077965832,3120.7593720403565,3403.7836479749144,-0.5298025606299093,3479.280941628546,3086.5411508564566,0.11987338367365259,3000.0,3600.0,mV,Double,Normal Distribution,Stable / Random Noise
w1_x4_y-5,1020,Standby_uA,7.069984552314894,1.1945524641766745,7.1673147850600465,16.896111375314778,1.255700394066702,0.8176047893954915,5.239325409526492,8.82537652605683,-1.2494726252837896,9.133759329343334,5.151460926267477,0.5632683315795861,1.0,10.0,uA,Double,Normal Distribution,Thermal / Upward-Downward Drift
w1_x4_y-5,1080,Temp_Sensor_C,34.04491115442164,3.5642391975164793,21.385435185098878,10.469227489975598,1.4028239191926124,1.313502487357187,28.728779327934394,40.35322112614619,-0.3606539026258644,42.24710519323857,26.671836440550884,0.457491831364783,20.0,50.0,C,Double,Normal Distribution,Stable / Random Noise
w1_x4_y-5,1010,VCC_mA,15.249158839535603,0.6894470375157842,4.136682225094705,4.521213561814932,0.9669584904865213,0.8464953628021611,14.103364851110262,16.413531658859362,-0.5655604510438814,16.672250477231152,13.868725648912871,0.18384783435068863,13.0,17.0,mA,Double,Normal Distribution,Stable / Random Noise
w1_x4_y-5,1040,VRef_Volts,1.2501813307634206,0.021873576883070584,0.1312414612984235,1.7496323409111805,0.7619543321954866,0.7591910169805132,1.2205496233919284,1.280410947762662,-1.496438957855042,1.282498197354136,1.2192044176906804,0.050627679446153144,1.2,1.3,V,Double,Stable Non-Normal Distribution,Cyclic / Oscillatory
w1_x4_y-6,2030,Clock_MHz,103.10998842430959,3.041959397875547,18.25175638725328,2.950208262421222,1.0957849521795975,0.7549971004984788,99.08750165279797,106.89794655616232,-1.6966038569040105,107.45509111889986,98.19877498507205,0.0897712847734692,90.0,110.0,MHz,Double,Stable Non-Normal Distribution,Step Shift / Discontinuity
w1_x4_y-6,1060,Rst_V,3297.1567185848003,95.97532582244474,575.8519549346685,2.910851197380727,1.0419344674588649,1.0320594244349255,3140.0565874904805,3430.2462465130243,0.2263950421414087,3513.6890981578376,3045.086723949265,0.14212317284381476,3000.0,3600.0,mV,Double,Normal Distribution,Stable / Random Noise
w1_x4_y-6,1020,Standby_uA,7.02201966148756,1.168628954164478,7.011773724986869,16.642348077916278,1.2835553959660693,0.8494228294618897,5.236253200656229,8.679847855089346,-1.2504681405595273,8.858494856763667,4.971433147451891,0.5535532363474374,1.0,10.0,uA,Double,Stable Non-Normal Distribution,Thermal / Upward-Downward Drift
w1_x4_y-6,1080,Temp_Sensor_C,35.225702190538776,3.4450713849097316,20.67042830945839,9.779993500981334,1.4513487360236546,1.429510563426573,30.17604342712477,40.5146108877084,0.3071491841880203,44.406415084491,26.404250273275572,0.5110519788602144,20.0,50.0,C,Double,Normal Distribution,Stable / Random Noise
w1_x4_y-6,1010,VCC_mA,15.201487396028732,0.8612745206458279,5.167647123874968,5.6657253215289245,0.7740466607171493,0.6960663376808326,13.957064098756256,16.939903362956365,-0.030764287740740137,17.2685367245857,13.52865794472284,0.2460205822253864,13.0,17.0,mA,Normal,Normal Distribution,Stable / Random Noise
w1_x4_y-6,1040,VRef_Volts,1.2503206848557211,0.02122593879356634,0.12735563276139805,1.6976395776428888,0.7852028043969678,0.7801667514361705,1.2210304198631075,1.2805102148415266,-1.4707580306325498,1.2818858595131146,1.2191965707630443,0.05013856805648563,1.2,1.3,V,Double,Stable Non-Normal Distribution,Cyclic / Oscillatory
w1_x4_y0,2030,Clock_MHz,103.04442524643694,3.2369750673234643,19.421850403940788,3.1413393393985594,1.0297679975921297,0.7162628286078999,98.58901063934437,107.03362074615255,-1.7467910490616407,107.17321893644322,98.01487155546526,0.08887765989353834,90.0,110.0,MHz,Double,Stable Non-Normal Distribution,Step Shift / Discontinuity
w1_x4_y0,1060,Rst_V,3297.855812691863,89.58669587548621,537.5201752529173,2.7165134245927325,1.1162371714097696,1.1082590994904105,3152.3586883352177,3450.7535434403885,-0.15339949183427937,3502.5797490405366,3089.5674338820836,0.12523661997864402,3000.0,3600.0,mV,Double,Normal Distribution,Stable / Random Noise
w1_x4_y0,1020,Standby_uA,7.020797300077626,1.1729108104077766,7.03746486244666,16.706233783373982,1.2788696179537358,0.84666929303477,5.222167746079558,8.745131545996557,-1.219455235651702,8.978834482354204,5.015546844029856,0.5645067745055861,1.0,10.0,uA,Double,Stable Non-Normal Distribution,Thermal / Upward-Downward Drift
w1_x4_y0,1080,Temp_Sensor_C,35.26620997008294,3.092835438759131,18.557012632554784,8.76996831069414,1.6166395202733574,1.5879484830515662,29.930810685545193,39.95390058442204,-0.4140768422020913,41.756326731125384,28.339814829500853,0.38043532075054387,20.0,50.0,C,Double,Normal Distribution,Stable / Random Noise
w1_x4_y0,1010,VCC_mA,15.249502639565172,0.7207138859287141,4.324283315572284,4.726146832217373,0.9250087721115544,0.8096127069801686,14.252440264280532,16.62466496133057,-0.29220764913352015,16.89810291588727,13.78965619984832,0.2038392195148724,13.0,17.0,mA,Double,Normal Distribution,Stable / Random Noise
w1_x4_y0,1040,VRef_Volts,1.2497866649826677,0.021052241566466942,0.12631344939880165,1.6844668099222275,0.7916813330326865,0.7883034660146022,1.2199112546051294,1.2779084645106942,-1.4666156252746998,1.2790651603188323,1.2187896797861109,0.04822861550819746,1.2,1.3,V,Double,Stable Non-Normal Distribution,Cyclic / Oscillatory
w1_x4_y1,2030,Clock_MHz,103.2455361781264,3.2630533551496503,19.5783201308979,3.160478870021076,1.0215381026708525,0.6899942157155673,99.07425799929739,107.36186836441516,-1.764101155775192,107.96840619449254,98.8738494683422,0.08808668212502457,90.0,110.0,MHz,Double,Stable Non-Normal Distribution,Step Shift / Discontinuity
w1_x4_y1,1060,Rst_V,3289.886602146871,90.5622829362574,543.3736976175444,2.7527478569370585,1.1042124464815597,1.0669879805294107,3138.4003255786943,3407.474165453968,-0.893657249881195,3465.4018017215694,3106.179374992621,0.10918991143783854,3000.0,3600.0,mV,Double,Normal Distribution,Cyclic / Oscillatory
w1_x4_y1,1020,Standby_uA,7.002504089445737,1.2083136723817098,7.249882034290259,17.25545114929523,1.2413995093205779,0.8269088783450002,5.3032218956883215,8.868250080816447,-1.236695455866483,8.95548356141412,5.082420438840738,0.5530968740755056,1.0,10.0,uA,Double,Stable Non-Normal Distribution,Thermal / Upward-Downward Drift
w1_x4_y1,1080,Temp_Sensor_C,35.191646768269166,2.6356544894294234,15.81392693657654,7.4894320995682495,1.8970620087166354,1.8728242885048518,31.05531552229598,38.79111139139609,0.2747258913364603,42.67174927868821,29.45069387919915,0.37568731825900037,20.0,50.0,C,Normal,Normal Distribution,Stable / Random Noise
w1_x4_y1,1010,VCC_mA,15.2578842281272,0.7638137195304495,4.582882317182698,5.006026445805602,0.8728131606178748,0.7602707865052737,13.736573878550972,16.29171433008621,-0.1907688881126517,16.57225746525185,13.414723281136387,0.2069444319347172,13.0,17.0,mA,Normal,Normal Distribution,Stable / Random Noise
w1_x4_y1,1040,VRef_Volts,1.2502908226087543,0.021279222124854447,0.12767533274912668,1.701941799465101,0.7832366507044338,0.7786809921838361,1.222018802345272,1.279293432604105,-1.5001458244131363,1.2813682123811445,1.219782213811045,0.049257338737877965,1.2,1.3,V,Double,Stable Non-Normal Distribution,Cyclic / Oscillatory
w1_x4_y2,2030,Clock_MHz,103.10402663368237,3.2369465746406907,19.421679447844145,3.139495789181171,1.0297770619533138,0.7101315192474875,99.0006370402515,107.07848160295246,-1.7614655640053143,107.899915512496,98.37065500677616,0.0924237473244016,90.0,110.0,MHz,Double,Stable Non-Normal Distribution,Step Shift / Discontinuity
w1_x4_y2,1060,Rst_V,3323.0336574616244,86.33260238608302,517.9956143164982,2.5980056564347342,1.1583109652225678,1.0693771718659673,3182.422642631766,3462.4754633206458,-0.6429501045433894,3491.6326554383727,3133.310933433445,0.10782969988893824,3000.0,3600.0,mV,Double,Normal Distribution,Stable / Random Noise
w1_x4_y2,1020,Standby_uA,7.008021592671092,1.2304465963213695,7.382679577928217,17.55768842961552,1.2190695674924101,0.8105399606597959,5.214286025222909,8.820723225495064,-1.2374039002477775,9.019023250869083,4.749168902973308,0.6092809919936804,1.0,10.0,uA,Double,Normal Distribution,Thermal / Upward-Downward Drift
w1_x4_y2,1080,Temp_Sensor_C,35.037709683228954,3.1744681425258374,19.046808855155025,9.06014739897602,1.5750669956390355,1.5711073104743736,30.87628827295008,40.175331773889006,-0.020635844489593325,43.69140644996242,30.29386841401282,0.3823748229286353,20.0,50.0,C,Double,Normal Distribution,Stable / Random Noise
w1_x4_y2,1010,VCC_mA,15.156431442321734,0.9605943488416784,5.76356609305007,6.337866221988003,0.694014770616295,0.6397319048362478,13.652013564039864,16.82830047954558,-0.45786790325618787,17.28997190279364,13.227295498299986,0.2680496672290105,13.0,17.0,mA,Double,Normal Distribution,Stable / Random Noise
w1_x4_y2,1040,VRef_Volts,1.2501663157014244,0.02190333120482476,0.13141998722894854,1.7520333838570565,0.7609192643261237,0.7583882079026482,1.219812618528468,1.282148104775478,-1.431137864439879,1.2852927849920124,1.2196342953439676,0.05251980382402648,1.2,1.3,V,Double,Stable Non-Normal Distribution,Cyclic / Oscillatory
w1_x4_y3,2030,Clock_MHz,103.14630228650712,3.186727402163224,19.12036441297934,3.0895217099605996,1.0460051685219733,0.7169003231800781,98.48572505592875,106.91240761214135,-1.707882352254156,107.13755985065096,98.00551356374378,0.0885348876738335,90.0,110.0,MHz,Flat,Stable Non-Normal Distribution,Step Shift / Discontinuity
w1_x4_y3,1060,Rst_V,3295.339074568376,73.76453702876822,442.5872221726093,2.238450592172519,1.3556649852082707,1.3346028071872058,3184.2850732564034,3420.0316549143404,-0.5849660767869707,3464.185113272365,3162.6464513804035,0.0915045933266995,3000.0,3600.0,mV,Double,Normal Distribution,Stable / Random Noise
w1_x4_y3,1020,Standby_uA,7.05169669445086,1.1550258078970046,6.930154847382028,16.379402829476778,1.2986722805190836,0.8508621727732121,5.328222140141921,8.728810333086475,-1.2609620170866551,8.986521587226575,5.122699740899547,0.5479279687919018,1.0,10.0,uA,Double,Stable Non-Normal Distribution,Thermal / Upward-Downward Drift
w1_x4_y3,1080,Temp_Sensor_C,34.20870508077723,3.160017760788024,18.960106564728143,9.237466759780162,1.582269587862422,1.4988001288146724,29.44464973467065,39.51735669639496,0.008457882849186582,42.08936808114322,26.99352836405097,0.4412864994873775,20.0,50.0,C,Double,Normal Distribution,Stable / Random Noise
w1_x4_y3,1010,VCC_mA,15.025673264352465,0.7050561580253907,4.230336948152344,4.692343202338196,0.9455511579868487,0.933413465567961,14.056314257096629,16.12318017895113,-0.4346189903489952,16.819761648824176,13.9427144968585,0.1914754235200431,13.0,17.0,mA,Double,Normal Distribution,Stable / Random Noise
w1_x4_y3,1040,VRef_Volts,1.2500332165512704,0.02185537706853398,0.13113226241120388,1.7483837052611293,0.7625888409247498,0.7620822294980931,1.2194071443675334,1.280781499558648,-1.4367931651768746,1.2836068024874834,1.2168127229553554,0.053433843715294936,1.2,1.3,V,Double,Stable Non-Normal Distribution,Cyclic / Oscillatory
w1_x4_y4,2030,Clock_MHz,103.24535395777528,3.173247155514342,19.039482933086052,3.0735011638510334,1.0504486949718996,0.7095409120052065,98.99812531904,107.17840594220203,-1.7394558728242773,107.91496467418557,98.25654655784963,0.09354821060796581,90.0,110.0,MHz,Double,Stable Non-Normal Distribution,Step Shift / Discontinuity
w1_x4_y4,1060,Rst_V,3280.100082166928,103.18790263005374,619.1274157803225,3.145876651479636,0.9691058491470369,0.9048220932484523,3147.7893321653046,3475.206851777445,0.9051681080291432,3527.949416794682,2983.421390375477,0.16600957677470435,3000.0,3600.0,mV,Normal,Normal Distribution,Stable / Random Noise
w1_x4_y4,1020,Standby_uA,7.021533391969706,1.1618926292795477,6.971355775677287,16.54756253966357,1.2909970871663947,0.8544870478198847,5.324321087486411,8.801585639225793,-1.2036253687738492,9.030419900362476,5.002719627093252,0.5736211805067496,1.0,10.0,uA,Double,Normal Distribution,Thermal / Upward-Downward Drift
w1_x4_y4,1080,Temp_Sensor_C,35.58979516044385,2.9825354528921912,17.895212717353147,8.380310815070718,1.6764260069906145,1.6105094772729298,31.3568777277006,39.59925639289441,-0.09574551553639132,43.941376468624725,30.308708062485348,0.38304992610048394,20.0,50.0,C,Normal,Normal Distribution,Stable / Random Noise
w1_x4_y4,1010,VCC_mA,15.239956820340094,0.7987290664366443,4.792374398619866,5.241019222381365,0.8346593290273694,0.7345182296970675,14.000049185830093,16.19282472374383,-0.5433196806184273,17.049957212940846,13.531029687054891,0.23090141050723967,13.0,17.0,mA,Double,Normal Distribution,Stable / Random Noise
w1_x4_y4,1040,VRef_Volts,1.2496535865513843,0.021299495278656412,0.1277969716719385,1.7044319728186212,0.7824911552419671,0.7770698460499933,1.2204861523373685,1.2790922070085855,-1.4567957909572233,1.2802345685094718,1.2175788484462908,0.050138470963052496,1.2,1.3,V,Double,Stable Non-Normal Distribution,Cyclic / Oscillatory
w1_x4_y5,2030,Clock_MHz,103.21377841904805,2.9125193628350865,17.47511617701052,2.8218319370212903,1.1444845228732214,0.7766725568187747,99.41978934338091,106.83553965357349,-1.712641689169521,107.58874060057738,99.21765630363085,0.08110432953011296,90.0,110.0,MHz,Double,Stable Non-Normal Distribution,Step Shift / Discontinuity
w1_x4_y5,1060,Rst_V,3308.5080933353747,103.99427721722732,623.965663303364,3.1432378063911144,0.9615913747937886,0.9343203442363325,3187.05629630955,3473.664876444454,0.6594176039223676,3543.0014251982734,2993.0656909384315,0.1662186456087645,3000.0,3600.0,mV,Normal,Normal Distribution,Stable / Random Noise
w1_x4_y5,1020,Standby_uA,7.055874556389447,1.2006793112435927,7.204075867461556,17.016732676409582,1.2492927844708082,0.8173499273954625,5.106949184934006,8.90689713147625,-0.9998091431778149,9.322163747290507,4.9185540970514685,0.6241054337128698,1.0,10.0,uA,Normal,Normal Distribution,Thermal / Upward-Downward Drift
w1_x4_y5,1080,Temp_Sensor_C,35.45639642792083,3.064380624298815,18.38628374579289,8.642673630210512,1.6316510946299594,1.5820057792164777,31.620213441655686,40.96679262538668,-0.4060662672124402,41.60110739734152,28.009759698633907,0.3833256920605965,20.0,50.0,C,Normal,Stable Non-Normal Distribution,Cyclic / Oscillatory
w1_x4_y5,1010,VCC_mA,15.143094884811521,0.6517143203953099,3.910285922371859,4.303706245999801,1.0229430991516149,0.9497541366806943,14.184106239731836,16.061767346024908,-0.5476941385968059,16.387643620263923,13.544621573242505,0.1877437913879124,13.0,17.0,mA,Double,Normal Distribution,Stable / Random Noise
w1_x4_y5,1040,VRef_Volts,1.2503641837479633,0.02110971290789697,0.1266582774473818,1.688285155819216,0.789525975051599,0.7837753244774254,1.2210355629994036,1.279970140274737,-1.4364254351502888,1.2822389182638712,1.2190805479649698,0.050511979725446327,1.2,1.3,V,Double,Stable Non-Normal Distribution,Cyclic / Oscillatory
w1_x4_y6,2030,Clock_MHz,102.99874528063123,3.225969061247357,19.355814367484143,3.132046951113681,1.0332812466727324,0.7234265204702718,98.53283360666012,107.49375436550835,-1.676571640532201,107.74305949739288,98.31628136941843,0.09152323265968111,90.0,110.0,MHz,Double,Stable Non-Normal Distribution,Step Shift / Discontinuity
w1_x4_y6,1060,Rst_V,3300.429412488958,106.16424560967758,636.9854736580655,3.2166797813626244,0.9419367078409713,0.9405884432204551,3138.0704159359343,3485.984478649995,-0.7900437482515894,3501.607742901545,3104.209992461374,0.12040789266281589,3000.0,3600.0,mV,Double,Normal Distribution,Cyclic / Oscillatory
w1_x4_y6,1020,Standby_uA,7.000913941598274,1.1907367511758828,7.1444205070552975,17.008304360102496,1.259724282901919,0.8395603409513906,5.207212322243582,8.949925985474266,-0.9561855037987987,9.329977146763603,4.885277122077267,0.6348742552421139,1.0,10.0,uA,Double,Normal Distribution,Thermal / Upward-Downward Drift
w1_x4_y6,1080,Temp_Sensor_C,34.88672398764468,2.800170691683482,16.801024150100893,8.026465003349633,1.7856054328580824,1.7721210153198048,29.63997735329482,39.24540000767217,-0.2037657534850914,40.62928345474229,28.420610463233956,0.34995183256049217,20.0,50.0,C,Double,Normal Distribution,Stable / Random Noise
w1_x4_y6,1010,VCC_mA,15.151677334712343,0.6778168770053798,4.066901262032279,4.473543503018693,0.9835498189599893,0.9089587114116602,13.956424923892062,16.254336074116267,-0.27077736105551065,16.66772051445149,13.687801865285852,0.19667252564431745,13.0,17.0,mA,Double,Normal Distribution,Stable / Random Noise
w1_x4_y6,1040,VRef_Volts,1.2498598965762755,0.021603777866492983,0.1296226671989579,1.7284959638813855,0.7714700072211138,0.7693082954348649,1.2209025375042553,1.2791489375025067,-1.496164091219361,1.2818203451800396,1.2162061287490489,0.05249725718116638,1.2,1.3,V,Double,Stable Non-Normal Distribution,Cyclic / Oscillatory
w1_x5_y-1,2030,Clock_MHz,102.78506605857399,3.20848212049187,19.25089272295122,3.1215450293756257,1.0389128591504582,0.7495687649668581,98.78588568198421,106.78372115792357,-1.746043959020583,107.29555201550248,97.76795146121256,0.09269440512749622,90.0,110.0,MHz,Double,Stable Non-Normal Distribution,Step Shift / Discontinuity
w1_x5_y-1,1060,Rst_V,3296.6775834250684,97.90052394784591,587.4031436870755,2.9696723889550825,1.0214449930142613,1.0101327737636898,3160.3854770124453,3463.162848743914,-0.8091443289144467,3499.4972278226182,3137.7827537492485,0.10972091292517848,3000.0,3600.0,mV,Double,Normal Distribution,Stable / Random Noise
w1_x5_y-1,1020,Standby_uA,7.043065552066272,1.1314283592925602,6.7885701557553615,16.06443033830099,1.3257578243291461,0.8711508845281163,5.305854080442935,8.67229539533663,-1.1134534729995451,9.18724722491461,5.158789396134491,0.5719750581617494,1.0,10.0,uA,Double,Normal Distribution,Thermal / Upward-Downward Drift
w1_x5_y-1,1080,Temp_Sensor_C,35.05088766117411,2.92563520220654,17.553811213239243,8.346821999167993,1.7090305709436895,1.703232666368331,30.32499025693852,39.941695709262824,-0.18902654567800514,41.86492792650004,28.183982074214793,0.3903166728481926,20.0,50.0,C,Normal,Normal Distribution,Stable / Random Noise
w1_x5_y-1,1010,VCC_mA,15.200760899264301,0.5553748783642561,3.332249270185537,3.6535991983870733,1.2003903896953312,1.0798946626436015,14.383186229480533,15.962688858418831,-0.20305784237231617,16.169523257704892,13.612813274827838,0.16819618437658576,13.0,17.0,mA,Double,Normal Distribution,Stable / Random Noise
w1_x5_y-1,1040,VRef_Volts,1.2497267767847304,0.021494907640511974,0.12896944584307185,1.7199685595129521,0.7753774496455434,0.77114042724875,1.2206698076803797,1.2795536037478832,-1.4811373978167102,1.2810250946451325,1.2157943889221121,0.05219597349977928,1.2,1.3,V,Double,Stable Non-Normal Distribution,Cyclic / Oscillatory
w1_x5_y-2,2030,Clock_MHz,103.08377735847311,3.1756796117951454,19.054077670770873,3.080678350339978,1.0496440890802172,0.7259572214441462,98.77031408924584,107.24493275654525,-1.7020623876868524,107.41009964007722,97.95609511089971,0.09171185584615585,90.0,110.0,MHz,Double,Stable Non-Normal Distribution,Step Shift / Discontinuity
w1_x5_y-2,1060,Rst_V,3289.8197524789375,102.647142058733,615.882852352398,3.120144864513825,0.9742112444083602,0.9411522057220955,3143.2857924761233,3450.2173927085923,-0.1609421591872353,3520.5344103853554,3027.5785343437,0.14984282213948175,3000.0,3600.0,mV,Normal,Normal Distribution,Stable / Random Noise
w1_x5_y-2,1020,Standby_uA,7.034869678217669,1.233533360672717,7.401200164036302,17.534558806286814,1.2160189969908584,0.8012566221868735,5.147065913490342,8.83810880921026,-1.1742026957067113,9.015770658134706,4.775784561847346,0.6027099705081655,1.0,10.0,uA,Double,Normal Distribution,Thermal / Upward-Downward Drift
w1_x5_y-2,1080,Temp_Sensor_C,34.61070026177971,2.956766793545976,17.740600761275857,8.542926815066805,1.691036307264404,1.647148307815135,29.359230454722564,38.71835847796024,0.5254054736362423,43.343377357779,28.592396768910827,0.4261971146870307,20.0,50.0,C,Normal,Normal Distribution,Stable / Random Noise
w1_x5_y-2,1010,VCC_mA,15.350970897579636,0.6516822805312082,3.9100936831872497,4.245218656716742,1.0229933919996168,0.8434729374955461,14.285418277026467,16.36974564588753,-0.23385749711278114,16.732210358708954,13.887367229584346,0.185320078326326,13.0,17.0,mA,Double,Normal Distribution,Stable / Random Noise
w1_x5_y-2,1040,VRef_Volts,1.2497500173052216,0.020911364460265838,0.12546818676159502,1.673243782413066,0.79701478582784,0.7930299877490509,1.2215454685525808,1.2798427445253424,-1.4596808046134888,1.2822355774067635,1.220263269076533,0.04958776353038877,1.2,1.3,V,Double,Stable Non-Normal Distribution,Cyclic / Oscillatory
w1_x5_y-3,2030,Clock_MHz,103.12287482908607,3.2380131476453835,19.428078885872303,3.139956244443346,1.0294378624612024,0.7079573035823764,99.12992811200307,106.89798922402603,-1.837841307562254,107.48733603671563,98.86190577901546,0.08364225950833704,90.0,110.0,MHz,Double,Stable Non-Normal Distribution,Step Shift / Discontinuity
w1_x5_y-3,1060,Rst_V,3305.5358154593764,89.43130268509518,536.5878161105711,2.7055009438058906,1.1181767121532293,1.0975433123883875,3166.6582304236754,3452.173953475601,0.25291856935243606,3559.896905220081,3156.7642733468833,0.12195681861555432,3000.0,3600.0,mV,Double,Normal Distribution,Stable / Random Noise
w1_x5_y-3,1020,Standby_uA,7.084598906108118,1.1486465599258813,6.891879359555288,16.213289914486964,1.3058847275847763,0.8460395029549687,5.194603324371794,8.77895435127114,-1.0568139946311244,9.09825834995523,4.994668385368669,0.5792268580015977,1.0,10.0,uA,Double,Normal Distribution,Thermal / Upward-Downward Drift
w1_x5_y-3,1080,Temp_Sensor_C,36.00188005425139,3.361755069577001,20.170530417462007,9.337720875996359,1.487318349051864,1.3879773765027197,30.979223309184167,40.93047192563957,-1.1008851105716062,43.13674387885817,30.37128593223746,0.354577536711538,20.0,50.0,C,Double,Stable Non-Normal Distribution,Stable / Random Noise
w1_x5_y-3,1010,VCC_mA,15.224962996905493,0.6203488894483937,3.7220933366903624,4.074551048659238,1.0746640769510494,0.9537842512422577,14.341730651337175,16.14168949871184,-0.3378563722874417,16.296745203176716,13.554949681238336,0.1800855294358125,13.0,17.0,mA,Double,Normal Distribution,Stable / Random Noise
w1_x5_y-3,1040,VRef_Volts,1.2497308532175828,0.02134067029450435,0.12804402176702612,1.7076213041840347,0.7809814048323814,0.7767774321876157,1.220392231362512,1.2793027144199016,-1.4204084331192555,1.28119520247498,1.217779448079556,0.050743529482490085,1.2,1.3,V,Double,Stable Non-Normal Distribution,Cyclic / Oscillatory
w1_x5_y-4,2030,Clock_MHz,103.22282127666415,3.2831538809099254,19.698923285459554,3.180647302896532,1.0152839173074337,0.6880760562521016,98.6957615851762,107.19833590060519,-1.7320979664854879,108.06028899914405,98.10740579975989,0.09642134439154527,90.0,110.0,MHz,Double,Stable Non-Normal Distribution,Step Shift / Discontinuity
w1_x5_y-4,1060,Rst_V,3309.4799839327748,96.59041690420986,579.5425014252592,2.918598008543565,1.0352993930978833,1.002583987723952,3147.1685958962744,3441.7162999206985,-0.090122324662536,3555.5815215497023,3086.2319379787164,0.14181973779857732,3000.0,3600.0,mV,Normal,Normal Distribution,Cyclic / Oscillatory
w1_x5_y-4,1020,Standby_uA,7.032581152290653,1.1707133494660218,7.024280096796131,16.646993815132824,1.2812700911663562,0.8449033372296262,5.259606510744314,8.940420107864218,-1.1018283060765628,9.065213200984044,5.182854557801091,0.5520531593038767,1.0,10.0,uA,Double,Normal Distribution,Thermal / Upward-Downward Drift
w1_x5_y-4,1080,Temp_Sensor_C,34.71438482071146,3.3033462897156483,19.82007773829389,9.51578519042282,1.5136166667014495,1.4847958736591789,29.12557057705783,40.12826703871465,0.3385272596947395,41.86205425845978,25.955345335839556,0.4582166443326942,20.0,50.0,C,Normal,Normal Distribution,Stable / Random Noise
w1_x5_y-4,1010,VCC_mA,15.215156844761868,0.6517768951149336,3.910661370689602,4.283734316806083,1.022844890120119,0.9128088505005969,14.232862582072539,16.192738847309617,1.3655040342254567,17.426993592143067,14.005550504026871,0.22487070774390983,13.0,17.0,mA,Normal,Normal Distribution,Stable / Random Noise
w1_x5_y-4,1040,VRef_Volts,1.24983022709691,0.021057505586098417,0.1263450335165905,1.6848292775740052,0.7914834261124241,0.7887959773324486,1.2212629123217154,1.2791131825598105,-1.4629903430086653,1.2794412395734653,1.2164739239001225,0.05038069516017587,1.2,1.3,V,Flat,Stable Non-Normal Distribution,Cyclic / Oscillatory
w1_x5_y-5,2030,Clock_MHz,103.13304945905503,3.14073835861654,18.84443015169924,3.045326764882917,1.0613215596862482,0.7288042658404041,98.64626300421997,107.14518575307974,-1.6937821727916975,107.92681206211262,98.48867630642712,0.09151417324698169,90.0,110.0,MHz,Flat,Stable Non-Normal Distribution,Step Shift / Discontinuity
w1_x5_y-5,1060,Rst_V,3303.501468554885,118.68469472969001,712.10816837814,3.5926938691995973,0.8425686246045012,0.8327345327898835,3102.7007201684187,3468.243417639181,-0.3466925650491821,3544.0901212465246,3010.9303096197514,0.1613923337712345,3000.0,3600.0,mV,Normal,Normal Distribution,Stable / Random Noise
w1_x5_y-5,1020,Standby_uA,7.072803355656639,1.1560285505195271,6.936171303117163,16.344700854647208,1.2975458082984972,0.8440381635407012,5.325541178488776,8.744590148679407,-1.2492814569081472,8.903266128905575,5.078568648057629,0.5407611789162857,1.0,10.0,uA,Double,Normal Distribution,Thermal / Upward-Downward Drift
w1_x5_y-5,1080,Temp_Sensor_C,33.9917596282552,2.7477044537783377,16.486226722670025,8.083442822107816,1.819700802655306,1.6973877484064066,29.960857704809914,38.93310054797142,0.6727364282191566,39.807701644437714,25.738241655426584,0.41390796307338196,20.0,50.0,C,Normal,Normal Distribution,Stable / Random Noise
w1_x5_y-5,1010,VCC_mA,15.065735055718221,0.5857802280822334,3.5146813684934006,3.888162282927574,1.1380832515451138,1.1006772685689676,14.005092198075626,15.986191584250083,-0.29973140181729496,16.13590866437353,13.665119658374946,0.1640005613307791,13.0,17.0,mA,Double,Normal Distribution,Stable / Random Noise
w1_x5_y-5,1040,VRef_Volts,1.2495653131207507,0.021678242442302785,0.1300694546538167,1.7348626930241882,0.7688200144004044,0.762136094945122,1.2199000382342238,1.2791379902299314,-1.5075762411782803,1.2795302237182191,1.2170258231070403,0.050020915237376416,1.2,1.3,V,Flat,Stable Non-Normal Distribution,Cyclic / Oscillatory
w1_x5_y-6,2030,Clock_MHz,103.0319987205201,3.044910512445833,18.269463074675,2.95530568198072,1.094722921973764,0.762803072098917,99.22364960332851,106.51454545990042,-1.7101088879537751,108.5254174613349,98.75241844113906,0.09485401760190669,90.0,110.0,MHz,Flat,Stable Non-Normal Distribution,Step Shift / Discontinuity
w1_x5_y-6,1060,Rst_V,3305.3774478650794,102.6854235958107,616.1125415748643,3.1066171780815686,0.9738480545556198,0.9563919974160138,3150.4021290448454,3467.3575550125047,0.03330227430827204,3543.0278479356152,3032.713294793157,0.15438919191273212,3000.0,3600.0,mV,Double,Normal Distribution,Stable / Random Noise
w1_x5_y-6,1020,Standby_uA,7.048581318798062,1.2059113193474789,7.235467916084874,17.108567877785557,1.2438725600582745,0.8158197135089935,5.372977945312476,8.929358960750452,-1.2109553999770493,9.17309242231177,5.062311840842032,0.5832068036877975,1.0,10.0,uA,Double,Normal Distribution,Thermal / Upward-Downward Drift
w1_x5_y-6,1080,Temp_Sensor_C,34.267990516171196,3.1902722015389586,19.141633209233753,9.30977321250704,1.567264385022709,1.4907808921224595,28.399736412346982,38.41212022175088,0.26277115194669465,41.14729056605356,26.084160257324875,0.4395685326695868,20.0,50.0,C,Double,Normal Distribution,Stable / Random Noise
w1_x5_y-6,1010,VCC_mA,15.338491962625124,0.6085153021196318,3.651091812717791,3.9672433483186227,1.0955626988252836,0.9101431147731597,14.380687300656618,16.328048772755213,-0.6134377201612748,16.75853629510069,14.21314393963206,0.16594801898849748,13.0,17.0,mA,Double,Normal Distribution,Stable / Random Noise
w1_x5_y-6,1040,VRef_Volts,1.2504225827190014,0.021305224201496983,0.1278313452089819,1.7038419247970953,0.7822807452782224,0.7756691787909799,1.2205171407067652,1.280805954589039,-1.4329439094701877,1.2816063951419416,1.2197391475816322,0.04947707152391734,1.2,1.3,V,Double,Stable Non-Normal Distribution,Cyclic / Oscillatory
w1_x5_y0,2030,Clock_MHz,103.15165813829196,3.078417696171098,18.47050617702659,2.9843608447321,1.082807358299459,0.7415434960007677,99.17295709341789,106.93833831442456,-1.6823794981269484,107.02500075835019,97.56827197424546,0.09167791342167672,90.0,110.0,MHz,Flat,Stable Non-Normal Distribution,Step Shift / Discontinuity
w1_x5_y0,1060,Rst_V,3315.7826981883663,92.72149977125684,556.3289986275411,2.796368405623107,1.0784985170289432,1.0217597950593815,3154.901893651696,3454.251714456029,0.10625190803967266,3546.6524587335034,3088.88080036472,0.13805840129960706,3000.0,3600.0,mV,Double,Normal Distribution,Stable / Random Noise
w1_x5_y0,1020,Standby_uA,6.99018021387259,1.1549973989910072,6.929984393946043,16.523141945594183,1.298704223325856,0.8686368150429761,5.279067945763063,8.718735475745259,-1.082617245966175,8.845075300379559,4.639163165915425,0.6016886554823226,1.0,10.0,uA,Double,Normal Distribution,Thermal / Upward-Downward Drift
w1_x5_y0,1080,Temp_Sensor_C,34.77037951188637,3.1699812313197246,19.01988738791835,9.116901442608805,1.5772964049753704,1.553151100281349,30.211674441423057,40.40917476880257,0.17409271348462063,42.704892656034474,26.851005849369916,0.4559595560711339,20.0,50.0,C,Normal,Normal Distribution,Stable / Random Noise
w1_x5_y0,1010,VCC_mA,15.348839436884507,0.6564124922397866,3.9384749534387193,4.2766262227121485,1.0156215406441933,0.8384771174811454,14.355245016889524,16.360445276468795,0.00718264330017071,16.786429979062802,13.661725169449408,0.20357922320201455,13.0,17.0,mA,Normal,Normal Distribution,Stable / Random Noise
w1_x5_y0,1040,VRef_Volts,1.250200863764704,0.021677389024244407,0.13006433414546645,1.7339124977859746,0.7688502821085308,0.7657615988653703,1.220986451827019,1.279183681923876,-1.5105394978742086,1.2821381735628388,1.2190621475928205,0.05045271347843957,1.2,1.3,V,Double,Stable Non-Normal Distribution,Cyclic / Oscillatory
w1_x5_y1,2030,Clock_MHz,103.26659147082358,3.0599777699699913,18.359866619819947,2.9631826967335724,1.0893325324275225,0.7334920964956824,99.5423229021435,107.15003679365867,-1.6845464047184855,107.95220645239442,98.4772246066188,0.09175263471780831,90.0,110.0,MHz,Flat,Stable Non-Normal Distribution,Step Shift / Discontinuity
w1_x5_y1,1060,Rst_V,3284.463388491825,118.72782643681381,712.3669586208829,3.6148317820443663,0.8422625344128519,0.7986428484626402,3039.6268291475644,3424.5922032895505,0.0034808595418835964,3506.2008470544056,3003.2849062675064,0.1531196671422879,3000.0,3600.0,mV,Normal,Stable Non-Normal Distribution,Stable / Random Noise
w1_x5_y1,1020,Standby_uA,7.036416178894704,1.1960593799253316,7.17635627955199,16.998132991519714,1.2541183365776063,0.8259299582295287,5.200002512245355,8.831917345899898,-1.1089539700542623,9.074571966066458,4.952913249237439,0.5857610766673635,1.0,10.0,uA,Double,Normal Distribution,Thermal / Upward-Downward Drift
w1_x5_y1,1080,Temp_Sensor_C,34.457080377256176,3.202588143331628,19.215528859989767,9.294426887791502,1.5612372794206808,1.504728855770236,28.807100078871034,39.834228065220564,-0.2972483632387459,41.627206784885004,27.891269090533463,0.3986390473006563,20.0,50.0,C,Normal,Normal Distribution,Stable / Random Noise
w1_x5_y1,1010,VCC_mA,15.214199192525621,0.6676176940183383,4.0057061641100296,4.38812247407884,0.9985754910928927,0.8916284591589061,14.329840474958703,16.460206931809495,-0.6596330579567384,16.71847395332241,14.040455918310458,0.1760209657520192,13.0,17.0,mA,Double,Normal Distribution,Stable / Random Noise
w1_x5_y1,1040,VRef_Volts,1.2498540274476055,0.021775659788084115,0.1306539587285047,1.7422562403189887,0.7653805592511538,0.7631460681754141,1.218691694425423,1.2789555049362407,-1.4534249625977556,1.2806156894877154,1.217624129139192,0.05039913379097705,1.2,1.3,V,Double,Stable Non-Normal Distribution,Cyclic / Oscillatory
w1_x5_y2,2030,Clock_MHz,103.13835448634056,3.3188196285387974,19.912917771232785,3.217832633715652,1.0043731526322586,0.6891652536799124,98.73880502175263,107.21726748789828,-1.7039010574409856,107.858134444503,97.74326857051352,0.09807084788548828,90.0,110.0,MHz,Double,Stable Non-Normal Distribution,Step Shift / Discontinuity
w1_x5_y2,1060,Rst_V,3297.743697954572,91.29469945998842,547.7681967599306,2.7683988757711533,1.095353844105997,1.0871156803762505,3141.002436061974,3417.2082086328965,-0.1206308536080889,3443.256324410374,3039.905297312477,0.12231121155597252,3000.0,3600.0,mV,Double,Normal Distribution,Stable / Random Noise
w1_x5_y2,1020,Standby_uA,7.036944227160871,1.2023803117996885,7.214281870798131,17.086682414773115,1.247525417107706,0.8214416419832291,5.205745947322426,8.847026177590246,-0.9005031246557809,9.507416019208925,4.8545172576058775,0.6612101235141249,1.0,10.0,uA,Normal,Normal Distribution,Thermal / Upward-Downward Drift
w1_x5_y2,1080,Temp_Sensor_C,34.51145127030551,2.770024961201726,16.620149767210357,8.02639373089802,1.8050378859513376,1.7462479548692071,29.940252536135763,38.88399039871791,-0.26431040033976405,40.204364301210155,28.04763842022147,0.3522519463401595,20.0,50.0,C,Normal,Normal Distribution,Stable / Random Noise
w1_x5_y2,1010,VCC_mA,15.324377258744905,0.845127350667317,5.070764104003902,5.514921333491985,0.7888357490031096,0.6608955600723034,14.053890216492482,16.663624300232513,-0.5756005631079764,17.326152022358695,13.633532382058032,0.24096376498388916,13.0,17.0,mA,Double,Normal Distribution,Cyclic / Oscillatory
w1_x5_y2,1040,VRef_Volts,1.249638297059928,0.021495575648255657,0.12897345388953393,1.7201437967153475,0.775353353610661,0.769744401858748,1.2206527492509898,1.2790155156887413,-1.4866132582770701,1.2815987100877912,1.2197858312122352,0.049464616298160534,1.2,1.3,V,Flat,Stable Non-Normal Distribution,Cyclic / Oscillatory
w1_x5_y3,2030,Clock_MHz,103.09967477521239,3.075246285310254,18.451477711861525,2.982789511232887,1.0839240256157374,0.7479428295709603,99.1438229769893,107.25471949438396,-1.67732680956863,107.65050503777715,98.63265453492417,0.08746730309784725,90.0,110.0,MHz,Double,Stable Non-Normal Distribution,Step Shift / Discontinuity
w1_x5_y3,1060,Rst_V,3293.0725941852324,90.64675799983526,543.8805479990116,2.752649855332538,1.103183414460137,1.077709417126516,3153.717340434484,3429.0846971698425,1.1649794839682395,3599.122861185943,3133.8269269050943,0.14129537718131338,3000.0,3600.0,mV,Double,Normal Distribution,Stable / Random Noise
w1_x5_y3,1020,Standby_uA,7.076808471890603,1.1430854182104995,6.858512509262997,16.15255553051754,1.3122378923775009,0.8524272644137869,5.331454931208816,8.729201574769926,-1.1563967552064895,8.972728475151879,4.86864615976422,0.5799340665625269,1.0,10.0,uA,Double,Normal Distribution,Thermal / Upward-Downward Drift
w1_x5_y3,1080,Temp_Sensor_C,34.69597953191596,2.887190093118865,17.32314055871319,8.321396692268081,1.7317875992705378,1.6966876741670467,30.62090739498504,39.650787143727506,0.033238507674186124,40.20558356089036,26.635157126952706,0.3911238886181196,20.0,50.0,C,Normal,Normal Distribution,Stable / Random Noise
w1_x5_y3,1010,VCC_mA,15.383961835195025,0.7018347434084137,4.211008460450482,4.562119634246456,0.949891228566207,0.7675302388882379,13.821512530077781,16.2418326708105,0.5744757130890235,16.67962459438682,13.528935737857385,0.2048034758719546,13.0,17.0,mA,Normal,Stable Non-Normal Distribution,Stable / Random Noise
w1_x5_y3,1040,VRef_Volts,1.249336067549117,0.02153132330322501,0.12918793981935006,1.7234212524948591,0.774066063286055,0.7637875117151972,1.2195529236314502,1.2782120363952856,-1.4910782005178038,1.2813223137633158,1.2183353920056945,0.05041631582860313,1.2,1.3,V,Double,Stable Non-Normal Distribution,Cyclic / Oscillatory
w1_x5_y4,2030,Clock_MHz,103.06960160030019,3.0417753705637587,18.250652223382552,2.9511857262819765,1.095851247133853,0.7594685729445498,99.25688740640288,107.02742364196716,-1.729139206612199,107.45157464508215,98.59662016700462,0.08591237707909934,90.0,110.0,MHz,Flat,Stable Non-Normal Distribution,Step Shift / Discontinuity
w1_x5_y4,1060,Rst_V,3283.4604308814473,113.00344716973834,678.02068301843,3.4415961315362185,0.8849287566404384,0.8361409555222736,3114.9945255986163,3493.231258252568,-0.47523653511052677,3522.340867389657,3047.6084919370905,0.14458294395377386,3000.0,3600.0,mV,Normal,Normal Distribution,Stable / Random Noise
w1_x5_y4,1020,Standby_uA,7.040031948258478,1.2376920974664154,7.426152584798492,17.580773873797384,1.211933083414312,0.7971740461677682,5.2572642429410985,8.94543290884982,-1.1472904084596194,9.277934397839605,4.943407516133229,0.6156970470536892,1.0,10.0,uA,Double,Normal Distribution,Thermal / Upward-Downward Drift
w1_x5_y4,1080,Temp_Sensor_C,34.43465129075263,3.1137873633652093,18.682724180191258,9.04259879698974,1.6057615426238598,1.5452405282584292,29.878503729966102,39.126826551049426,-0.21734220150433936,42.361351682888895,27.07205480157498,0.44400905216716485,20.0,50.0,C,Normal,Normal Distribution,Stable / Random Noise
w1_x5_y4,1010,VCC_mA,15.181127471843432,0.5844083981361808,3.5064503888170853,3.849571774033833,1.140754768057453,1.0374437544916595,14.244615938551481,16.1515067078142,-0.4232410211956492,16.276807156204107,13.907523029574822,0.15606773153203654,13.0,17.0,mA,Normal,Normal Distribution,Stable / Random Noise
w1_x5_y4,1040,VRef_Volts,1.2499763905079957,0.021855319036562498,0.13113191421937498,1.7484585470994698,0.7625908658109477,0.7622307781519693,1.2189159926111834,1.2805729477236614,-1.4665443886772298,1.2823094427446102,1.2182077020311601,0.0512823611711569,1.2,1.3,V,Double,Stable Non-Normal Distribution,Cyclic / Oscillatory
w1_x5_y5,2030,Clock_MHz,103.08676281067248,3.081041315780397,18.486247894682382,2.98878462353017,1.081885308145903,0.7479329746861318,99.28472507226788,106.70299890084354,-1.7512315933580176,107.46062019680518,97.87957591525611,0.09294155738642665,90.0,110.0,MHz,Double,Stable Non-Normal Distribution,Step Shift / Discontinuity
w1_x5_y5,1060,Rst_V,3292.1694691937614,107.24794199850912,643.4876519910547,3.257667717353982,0.9324188244226648,0.9080810433261366,3150.2621906572303,3500.419974082181,0.9224590109107518,3592.1855263624193,3096.3930336259373,0.15059750033399694,3000.0,3600.0,mV,Double,Stable Non-Normal Distribution,Stable / Random Noise
w1_x5_y5,1020,Standby_uA,7.010319372042666,1.1998236054039628,7.198941632423777,17.115106198854367,1.250183771384438,0.8305889339321544,5.266447585532054,8.896130065160095,-1.2084222659431196,9.112225583252329,4.937587361020644,0.5954990066330286,1.0,10.0,uA,Double,Normal Distribution,Thermal / Upward-Downward Drift
w1_x5_y5,1080,Temp_Sensor_C,34.82638754406575,2.872779844882515,17.23667906929509,8.248859693666457,1.7404744776759877,1.7203299411053075,30.505695357742027,39.20378807213738,0.2093173040152867,41.30239218924987,26.871237278711654,0.4143741550075646,20.0,50.0,C,Normal,Normal Distribution,Stable / Random Noise
w1_x5_y5,1010,VCC_mA,15.237169401916697,0.7420946750814892,4.452568050488935,4.870292214432823,0.8983579710950765,0.7918264597392182,14.305572185954755,16.5331408091466,0.3640700723943229,16.7201664316898,13.15034311628584,0.2342838896937714,13.0,17.0,mA,Normal,Normal Distribution,Stable / Random Noise
w1_x5_y5,1040,VRef_Volts,1.25012086942849,0.02146252454757257,0.12877514728543543,1.7168359534214048,0.776547354889418,0.7746701381898,1.2211231634969495,1.2792539434904375,-1.5067931581796747,1.2815568630242469,1.2196947531507267,0.04948490292926736,1.2,1.3,V,Double,Stable Non-Normal Distribution,Cyclic / Oscillatory
w1_x5_y6,2030,Clock_MHz,103.0985259168531,3.0984129544565584,18.59047772673935,3.0052931668056693,1.07581958322853,0.7424740971793593,99.20236659661846,106.56276561263648,-1.7883187849264444,107.47613387315982,98.65385297041051,0.08557135831276876,90.0,110.0,MHz,Double,Stable Non-Normal Distribution,Step Shift / Discontinuity
w1_x5_y6,1060,Rst_V,3303.0435663404996,100.47367427625367,602.842045657522,3.04185131858767,0.9952855881934675,0.9851881958087675,3132.099140128086,3477.7970704422714,-0.6396112637270042,3489.1053616375516,3107.285315919377,0.11559643039804039,3000.0,3600.0,mV,Normal,Normal Distribution,Stable / Random Noise
w1_x5_y6,1020,Standby_uA,7.085294845458085,1.1897535462297681,7.138521277378609,16.791870658599912,1.2607653112305297,0.816613144735837,5.335504392089158,8.81628985049358,-1.130586991808666,9.191525921037655,4.854141689557217,0.6121670764711858,1.0,10.0,uA,Double,Normal Distribution,Thermal / Upward-Downward Drift
w1_x5_y6,1080,Temp_Sensor_C,34.99047797882734,3.081925377214887,18.49155226328932,8.807897334468402,1.622362448151961,1.6213325701798926,30.571305518943646,40.36779278840551,0.1778250441328706,43.62736759269721,28.583553469769612,0.4299402292255218,20.0,50.0,C,Double,Normal Distribution,Stable / Random Noise
w1_x5_y6,1010,VCC_mA,15.282265670401811,0.7757018346416156,4.654211007849693,5.075830059308348,0.8594367537814003,0.7381420080443687,14.071992411910257,16.529247613943507,-0.13167524946779574,16.980122857308046,13.422401852985288,0.23280062531652193,13.0,17.0,mA,Double,Normal Distribution,Stable / Random Noise
w1_x5_y6,1040,VRef_Volts,1.2499944498238695,0.021642060362105517,0.1298523621726331,1.7313725165063725,0.7701053590927703,0.7700198746851308,1.2207446939914177,1.2798155955025443,-1.5204148173727159,1.281224587179423,1.2193127005225688,0.04952972924446017,1.2,1.3,V,Flat,Stable Non-Normal Distribution,Cyclic / Oscillatory
w1_x6_y-1,2030,Clock_MHz,103.08232456915141,3.111371545645709,18.668229273874253,3.0183366145943737,1.0713388884713093,0.7411174706890614,99.36033892197764,107.18017705101757,-1.7631370767166905,107.51281210213124,98.94046562856667,0.08316019753526144,90.0,110.0,MHz,Double,Stable Non-Normal Distribution,Step Shift / Discontinuity
w1_x6_y-1,1060,Rst_V,3307.9140286502948,94.04784831150808,564.2870898690485,2.8431164624275853,1.0632885472167,1.0352388937960224,3172.504551474888,3483.004299246582,0.6790855480962263,3523.4887359610525,3031.80127156922,0.148639734930612,3000.0,3600.0,mV,Normal,Normal Distribution,Stable / Random Noise
w1_x6_y-1,1020,Standby_uA,7.027584114271634,1.1736489902597826,7.041893941558696,16.70060395116913,1.2780652583938072,0.8442092171216181,5.308167359931554,8.88830682801014,-1.2039482199375824,9.020748761917602,5.215831324240321,0.541426096907221,1.0,10.0,uA,Double,Normal Distribution,Thermal / Upward-Downward Drift
w1_x6_y-1,1080,Temp_Sensor_C,34.4275339254263,3.1177560789319667,18.7065364735918,9.055995952789873,1.603717504966849,1.5425125806472826,29.02887994982951,39.21554378265874,-0.6968002472715455,40.54637585120146,28.76319825804394,0.34226028558075455,20.0,50.0,C,Double,Normal Distribution,Stable / Random Noise
w1_x6_y-1,1010,VCC_mA,15.21490161044486,0.7713997183313113,4.628398309987867,5.070027648432205,0.8642298549302005,0.7713676611206866,13.908819460554929,16.35791991894682,-0.2771236352282598,16.609406543602635,13.347128080401802,0.21441337885230324,13.0,17.0,mA,Double,Normal Distribution,Stable / Random Noise
w1_x6_y-1,1040,VRef_Volts,1.2500920836247031,0.021465503353925983,0.1287930201235559,1.7171137738658182,0.7764395920218844,0.7750096445819563,1.2204977055411574,1.2799469456777541,-1.4690911359063377,1.282901037100093,1.2195054546807582,0.05071273008586396,1.2,1.3,V,Double,Stable Non-Normal Distribution,Cyclic / Oscillatory
w1_x6_y-2,2030,Clock_MHz,103.13628404589552,3.203160719770872,19.218964318625233,3.1057554083929078,1.0406388017806902,0.714264914624229,98.96006545197214,107.01253993116352,-1.715142675018408,107.4787820118377,97.28139313583875,0.09887295213642866,90.0,110.0,MHz,Double,Stable Non-Normal Distribution,Step Shift / Discontinuity
w1_x6_y-2,1060,Rst_V,3304.4288302682066,99.49705369550324,596.9823221730194,3.0110212325991443,1.00505488640936,0.9902174947355642,3142.3440958972537,3476.926580860687,-0.17335958405948082,3544.2136918883984,3087.734869502461,0.13814152031499097,3000.0,3600.0,mV,Normal,Normal Distribution,Stable / Random Noise
w1_x6_y-2,1020,Standby_uA,7.044240618598853,1.16968649258169,7.018118955490141,16.604862836362745,1.2823949062532591,0.8423223944042477,5.250162453273169,8.816798723102105,-1.0573511000814273,9.096350386902376,4.937156781284374,0.5904388891311457,1.0,10.0,uA,Double,Normal Distribution,Thermal / Upward-Downward Drift
w1_x6_y-2,1080,Temp_Sensor_C,35.553599741070606,3.0781544370702774,18.468926622421662,8.657785595517273,1.6243499480678738,1.5644006340239787,30.455492458252525,40.51143833033914,-0.7291124281549948,41.320684491624604,29.405117567609825,0.33514375508509264,20.0,50.0,C,Normal,Normal Distribution,Stable / Random Noise
w1_x6_y-2,1010,VCC_mA,15.194200674647503,0.7643954540720855,4.586372724432513,5.030836899156718,0.8721489160030998,0.7874629620626548,14.094905185461695,16.779118358385595,0.39482289656388225,17.265267699465277,13.768919301308268,0.23011071612282247,13.0,17.0,mA,Double,Stable Non-Normal Distribution,Stable / Random Noise
w1_x6_y-2,1040,VRef_Volts,1.2495963085512538,0.02165041843910019,0.12990251063460115,1.7325930215175704,0.7698080623036384,0.7635927636650813,1.2194553480870762,1.2790775107437673,-1.467655517199966,1.2818042406592782,1.2167566982898297,0.05205484517224831,1.2,1.3,V,Double,Stable Non-Normal Distribution,Cyclic / Oscillatory
w1_x6_y-3,2030,Clock_MHz,103.23221155106798,3.1133900728608763,18.680340437165256,3.0159094977062586,1.070644299405231,0.724589412242964,99.18478298779213,106.9161929532938,-1.7060587593751053,108.02781583835171,98.65426528294911,0.09080063688033649,90.0,110.0,MHz,Flat,Stable Non-Normal Distribution,Step Shift / Discontinuity
w1_x6_y-3,1060,Rst_V,3325.864879465213,94.5870173650424,567.5221041902544,2.8439825667316843,1.0572275433325815,0.9660773334139129,3190.07431573204,3482.605862813246,-0.3697651800085473,3539.3009160140405,3124.617456556849,0.12468439773893372,3000.0,3600.0,mV,Normal,Normal Distribution,Stable / Random Noise
w1_x6_y-3,1020,Standby_uA,7.081408423043531,1.1327240109033077,6.796344065419846,15.995744677249842,1.324241373504392,0.8588710485704855,5.435570498385419,8.79362380208364,-1.1912862077486381,9.151356066844272,5.297889858610975,0.5441666372036638,1.0,10.0,uA,Double,Normal Distribution,Thermal / Upward-Downward Drift
w1_x6_y-3,1080,Temp_Sensor_C,34.41314520838875,2.801067463911833,16.806404783471,8.13952763384449,1.7850337645981742,1.7151967234020202,30.087372548797997,38.65712859599322,0.002509458268480369,40.63915429910898,26.86551246336804,0.40024362063783103,20.0,50.0,C,Double,Normal Distribution,Stable / Random Noise
w1_x6_y-3,1010,VCC_mA,15.201943925077453,0.6583423027864828,3.9500538167188965,4.330645515015137,1.0126444310884328,0.9103957355275217,14.318521491463994,16.292577623307935,0.5496764861197261,17.187630351846725,13.684238709546792,0.23045681917828043,13.0,17.0,mA,Normal,Normal Distribution,Stable / Random Noise
w1_x6_y-3,1040,VRef_Volts,1.2497938691869828,0.021568906498709017,0.1294134389922541,1.7257971118661386,0.772717275568154,0.7695316587632474,1.2207663156570052,1.2788779607427245,-1.4929542334170949,1.2824102791800462,1.2201808091775188,0.04979178689923404,1.2,1.3,V,Double,Stable Non-Normal Distribution,Cyclic / Oscillatory
w1_x6_y-4,2030,Clock_MHz,103.18410879087034,2.9001989477265027,17.401193686359015,2.810703103134337,1.149346439128381,0.783382029069961,99.51337293986491,106.74938354620619,-1.7724636057927583,107.26407778504884,99.02833654390562,0.07981598462836081,90.0,110.0,MHz,Double,Stable Non-Normal Distribution,Step Shift / Discontinuity
w1_x6_y-4,1060,Rst_V,3296.3456758503294,79.1875469056462,475.1252814338772,2.402282851758831,1.2628248242006073,1.2474422533610077,3177.4299687508105,3449.5440823551526,-0.05107610529520734,3503.8422560391655,3167.4072898753516,0.1020630113609146,3000.0,3600.0,mV,Double,Normal Distribution,Stable / Random Noise
w1_x6_y-4,1020,Standby_uA,7.017424436939459,1.1233718365351566,6.74023101921094,16.00832109601023,1.3352658053334208,0.885006924706181,5.211173406277684,8.75813241778609,-1.1755011004433131,8.882608208391767,5.156168408155982,0.5310267084059995,1.0,10.0,uA,Double,Normal Distribution,Thermal / Upward-Downward Drift
w1_x6_y-4,1080,Temp_Sensor_C,34.931586000085645,2.7149535762258155,16.289721457354894,7.772202430829105,1.8416521165532174,1.833252464036941,31.132664848499555,39.7763603427661,-0.08958617943090319,42.31033988925597,29.851618351655027,0.3566606319441207,20.0,50.0,C,Normal,Normal Distribution,Stable / Random Noise
w1_x6_y-4,1010,VCC_mA,15.32525867262542,0.7395383715976015,4.437230229585609,4.825617546792825,0.9014632536598306,0.7548588830068361,14.112366561998606,16.45100622990744,-0.018617045722701953,17.14333748430594,13.550586401663505,0.23443330774311474,13.0,17.0,mA,Double,Normal Distribution,Stable / Random Noise
w1_x6_y-4,1040,VRef_Volts,1.2502220340530799,0.02182145506198946,0.13092873037193675,1.7454063732380996,0.7637743046612028,0.7603826265711592,1.2197788358594879,1.2794801442757733,-1.4678332509951888,1.2833906626623182,1.2187881956966775,0.051672795076412696,1.2,1.3,V,Double,Stable Non-Normal Distribution,Cyclic / Oscillatory
w1_x6_y-5,2030,Clock_MHz,103.24954272099507,3.271772311848978,19.63063387109387,3.1688007768616355,1.0188158024509857,0.6877472549620509,99.06526810908692,107.51326575681904,-1.7239531731190842,107.91707317196914,98.70394633642607,0.08923164783827793,90.0,110.0,MHz,Double,Stable Non-Normal Distribution,Step Shift / Discontinuity
w1_x6_y-5,1060,Rst_V,3320.485806839046,98.01201009388733,588.0720605633239,2.951737058836893,1.020283125549699,0.950612048779202,3169.748770390948,3492.0025264055666,0.11980372739059408,3581.2723318796634,3116.555544104652,0.13995445691044855,3000.0,3600.0,mV,Double,Normal Distribution,Stable / Random Noise
w1_x6_y-5,1020,Standby_uA,7.058447878522759,1.161460495957626,6.968762975745756,16.45489937655677,1.2914774159092235,0.8442106961350493,5.352554878538209,8.687049489996632,-1.2731464447490357,8.901208871169102,4.952084605870075,0.5594890453629767,1.0,10.0,uA,Double,Stable Non-Normal Distribution,Thermal / Upward-Downward Drift
w1_x6_y-5,1080,Temp_Sensor_C,34.48928955502041,2.7782592165075215,16.66955529904513,8.055426053573509,1.799688081764153,1.7384134483600044,30.127522680351177,38.06700571476054,-0.6318637715869877,40.958003221969435,28.76386619809937,0.35356300988505085,20.0,50.0,C,Double,Normal Distribution,Stable / Random Noise
w1_x6_y-5,1010,VCC_mA,15.143380692879056,0.6829959082748275,4.097975449648965,4.510194401940882,0.976091743141761,0.9061153879191653,14.122822727113846,16.208045395209837,-0.4808755861493501,16.596144400227665,13.591880066605967,0.1983879554077649,13.0,17.0,mA,Normal,Normal Distribution,Stable / Random Noise
w1_x6_y-5,1040,VRef_Volts,1.250529713360501,0.021907818724223812,0.13144691234534286,1.7518831012300993,0.7607634003397195,0.7527036695929187,1.2218157924467967,1.280495793674,-1.484542554328708,1.2840054409507777,1.2176119720031107,0.053092276207696354,1.2,1.3,V,Double,Stable Non-Normal Distribution,Cyclic / Oscillatory
w1_x6_y0,2030,Clock_MHz,103.05966358775876,3.018772168903082,18.112633013418492,2.9291500319448414,1.1042016908962533,0.766353120178561,99.31869287525603,106.77837795632891,-1.8056483078655412,107.69513072810544,98.82834250061416,0.08603548584205223,90.0,110.0,MHz,Double,Stable Non-Normal Distribution,Step Shift / Discontinuity
w1_x6_y0,1060,Rst_V,3281.9762083743176,89.96285894647991,539.7771536788795,2.741118558901492,1.1115698319402156,1.044787488512598,3150.7383087305493,3437.201528000195,-0.19548406540963192,3487.6805453106817,3069.846594742452,0.1273116939428388,3000.0,3600.0,mV,Double,Normal Distribution,Stable / Random Noise
w1_x6_y0,1020,Standby_uA,7.045801329850222,1.216821228002735,7.30092736801641,17.27016092332257,1.2327201116157949,0.8092666920893927,5.055372060628276,8.75136575265118,-1.0653815615751652,9.091902388437648,4.724372087627646,0.6198770155931781,1.0,10.0,uA,Double,Normal Distribution,Thermal / Upward-Downward Drift
w1_x6_y0,1080,Temp_Sensor_C,34.35088235655052,3.376023593830382,20.256141562982293,9.82805495005456,1.481032303547109,1.4169413569637053,28.41508839034723,39.67692085432737,-0.080006314862338,41.47154053558799,26.346949850254582,0.44029700688166556,20.0,50.0,C,Normal,Normal Distribution,Stable / Random Noise
w1_x6_y0,1010,VCC_mA,15.336854263663003,0.5483648152426731,3.2901888914560384,3.575471252549436,1.215735671099978,1.010972798951363,14.530991198014469,16.285336374122075,-0.39781692384037814,16.58091319926475,14.135605875456047,0.15943995305492803,13.0,17.0,mA,Normal,Normal Distribution,Stable / Random Noise
w1_x6_y0,1040,VRef_Volts,1.249849670914468,0.021484836431264673,0.12890901858758805,1.7189936462954802,0.7757409147603932,0.773408586313879,1.220415797047717,1.2796658092783357,-1.4927850670004614,1.2813503172464773,1.2195531029153335,0.04944371772801214,1.2,1.3,V,Double,Stable Non-Normal Distribution,Cyclic / Oscillatory
w1_x6_y1,2030,Clock_MHz,103.20098327089089,3.073886613969712,18.44331968381827,2.9785439213317453,1.0844034774036653,0.7372877383971616,99.30512923811787,107.06810067657912,-1.7282693459381158,107.4849068415803,98.38981993893931,0.08812984735588626,90.0,110.0,MHz,Flat,Stable Non-Normal Distribution,Step Shift / Discontinuity
w1_x6_y1,1060,Rst_V,3288.345342456868,95.81748235166074,574.9048941099645,2.91385096068016,1.043650882340959,1.0031062369133872,3141.3991703140864,3443.653322139305,-0.09627062485134852,3482.679943635565,3037.6782342583924,0.13532693894148362,3000.0,3600.0,mV,Normal,Normal Distribution,Stable / Random Noise
w1_x6_y1,1020,Standby_uA,6.987836493537133,1.1775756238715123,7.065453743229074,16.85179132283105,1.2738035414391935,0.8526454537613999,5.148132154719901,8.803610229414769,-1.067154693195026,9.09874646051005,4.960388560935268,0.5922230583675278,1.0,10.0,uA,Double,Normal Distribution,Thermal / Upward-Downward Drift
w1_x6_y1,1080,Temp_Sensor_C,35.10881941096837,2.8742732557761204,17.24563953465672,8.186755647152767,1.7395701643718229,1.7269502309968163,30.07131248026829,39.07782514468589,-0.6241853577808065,40.85204148389859,29.31180508217181,0.32869907320556285,20.0,50.0,C,Double,Normal Distribution,Stable / Random Noise
w1_x6_y1,1010,VCC_mA,15.187302519122873,0.6572248118583832,3.9433488711502993,4.327462437986259,1.0143662482577087,0.9193695714517653,13.984234288409075,16.199958290850716,-0.4322764178537364,16.383689159449062,13.745858353630766,0.1736865913151404,13.0,17.0,mA,Normal,Normal Distribution,Stable / Random Noise
w1_x6_y1,1040,VRef_Volts,1.2499110999772451,0.021692516608787096,0.13015509965272257,1.7355247592554393,0.768314113444792,0.7669480506014296,1.2192103966499352,1.2796218570418416,-1.4617907898638163,1.2849110997970343,1.2186686503194775,0.05299772878148119,1.2,1.3,V,Double,Stable Non-Normal Distribution,Cyclic / Oscillatory
w1_x6_y2,2030,Clock_MHz,103.0933421024124,3.1790835619733864,19.07450137184032,3.0836943464450894,1.0485202003511345,0.7241770322535303,99.26056555461506,107.09426422344647,-1.7885281448427324,107.76052934248744,98.74390348954921,0.08746079687649629,90.0,110.0,MHz,Double,Stable Non-Normal Distribution,Step Shift / Discontinuity
w1_x6_y2,1060,Rst_V,3304.8094915089277,114.17386030667282,685.0431618400369,3.454778879085787,0.8758572210083675,0.8618157947834582,3102.7461079449736,3478.0437034486313,-0.622058521642165,3541.780863280247,3079.454399537235,0.13989504234082809,3000.0,3600.0,mV,Double,Normal Distribution,Stable / Random Noise
w1_x6_y2,1020,Standby_uA,7.026812732357957,1.1566591502217614,6.939954901330568,16.460651425865255,1.2968383985138676,0.8568318699223842,5.21751244064293,8.755108056179624,-1.0029611860837773,9.003711224083885,4.741812564677932,0.6065194593532032,1.0,10.0,uA,Double,Normal Distribution,Thermal / Upward-Downward Drift
w1_x6_y2,1080,Temp_Sensor_C,34.91002707972167,2.8112566118394215,16.86753967103653,8.052862879251123,1.7785640695135516,1.7678958959644688,30.59111433971066,39.99697430311517,-0.7800674981245912,40.38233169090263,29.797005192193975,0.3032173671631838,20.0,50.0,C,Double,Normal Distribution,Stable / Random Noise
w1_x6_y2,1010,VCC_mA,15.239062831875119,0.7152642796626874,4.291585677976125,4.6936237979581605,0.9320564239291539,0.8206463998432041,14.121729752928314,16.458940526353274,0.04700449684403418,17.154753225784525,13.625510614356335,0.23159184067711647,13.0,17.0,mA,Normal,Normal Distribution,Stable / Random Noise
w1_x6_y2,1040,VRef_Volts,1.2498225239788707,0.021705654798822607,0.13023392879293563,1.7366989618431263,0.767849061506808,0.7651235655815265,1.220646455672947,1.2805113938713373,-1.4929151406786692,1.2821299082167834,1.2187033448309759,0.05074845601588776,1.2,1.3,V,Double,Stable Non-Normal Distribution,Cyclic / Oscillatory
w1_x6_y3,2030,Clock_MHz,103.13573533388595,3.268068702120044,19.608412212720264,3.1687064542083094,1.019970397553439,0.7001346760408377,99.04417274591968,107.35877537493694,-1.8089246931992011,107.70377537731004,98.53854081018301,0.08886575091995033,90.0,110.0,MHz,Double,Stable Non-Normal Distribution,Step Shift / Discontinuity
w1_x6_y3,1060,Rst_V,3289.6829785085465,106.4252487365535,638.551492419321,3.2351217254619415,0.9396266505097992,0.9073128226856256,3116.2487419380736,3455.730036107009,-0.09692638939112896,3532.7087284871436,3039.035119962358,0.1500672288940754,3000.0,3600.0,mV,Normal,Normal Distribution,Stable / Random Noise
w1_x6_y3,1020,Standby_uA,7.061487259937305,1.1889415381590307,7.133649228954184,16.836984821942263,1.2616263725823016,0.8238455931182617,5.209250837286929,8.848833184705036,-1.1261384722139993,9.251323298701044,5.061917237631638,0.5932753125304939,1.0,10.0,uA,Double,Normal Distribution,Thermal / Upward-Downward Drift
w1_x6_y3,1080,Temp_Sensor_C,35.61441381311552,3.3447601860887364,20.06856111653242,9.391591291211931,1.4948754833890951,1.433644006996962,30.215477739331405,40.47435608633853,-0.7415049093158332,42.728037749927715,28.548790838209683,0.39813225583671746,20.0,50.0,C,Double,Normal Distribution,Stable / Random Noise
w1_x6_y3,1010,VCC_mA,15.297762946750069,0.5883000042630759,3.5298000255784556,3.84566035119571,1.1332086721667722,0.9644948954132166,14.486840781146217,16.250836962398058,0.19245918727272437,16.71599965718543,13.784450714910196,0.19163252512669032,13.0,17.0,mA,Double,Normal Distribution,Stable / Random Noise
w1_x6_y3,1040,VRef_Volts,1.2494518286822915,0.021637247819101767,0.1298234869146106,1.7317392573606494,0.7702766454406941,0.7618317741660685,1.2200168334414867,1.2781102496399481,-1.5330420527892077,1.2796377292908898,1.2169708893061963,0.05015546701851143,1.2,1.3,V,Double,Stable Non-Normal Distribution,Cyclic / Oscillatory
w1_x6_y4,2030,Clock_MHz,103.13658499975048,3.170270714698196,19.021624288189177,3.0738565899829493,1.0514349193837411,0.7216434197484511,98.92129395366088,106.91069162643187,-1.7672319670558778,107.42313192802119,98.40538956394437,0.08743495205022195,90.0,110.0,MHz,Double,Stable Non-Normal Distribution,Step Shift / Discontinuity
w1_x6_y4,1060,Rst_V,3302.8894910125564,110.82152833336326,664.9291700001795,3.35529022799334,0.902351749735747,0.8936606254989938,3127.8550613596462,3487.1404308282445,-0.16633387918736586,3600.069193094115,3087.974627835056,0.15504441388442208,3000.0,3600.0,mV,Double,Normal Distribution,Stable / Random Noise
w1_x6_y4,1020,Standby_uA,7.059877077731544,1.1778565568104438,7.067139340862663,16.68381111798208,1.273499723991773,0.8320546066690585,5.24628926585268,8.82098057713991,-1.0965541903889189,9.265399224046707,4.874572294352157,0.6219409886815473,1.0,10.0,uA,Double,Normal Distribution,Thermal / Upward-Downward Drift
w1_x6_y4,1080,Temp_Sensor_C,35.51441925095176,3.0738747115798613,18.443248269479167,8.655286434107982,1.6266115145044997,1.570827496045772,29.95201517134684,39.66983793866382,0.5407732531615008,43.32629204236149,28.139894035914107,0.4276121734988077,20.0,50.0,C,Normal,Normal Distribution,Stable / Random Noise
w1_x6_y4,1010,VCC_mA,15.06880142993103,0.7037149146491979,4.222289487895187,4.670012528344922,0.9473533284412484,0.9147636966179091,13.885525399734306,16.117174479860815,-0.46223983663266965,16.586544944905118,13.52577488816178,0.2031196755080836,13.0,17.0,mA,Normal,Normal Distribution,Stable / Random Noise
w1_x6_y4,1040,VRef_Volts,1.2500094791182041,0.021799605157401123,0.13079763094440675,1.7439551876661967,0.7645398412644289,0.7643948979938864,1.2209440175239956,1.280051937745673,-1.479249699753393,1.2817820735478245,1.218395517568428,0.05070886024329298,1.2,1.3,V,Double,Stable Non-Normal Distribution,Cyclic / Oscillatory
w1_x6_y5,2030,Clock_MHz,103.05047421476291,3.2745524621316116,19.64731477278967,3.177619983880193,1.0179508106471007,0.707427540669502,98.98086146565767,106.92808679308804,-1.8231688946793794,107.32798390915067,98.35848994716348,0.0870398125805251,90.0,110.0,MHz,Flat,Stable Non-Normal Distribution,Step Shift / Discontinuity
w1_x6_y5,1060,Rst_V,3310.26172642053,98.5569904902055,591.3419429412329,2.977317162071582,1.0146413714807772,0.97993479758382,3173.6950124505515,3483.5533990682693,0.10973736310965831,3527.486477249181,3037.5938702141566,0.14799210682496627,3000.0,3600.0,mV,Normal,Normal Distribution,Stable / Random Noise
w1_x6_y5,1020,Standby_uA,7.054348352010753,1.1417895888819678,6.850737533291807,16.18561392076017,1.3137271653254339,0.859951686566468,5.3419328280751195,8.800979928142157,-1.1515275398199603,9.074782653907567,5.030588529311206,0.5732909579725552,1.0,10.0,uA,Double,Normal Distribution,Thermal / Upward-Downward Drift
w1_x6_y5,1080,Temp_Sensor_C,35.524722104745685,3.2348080838941353,19.408848503364812,9.105794196943211,1.5456867518337862,1.4916163514538032,29.665180388126426,41.142599882886536,0.9524354685876095,41.98200788282936,25.716909386340333,0.45785294107385005,20.0,50.0,C,Double,Stable Non-Normal Distribution,Stable / Random Noise
w1_x6_y5,1010,VCC_mA,15.27237432016982,0.7039958077357632,4.223974846414579,4.609602888046128,0.9469753361328145,0.8180094544344332,14.083886137021771,16.395968651473538,-0.24035809095637362,16.96143134163756,13.660215606854763,0.21615602561698405,13.0,17.0,mA,Normal,Normal Distribution,Stable / Random Noise
w1_x6_y5,1040,VRef_Volts,1.250095451254336,0.021345683279935922,0.12807409967961553,1.707524274127854,0.7807979931161385,0.779307430159618,1.220464823886939,1.2796428577189558,-1.4753583763354392,1.2812257285666362,1.219877215878076,0.04907506272981284,1.2,1.3,V,Double,Stable Non-Normal Distribution,Cyclic / Oscillatory
w1_x7_y-1,2030,Clock_MHz,103.36105382978663,3.123171792858788,18.73903075715273,3.0216137289021634,1.067291059990707,0.7085687895228276,99.219592275283,107.28126795010814,-1.6939553321644536,107.81935780234329,98.13279520599924,0.0937157878855969,90.0,110.0,MHz,Flat,Stable Non-Normal Distribution,Step Shift / Discontinuity
w1_x7_y-1,1060,Rst_V,3326.0897118723938,113.76160045638684,682.569602738321,3.4202805790330206,0.8790312337275646,0.8025856616782747,3162.543930916524,3501.350904249182,-0.4574039883277954,3587.415278731305,3056.9157087621375,0.1594964706079823,3000.0,3600.0,mV,Normal,Normal Distribution,Stable / Random Noise
w1_x7_y-1,1020,Standby_uA,7.103296767074709,1.196951392983562,7.181708357901372,16.850646006114882,1.2531837205695118,0.8066891855162331,5.182236316195498,8.749643193726746,-1.055440278593558,9.312210776263738,5.033423155598725,0.6023664449017678,1.0,10.0,uA,Double,Normal Distribution,Thermal / Upward-Downward Drift
w1_x7_y-1,1080,Temp_Sensor_C,35.54186556561685,3.3177865335856622,19.906719201513972,9.334868839285926,1.507028842689377,1.452588373606391,30.230859881340955,40.73986475707996,-0.9991616320155701,41.34373978245497,29.263871418383573,0.33987716097146686,20.0,50.0,C,Double,Normal Distribution,Stable / Random Noise
w1_x7_y-1,1010,VCC_mA,15.161503840371246,0.6493907380377837,3.896344428226702,4.283155186153899,1.026603287692529,0.9437031009424838,14.21949882706131,16.338089839248912,-0.5607843762750244,16.589857558373613,13.87654666685983,0.17896053848490423,13.0,17.0,mA,Double,Normal Distribution,Stable / Random Noise
w1_x7_y-1,1040,VRef_Volts,1.2499162722614652,0.021314441190250114,0.1278866471415007,1.7052695179082706,0.7819424641679337,0.7806330586841512,1.2210279512748545,1.2796030505145264,-1.508599905587108,1.2822224925255363,1.219663994482908,0.050050150902861426,1.2,1.3,V,Double,Stable Non-Normal Distribution,Cyclic / Oscillatory
w1_x7_y-2,2030,Clock_MHz,103.06317798592364,3.1220484600119933,18.73229076007196,3.0292569286369204,1.0676750780865611,0.7406271985551549,98.89272338994783,107.03409957865689,-1.6953523522417577,107.68227788231738,98.17361069964679,0.09226056646505976,90.0,110.0,MHz,Double,Stable Non-Normal Distribution,Step Shift / Discontinuity
w1_x7_y-2,1060,Rst_V,3273.2326180848427,88.16448890038501,528.9869334023101,2.693499032524299,1.1342435173983445,1.0330410860150347,3150.861660576606,3399.4836406144314,0.22171000450491007,3536.5864133609534,3104.676699760938,0.1319520376320594,3000.0,3600.0,mV,Double,Normal Distribution,Stable / Random Noise
w1_x7_y-2,1020,Standby_uA,7.0580931925026364,1.2143015922411118,7.28580955344667,17.204385931472075,1.2352779651977595,0.8075717011037289,5.137321651379928,8.836655301147568,-1.172488246974511,9.258591035874272,5.062269871502903,0.5945403453766881,1.0,10.0,uA,Double,Normal Distribution,Thermal / Upward-Downward Drift
w1_x7_y-2,1080,Temp_Sensor_C,35.398237154242324,2.588771740511487,15.532630443068923,7.3132787071608005,1.9314178696234163,1.8801403792199762,31.59016989696619,39.35071073933385,1.3519622218070309,43.41491631235124,29.400217090913767,0.3959151739780316,20.0,50.0,C,Normal,Normal Distribution,Stable / Random Noise
w1_x7_y-2,1010,VCC_mA,15.118970476488135,0.7488972863999677,4.493383718399806,4.953361656235756,0.8901977330848764,0.8372441088479936,14.067469012209767,16.268195434750577,0.5058699947855803,17.423992387257876,13.797053241654831,0.2398932619944845,13.0,17.0,mA,Double,Normal Distribution,Stable / Random Noise
w1_x7_y-2,1040,VRef_Volts,1.2501643294443288,0.021444735794520723,0.12866841476712434,1.7153533571104569,0.7771915134027965,0.7746372044121063,1.2213849288328487,1.2798283814373534,-1.4694610764417448,1.2818742321385272,1.218457048793877,0.05072707791369936,1.2,1.3,V,Double,Stable Non-Normal Distribution,Cyclic / Oscillatory
w1_x7_y-3,2030,Clock_MHz,102.97795014015077,3.294266904175298,19.765601425051788,3.1990022132814566,1.0118589143789536,0.7105323747901928,98.7425570032633,106.94512636033575,-1.6836998817642395,107.89584442795199,97.40287088834805,0.10189534288964994,90.0,110.0,MHz,Double,Stable Non-Normal Distribution,Step Shift / Discontinuity
w1_x7_y-3,1060,Rst_V,3302.9760342030877,113.1440078164949,678.8640468989695,3.4255170683911205,0.8838293952092203,0.8750617068430971,3122.2762689441447,3495.7997467832256,-0.4618134206118807,3529.15745907781,3049.9636607332177,0.14507940517352494,3000.0,3600.0,mV,Double,Normal Distribution,Stable / Random Noise
w1_x7_y-3,1020,Standby_uA,7.036487926096946,1.2252458442588656,7.351475065553194,17.41274705687578,1.2242441033597868,0.8062360403802993,5.248275539827638,9.00777287485592,-1.1391117994760964,9.239501342553364,4.818934318616585,0.6282348623866415,1.0,10.0,uA,Double,Normal Distribution,Thermal / Upward-Downward Drift
w1_x7_y-3,1080,Temp_Sensor_C,34.37355048787247,2.8251343158216424,16.950805894929854,8.218919127421517,1.7698273572333976,1.6959135249341433,30.002926963236682,38.97447733198759,-0.8311755233525728,40.29252683133994,29.563771873362725,0.3121223966014942,20.0,50.0,C,Double,Normal Distribution,Stable / Random Noise
w1_x7_y-3,1010,VCC_mA,15.277600920017917,0.9043619797333624,5.426171878400174,5.919528756300972,0.7371679500096006,0.6348486994444069,13.669042622262587,16.473377103047085,-0.8334982505499684,16.76892364181831,13.42566828398209,0.21883379303720554,13.0,17.0,mA,Double,Normal Distribution,Stable / Random Noise
w1_x7_y-3,1040,VRef_Volts,1.250143926183893,0.021459392071970187,0.12875635243182112,1.7165537201365058,0.7766607092489044,0.7744250730076692,1.2212299070242607,1.2803226109419938,-1.4738704318985314,1.2828968711850919,1.2191770634120223,0.050969977486973454,1.2,1.3,V,Double,Stable Non-Normal Distribution,Cyclic / Oscillatory
w1_x7_y0,2030,Clock_MHz,103.18457434229252,3.1306965476052335,18.784179285631403,3.0340741991335105,1.064725783111462,0.7256559420640547,98.96189668607113,107.39782368498408,-1.719353591576777,107.70205698402172,98.83377871915158,0.08594577553279956,90.0,110.0,MHz,Double,Stable Non-Normal Distribution,Step Shift / Discontinuity
w1_x7_y0,1060,Rst_V,3316.058326489274,102.78053840416086,616.6832304249651,3.099479209491924,0.9729468394762925,0.9208671794595675,3149.694622246133,3478.9730923282104,-0.636914164618732,3537.9536457092845,3105.1190495759774,0.1305268344274122,3000.0,3600.0,mV,Double,Normal Distribution,Stable / Random Noise
w1_x7_y0,1020,Standby_uA,7.029111402797309,1.1675753831924185,7.005452299154511,16.610568765886534,1.2847136224289488,0.8481646781211395,5.304944195507927,8.803934391567054,-1.1005076137693848,9.171991944363322,5.095226339303221,0.579983069188192,1.0,10.0,uA,Double,Normal Distribution,Thermal / Upward-Downward Drift
w1_x7_y0,1080,Temp_Sensor_C,34.95425346136651,3.0069883362038285,18.04193001722297,8.602639274008036,1.6627932805061187,1.6577221447030404,31.08253819098089,40.79779007761918,-0.04293529102505733,42.570262975534334,29.5618062247609,0.37215661793924854,20.0,50.0,C,Double,Stable Non-Normal Distribution,Stable / Random Noise
w1_x7_y0,1010,VCC_mA,15.202051473872102,0.8285263232957982,4.971157939774789,5.450095500069801,0.8046415037421268,0.7233520028572464,13.82885934575024,16.649926847244387,-0.38526347900109403,17.18442298350863,13.679983995301576,0.23052408382053977,13.0,17.0,mA,Double,Normal Distribution,Stable / Random Noise
w1_x7_y0,1040,VRef_Volts,1.2497492648299333,0.021567516948337726,0.12940510169002636,1.7257475203454227,0.7727670601390778,0.7688918625341598,1.2199352019737775,1.2793557944829599,-1.4590180514744315,1.2843665454603759,1.2190693169689322,0.052248263174877234,1.2,1.3,V,Double,Stable Non-Normal Distribution,Cyclic / Oscillatory
w1_x7_y1,2030,Clock_MHz,103.10281267216605,3.1091440478137238,18.654864286882344,3.0155763623052714,1.072106432533177,0.739451890055709,99.26080492839205,107.0653936436844,-1.7831771197919297,107.92226983276754,98.64025378715135,0.09002679757272994,90.0,110.0,MHz,Double,Stable Non-Normal Distribution,Step Shift / Discontinuity
w1_x7_y1,1060,Rst_V,3311.877008973146,95.6254203826957,573.7525222961742,2.887348175177089,1.0457470367167758,1.0043458802543554,3144.773084291032,3451.6147975345207,-0.8311531579347813,3476.031342312894,3114.0831406813413,0.10928793570863175,3000.0,3600.0,mV,Double,Normal Distribution,Stable / Random Noise
w1_x7_y1,1020,Standby_uA,7.0571033022593035,1.1881206893239082,7.1287241359434494,16.83581263354238,1.2624980050246954,0.8256447133091985,5.204121269137102,8.785412873355348,-1.1779150236900704,9.09736448754704,4.955921180521225,0.5868474825499506,1.0,10.0,uA,Double,Normal Distribution,Thermal / Upward-Downward Drift
w1_x7_y1,1080,Temp_Sensor_C,35.04256793027375,2.587451316071706,15.524707896430236,7.383737747816054,1.932403508016935,1.926919613497601,29.637089611554586,38.40818469571694,-0.10412135128715772,40.312261575143054,29.07469083491322,0.32068342601460853,20.0,50.0,C,Normal,Normal Distribution,Stable / Random Noise
w1_x7_y1,1010,VCC_mA,15.13611324545275,0.7255437333572193,4.353262400143316,4.793461317258511,0.9188511126433164,0.8563172091284406,13.922042071372232,16.32036868432497,-0.36645032734828753,16.850010896536777,13.718193009572445,0.2069103102082831,13.0,17.0,mA,Double,Normal Distribution,Stable / Random Noise
w1_x7_y1,1040,VRef_Volts,1.2498786333674834,0.021504175678788817,0.1290250540727329,1.7205011034432383,0.775043271391531,0.7731619835534621,1.2200670318318576,1.2788086305881585,-1.4784304814089368,1.281095104589715,1.218339009606587,0.05020975101722282,1.2,1.3,V,Double,Stable Non-Normal Distribution,Cyclic / Oscillatory
w1_x7_y2,2030,Clock_MHz,103.06759555870173,3.2932003880510767,19.75920232830646,3.1951850338600827,1.0121866089375773,0.7016886943221501,98.6550626752969,106.93678037540776,-1.7563946423685044,107.88770068679351,98.13329064175998,0.09464090039315935,90.0,110.0,MHz,Double,Stable Non-Normal Distribution,Step Shift / Discontinuity
w1_x7_y2,1060,Rst_V,3315.5969936952683,99.41667077108558,596.5000246265134,2.998454605916524,1.0058675192439062,0.9535724880574982,3168.153177309917,3465.584836795203,-1.1608551642543932,3474.6211347790727,3131.349142685672,0.10353248381698531,3000.0,3600.0,mV,Double,Stable Non-Normal Distribution,Stable / Random Noise
w1_x7_y2,1020,Standby_uA,7.031418970978851,1.199360075678471,7.196160454070826,17.057155612951718,1.2506669434960629,0.8250458137969506,5.178392263775125,8.873283052467206,-1.054424593946991,9.199439669083176,4.874124656467017,0.6151411301855659,1.0,10.0,uA,Double,Normal Distribution,Thermal / Upward-Downward Drift
w1_x7_y2,1080,Temp_Sensor_C,35.03390512093938,2.774137509930239,16.644825059581436,7.918436441366531,1.8023619889432712,1.7982880355291604,30.408316526814893,39.771007206389555,-0.5029433538841146,40.54301335150721,29.588945007935443,0.3126704917923821,20.0,50.0,C,Double,Normal Distribution,Stable / Random Noise
w1_x7_y2,1010,VCC_mA,15.29346852632475,0.7182227662567079,4.309336597540248,4.696271254754448,0.9282171186820691,0.7920158637175531,14.266220692359015,16.447037749232024,-0.3475247661904328,16.670373177883945,13.347446553715994,0.21727750107493116,13.0,17.0,mA,Double,Normal Distribution,Stable / Random Noise
w1_x7_y2,1040,VRef_Volts,1.2495665968677288,0.02167587424262257,0.1300552454557354,1.734671389020576,0.7689040119034285,0.762239103759931,1.2187331575019056,1.2790616456845423,-1.4268230693311046,1.2831868300608498,1.2169604644692602,0.05299946858182531,1.2,1.3,V,Double,Stable Non-Normal Distribution,Cyclic / Oscillatory
w1_x7_y3,2030,Clock_MHz,103.06557885345921,3.0292089085804688,18.175253451482813,2.9391082282548093,1.1003973096379747,0.763061837355016,99.1454814840711,106.6230769582219,-1.7861772378326686,107.0730695585981,98.79275040079963,0.08034029643952811,90.0,110.0,MHz,Double,Stable Non-Normal Distribution,Step Shift / Discontinuity
w1_x7_y3,1060,Rst_V,3279.8931688595953,98.61285996763195,591.6771598057917,3.0065875591283118,1.0140665226910908,0.9461009749014672,3134.854784485419,3428.507177872019,0.08191222317189784,3440.252081806275,2989.410484625227,0.13745618347008645,3000.0,3600.0,mV,Normal,Normal Distribution,Cyclic / Oscillatory
w1_x7_y3,1020,Standby_uA,7.038531146037395,1.2042628464025082,7.22557707841505,17.10957615184374,1.245575253343526,0.8197182928985406,5.323500358465713,8.864497101235484,-1.1074123196835226,9.08740703554477,4.7592048646140785,0.6149297461541269,1.0,10.0,uA,Double,Normal Distribution,Thermal / Upward-Downward Drift
w1_x7_y3,1080,Temp_Sensor_C,34.6874911640238,2.7280607369707,16.3683644218242,7.864681605454689,1.8328037687137833,1.7946192772248803,30.643279932966987,39.27936362774528,-0.22066513037729196,39.943976461050234,27.509168732757576,0.358481034834524,20.0,50.0,C,Double,Normal Distribution,Stable / Random Noise
w1_x7_y3,1010,VCC_mA,15.304983748609652,0.6991395274555682,4.194837164733409,4.568051419976712,0.9535531041892561,0.8081440040822512,14.278637282020663,16.472576447832278,-0.5610133868008726,16.7706078095852,13.742394359787317,0.1978579983838908,13.0,17.0,mA,Normal,Normal Distribution,Stable / Random Noise
w1_x7_y3,1040,VRef_Volts,1.2498812719476475,0.021659959330863156,0.12995975598517895,1.7329613473695125,0.7694689732366412,0.7676418221858805,1.2194956957140661,1.2802917749440634,-1.4617629352292687,1.2820691997867613,1.2185286016533419,0.050837307158308115,1.2,1.3,V,Double,Stable Non-Normal Distribution,Cyclic / Oscillatory
w1_x8_y0,2030,Clock_MHz,103.11841400665297,2.996641683613747,17.97985010168248,2.906019950443002,1.112356325936693,0.7654775712176911,99.13894441949616,106.72783250734393,-1.8099664785110325,106.83177044537825,98.92734566260695,0.07665386302645544,90.0,110.0,MHz,Double,Stable Non-Normal Distribution,Step Shift / Discontinuity
w1_x8_y0,1060,Rst_V,3286.754664367913,91.02990169960184,546.179410197611,2.769598311868772,1.0985401294840398,1.050038353749598,3141.310575805404,3423.7529887628416,-0.08428452920108809,3434.705568725711,3032.631585574489,0.1223316079870983,3000.0,3600.0,mV,Double,Normal Distribution,Stable / Random Noise
w1_x8_y0,1020,Standby_uA,7.1105537766415985,1.1395793887190908,6.837476332314544,16.026591240511344,1.3162751229521876,0.8451791517588476,5.475522963293042,8.87802987113712,-1.0219861502160332,9.49179789439265,5.260580378258684,0.5950616012544134,1.0,10.0,uA,Double,Normal Distribution,Thermal / Upward-Downward Drift
w1_x8_y0,1080,Temp_Sensor_C,35.15568557224925,2.813595206392457,16.881571238354745,8.003243744486717,1.777085768642218,1.7586413276537474,31.424970674908906,40.45706894063154,-0.12772914437062788,42.501329840670564,30.948234610046484,0.3286266514951345,20.0,50.0,C,Double,Normal Distribution,Stable / Random Noise
w1_x8_y0,1010,VCC_mA,15.23967857801881,0.7306162649767476,4.3836975898604855,4.7941710924964225,0.9124717018007857,0.803121741815778,14.12880843659237,16.224937141013918,-0.49660770405162546,16.98414564969156,13.83025171565102,0.20695278564402322,13.0,17.0,mA,Double,Normal Distribution,Stable / Random Noise
w1_x8_y0,1040,VRef_Volts,1.250243766689588,0.02156929460762386,0.12941576764574317,1.7252071301851257,0.7727033716149297,0.7689361847562881,1.2197325219940733,1.2798587376943737,-1.4735898929924602,1.2825711687095949,1.2186312486255417,0.05114196270168505,1.2,1.3,V,Double,Stable Non-Normal Distribution,Cyclic / Oscillatory
